result_id,run_id,gene_id,gene_symbol,base_mean,log2fc,pvalue,padj,significant,direction
1,1,ENSG00000211445.13,GPX3,2497.44066916998,3.75377797114289,9.80641188698867e-141,2.66538275088352e-137,1,Upregulated
2,1,ENSG00000120129.6,DUSP1,679.707450866514,2.98590472285652,4.40369804814175e-109,5.98462564742464e-106,1,Upregulated
3,1,ENSG00000198624.13,CCDC69,413.832617490654,2.81355051303806,7.06937979982282e-62,6.40485809863947e-59,1,Upregulated
4,1,ENSG00000196569.14,LAMA2,3367.76755192459,2.03115947508333,4.08458711854313e-60,2.77547694705006e-57,1,Upregulated
5,1,ENSG00000124766.7,SOX4,250.278500124419,-2.41116286997325,1.19408542934146e-48,6.49104839390018e-46,1,Downregulated
6,1,ENSG00000108821.14,COL1A1,19373.0629029254,-1.28575386631292,3.72856173102953e-41,1.68903846415638e-38,1,Downregulated
7,1,ENSG00000179094.16,PER1,147.305299406595,3.04329040225787,2.45264069880343e-40,9.52325345621102e-38,1,Upregulated
8,1,ENSG00000136478.9,TEX2,753.899370852385,1.52276391028348,2.90126165850889e-37,9.85703648478395e-35,1,Upregulated
9,1,ENSG00000134363.12,FST,587.163338520206,-1.76900962751023,5.76208362361355e-34,1.74014925433129e-31,1,Downregulated
10,1,ENSG00000146122.17,DAAM2,432.341157025848,1.6704548372026,7.70072649985783e-32,2.09305746266136e-29,1,Upregulated
11,1,ENSG00000112837.17,TBX18,562.667429724715,-1.78722257198538,8.63170378362453e-32,2.13281553489922e-29,1,Downregulated
12,1,ENSG00000164442.11,CITED2,1489.73183379984,1.46693733050295,9.20182215481798e-30,2.08421271806627e-27,1,Upregulated
13,1,ENSG00000096060.15,FKBP5,524.432587942587,3.84612669102413,8.09007833934411e-26,1.69144868664133e-23,1,Upregulated
14,1,ENSG00000124762.14,CDKN1A,1556.34489004939,-0.999015307628048,5.40800235310688e-24,1.04992502826747e-21,0,Not significant
15,1,ENSG00000277443.3,MARCKS,1075.5774857888,-1.16001002922142,1.15557824501672e-23,2.0939077799703e-21,1,Downregulated
16,1,ENSG00000118689.15,FOXO3,747.35640133032,1.25592137664779,7.30306285219781e-22,1.2406078020171e-19,1,Upregulated
17,1,ENSG00000164292.13,RHOBTB3,2999.02445863202,1.03377571917602,1.53916519738835e-21,2.4608535332362e-19,1,Upregulated
18,1,ENSG00000111859.17,NEDD9,360.345799247148,1.61124504765352,3.64058610074088e-21,5.44777191072456e-19,1,Upregulated
19,1,ENSG00000166482.12,MFAP4,5388.94025191552,-0.953197881936799,3.80822907666544e-21,5.44777191072456e-19,0,Not significant
20,1,ENSG00000170214.5,ADRA1B,42.6318904041336,3.79033521561625,9.0892397025587e-21,1.23522767557773e-18,1,Upregulated
21,1,ENSG00000196230.14,TUBB,1839.61187329123,-1.19026095040552,1.17964036114214e-20,1.52679166742111e-18,1,Downregulated
22,1,ENSG00000145675.16,PIK3R1,699.902555769033,1.50597794352253,3.5487667312945e-20,4.38433998893567e-18,1,Upregulated
23,1,ENSG00000169738.8,DCXR,124.901868225282,1.91787086276298,3.6597577351856e-19,4.3248789235802e-17,1,Upregulated
24,1,ENSG00000118523.6,CCN2,2238.41103943186,1.21638540103774,5.65759323661354e-19,6.40722434046483e-17,1,Upregulated
25,1,ENSG00000146250.7,PRSS35,64.5023494529516,-2.36736456288844,9.80072229507966e-19,1.06553452792106e-16,1,Downregulated
26,1,ENSG00000136436.15,CALCOCO2,649.761272306574,1.15887966589039,1.34117414357585e-18,1.40204281624584e-16,1,Upregulated
27,1,ENSG00000197043.15,ANXA6,2782.71446996089,0.903788964087441,1.47288225425864e-18,1.48270146928703e-16,0,Not significant
28,1,ENSG00000071242.12,RPS6KA2,2236.64685435098,0.872377396721365,2.32080922210145e-17,2.25284266631134e-15,0,Not significant
29,1,ENSG00000108604.18,SMARCD2,443.022972826918,1.22628767760226,2.87409115446097e-17,2.69371715787066e-15,1,Upregulated
30,1,ENSG00000145685.14,LHFPL2,402.789321858482,-1.09565931494279,3.23078372046741e-17,2.83266779104207e-15,1,Downregulated
31,1,ENSG00000220884.2,MESTP1,96.0003286356395,-1.83048899510318,3.22791117698487e-17,2.83266779104207e-15,1,Downregulated
32,1,ENSG00000009413.17,REV3L,1590.73901641734,1.0969210254514,1.69078767907549e-16,1.43611278491474e-14,1,Upregulated
33,1,ENSG00000170624.14,SGCD,428.372478569913,-1.10135724998898,2.09702324749721e-16,1.72718460202952e-14,1,Downregulated
34,1,ENSG00000113580.15,NR3C1,561.583929235117,-0.966868257685073,6.4613493765747e-16,5.16527870750884e-14,0,Not significant
35,1,ENSG00000145777.15,TSLP,36.1681482712774,-3.06271720610607,9.58686947415346e-16,7.44488892307117e-14,1,Downregulated
36,1,ENSG00000113389.16,NPR3,934.686833381607,0.892314709923566,1.31091634503618e-15,9.77663143650495e-14,0,Not significant
37,1,ENSG00000270978.1,ENSG00000270978,1262.45777919088,2.84397126276759,1.3308880174786e-15,9.77663143650495e-14,1,Upregulated
38,1,ENSG00000131016.17,AKAP12,8161.29318338983,-0.884057001333797,5.70538524109356e-15,4.08085186455061e-13,0,Not significant
39,1,ENSG00000154262.13,ABCA6,494.937934515848,0.97446992930093,8.53637988722884e-15,5.94920013679179e-13,0,Not significant
40,1,ENSG00000131446.17,MGAT1,1085.62504356696,0.814504424261656,1.38737315437032e-14,9.42720058394632e-13,0,Not significant
41,1,ENSG00000256235.3,SMIM3,226.950251174099,1.16508644616067,1.52645229668059e-14,1.01192618106777e-12,1,Upregulated
42,1,ENSG00000173918.15,C1QTNF1,197.38304682542,1.23403305440954,1.64567804923526e-14,1.06498879471939e-12,1,Upregulated
43,1,ENSG00000138829.14,FBN2,3187.16243605255,1.85026676695673,2.98187938860074e-14,1.88482515772484e-12,1,Upregulated
44,1,ENSG00000173221.14,GLRX,398.241446274768,0.980646178749682,4.74311676511819e-14,2.92995258354346e-12,0,Not significant
45,1,ENSG00000083290.20,ULK2,312.27395590465,1.1117617514427,9.61039396642456e-14,5.80467795572043e-12,1,Upregulated
46,1,ENSG00000167549.19,CORO6,387.315078671134,2.22075883769849,1.06718089309988e-13,6.30564710314236e-12,1,Upregulated
47,1,ENSG00000113719.17,ERGIC1,1355.30170460368,0.737903650128689,1.55786810845581e-13,9.00911812506998e-12,0,Not significant
48,1,ENSG00000108950.12,FAM20A,221.234795286368,1.14360950132097,1.61223363846115e-13,9.12927297778628e-12,1,Upregulated
49,1,ENSG00000161011.20,SQSTM1,2005.89519591083,-0.746073555688732,1.83419952525614e-13,1.01741924686657e-11,0,Not significant
50,1,ENSG00000247763.2,TUBAP14,1164.14465825673,-1.02723599090711,2.44036215730008e-13,1.32658086870832e-11,1,Downregulated
51,1,ENSG00000070540.13,WIPI1,776.141537641973,0.938145852733675,3.38139485022325e-13,1.80208454958957e-11,0,Not significant
52,1,ENSG00000152377.15,SPOCK1,1316.06072949661,0.883523720736744,8.46696570452573e-13,4.42561784325018e-11,0,Not significant
53,1,ENSG00000141298.19,SSH2,427.29994691191,1.16691204196132,9.0456987157008e-13,4.63890737910845e-11,1,Upregulated
54,1,ENSG00000113361.13,CDH6,456.942985640867,-1.10678324046775,1.65522398403153e-12,8.3312940529587e-11,1,Downregulated
55,1,ENSG00000168994.14,PXDC1,272.660500943548,1.19338185927897,3.38398039351161e-12,1.67230158355719e-10,1,Upregulated
56,1,ENSG00000135318.12,NT5E,862.706254421006,-0.819355762042952,4.99454355713065e-12,2.42413739076448e-10,0,Not significant
57,1,ENSG00000112936.21,C7,409.820009958278,2.94630082948679,5.20399534033348e-12,2.48148409386428e-10,1,Upregulated
58,1,ENSG00000157510.14,AFAP1L1,108.281175056269,1.54804097845785,2.72791858034638e-11,1.2574539908672e-09,1,Upregulated
59,1,ENSG00000112715.26,VEGFA,385.683174225743,-1.1947515115032,2.72957268069039e-11,1.2574539908672e-09,1,Downregulated
60,1,ENSG00000164330.18,EBF1,166.849963884902,1.05139585765401,9.0161793540893e-11,4.01737303023192e-09,1,Upregulated
61,1,ENSG00000179593.16,ALOX15B,14.6420514539295,8.34090276670636,8.90402989227344e-11,4.01737303023192e-09,1,Upregulated
62,1,ENSG00000132356.12,PRKAA1,484.045826507871,0.759577888758407,9.33894093673519e-11,4.09407120420101e-09,0,Not significant
63,1,ENSG00000185561.10,TLCD2,262.256772647063,0.911561255612019,9.9788145674257e-11,4.30514571337509e-09,0,Not significant
64,1,ENSG00000155324.10,GRAMD2B,117.755217338318,1.24009601999954,1.63735232148446e-10,6.9536306403043e-09,1,Upregulated
65,1,ENSG00000213763.4,ACTBP2,4875.12997377291,0.857758732468856,1.72496390685879e-10,7.21300292129569e-09,0,Not significant
66,1,ENSG00000079691.19,CARMIL1,308.317066114255,1.08060829280249,1.8011547719433e-10,7.41748283354833e-09,1,Upregulated
67,1,ENSG00000112773.16,TENT5A,104.873953382075,-1.21729290120275,2.40893850497816e-10,9.77238038288154e-09,1,Downregulated
68,1,ENSG00000250978.5,ENSG00000250978,12.5819165385765,8.09447440274288,3.27659268631953e-10,1.30967337079654e-08,1,Upregulated
69,1,ENSG00000087116.17,ADAMTS2,893.893768212976,0.691559717781481,3.95171438197807e-10,1.53439424145949e-08,0,Not significant
70,1,ENSG00000131459.13,GFPT2,208.045082579794,1.20505267142239,3.92307765360557e-10,1.53439424145949e-08,1,Upregulated
71,1,ENSG00000226549.3,SCDP1,71.585222371608,-1.75787415579365,4.28164100454956e-10,1.63908454230503e-08,1,Downregulated
72,1,ENSG00000112658.8,SRF,252.970562818112,0.908469798803668,5.79434511730513e-10,2.18736528178269e-08,0,Not significant
73,1,ENSG00000126861.5,OMG,61.6871197554026,-1.65885760637474,6.08866587670555e-10,2.26698545929941e-08,1,Downregulated
74,1,ENSG00000176928.7,GCNT4,92.9089168512837,1.65402745166169,8.87807431771667e-10,3.26089270210188e-08,1,Upregulated
75,1,ENSG00000164484.12,TMEM200A,163.84851372094,-1.08348803236785,1.23305432660852e-09,4.46858887962929e-08,1,Downregulated
76,1,ENSG00000264215.1,ENSG00000264215,46.4785932512526,-1.89178980734048,1.26946794265014e-09,4.54001824753037e-08,1,Downregulated
77,1,ENSG00000108830.11,RND2,39.2798662093283,-2.01161913172012,1.98261663205893e-09,6.99837922848855e-08,1,Downregulated
78,1,ENSG00000220267.1,ACTBP8,771.732902706969,0.869906292281391,2.58904781967808e-09,9.02183586395514e-08,0,Not significant
79,1,ENSG00000072210.19,ALDH3A2,193.835870257712,-1.06381241977031,4.42713692731127e-09,1.52315926182684e-07,1,Downregulated
80,1,ENSG00000185813.11,PCYT2,91.3086003448117,1.20230073092556,5.22106067125842e-09,1.77385536306005e-07,1,Upregulated
81,1,ENSG00000177469.13,CAVIN1,3853.6025905527,0.625776309552868,5.61793838180109e-09,1.88513043478215e-07,0,Not significant
82,1,ENSG00000186594.16,MIR22HG,271.962947269627,0.811998772469149,6.27094412261269e-09,2.07858855186113e-07,0,Not significant
83,1,ENSG00000174136.13,RGMB,184.057052318952,-0.916177300242386,7.60019795983068e-09,2.48883591021925e-07,0,Not significant
84,1,ENSG00000146373.17,RNF217,171.003018198326,0.943832366033542,8.2493343092271e-09,2.66924888719991e-07,0,Not significant
85,1,ENSG00000125398.8,SOX9,111.948207036368,-1.25471455957673,8.73211913934989e-09,2.79222350832388e-07,1,Downregulated
86,1,ENSG00000131771.14,PPP1R1B,19.1018985196706,-3.20711970517754,9.41417082282001e-09,2.97531584842149e-07,1,Downregulated
87,1,ENSG00000111885.7,MAN1A1,1145.82420129064,0.771250106093199,1.18587808476357e-08,3.70484670619238e-07,0,Not significant
88,1,ENSG00000108828.16,VAT1,2407.86036254974,-0.603970293082282,1.20239298580028e-08,3.71375469932405e-07,0,Not significant
89,1,ENSG00000137393.10,RNF144B,30.4954795598632,2.12802791765853,1.24628212777221e-08,3.80606159919648e-07,1,Upregulated
90,1,ENSG00000250895.1,TUBAP15,307.713641348194,-0.884584009856418,1.43829981192479e-08,4.34366543201287e-07,0,Not significant
91,1,ENSG00000229596.3,MYL12BP3,917.049015447701,0.628033053240062,1.61687275357557e-08,4.82929686177846e-07,0,Not significant
92,1,ENSG00000213149.3,CNN2P9,781.778386233507,0.70887226206183,1.99056820864852e-08,5.84175743957339e-07,0,Not significant
93,1,ENSG00000146411.6,SLC2A12,159.71665923906,-0.909104990214552,1.99883532700635e-08,5.84175743957339e-07,0,Not significant
94,1,ENSG00000168610.16,STAT3,1553.27001861196,0.567628548465731,2.30407908180701e-08,6.66222015356538e-07,0,Not significant
95,1,ENSG00000184009.13,ACTG1,14668.3064419258,0.632568231395052,2.74507373101658e-08,7.85380042200324e-07,0,Not significant
96,1,ENSG00000113657.13,DPYSL3,944.299780259486,-0.618406477895407,3.10061771203154e-08,8.7786238971893e-07,0,Not significant
97,1,ENSG00000248929.1,HIGD1AP3,115.619038673379,1.05726914244528,3.71913719527757e-08,1.04212524708912e-06,1,Upregulated
98,1,ENSG00000164171.11,ITGA2,162.463845695671,-0.909835650672697,4.10784641976378e-08,1.13929862948142e-06,0,Not significant
99,1,ENSG00000224012.3,ENSG00000224012,312.008309336634,0.813904347998898,7.79387558953048e-08,2.13977311639837e-06,0,Not significant
100,1,ENSG00000133026.14,MYH10,3134.56066182179,0.594675677906041,8.03771378692552e-08,2.18465060728636e-06,0,Not significant
101,1,ENSG00000166260.13,COX11,156.606302946715,0.977075055207358,1.13225725899555e-07,3.04700517816823e-06,0,Not significant
102,1,ENSG00000113456.20,RAD1,216.032166207266,0.763689766242949,1.15909860875628e-07,3.08865688097997e-06,0,Not significant
103,1,ENSG00000197594.14,ENPP1,140.653811052119,1.16469050665819,1.4713511369591e-07,3.88265280607266e-06,1,Upregulated
104,1,ENSG00000113140.11,SPARC,6199.96747569689,-0.504030627468757,1.54942279947937e-07,4.04935689325473e-06,0,Not significant
105,1,ENSG00000007237.19,GAS7,81.7708826949206,-1.36163811005128,1.82557617895371e-07,4.72563433752017e-06,1,Downregulated
106,1,ENSG00000197442.11,MAP3K5,307.62519405581,0.711269507369747,1.96392423612637e-07,5.03579818282215e-06,0,Not significant
107,1,ENSG00000214944.10,ARHGEF28,129.696021147879,0.950815226804196,2.05489634266813e-07,5.21982080315137e-06,0,Not significant
108,1,ENSG00000164294.14,GPX8,736.329657237816,-0.540968178040403,2.45102295488184e-07,6.16840776978597e-06,0,Not significant
109,1,ENSG00000168621.15,GDNF,39.6265344647475,1.5311314901952,2.61397127256222e-07,6.51814120993039e-06,1,Upregulated
110,1,ENSG00000164237.9,CMBL,128.370572746853,-0.897151102328302,3.33370705514067e-07,8.23728706897485e-06,0,Not significant
111,1,ENSG00000026950.17,BTN3A1,128.201489884915,-0.879026193146683,3.53707936978595e-07,8.66106461898939e-06,0,Not significant
112,1,ENSG00000272841.1,MAP3K4-AS1,23.8716274745668,-2.16764772314819,3.93077720639347e-07,9.53915397051558e-06,1,Downregulated
113,1,ENSG00000010017.13,RANBP9,399.615881428541,0.640650799679541,4.1899153330064e-07,1.00780441372667e-05,0,Not significant
114,1,ENSG00000108960.9,MMD,343.286881374268,1.42641998223067,5.44278190332154e-07,1.29767379063403e-05,1,Upregulated
115,1,ENSG00000168646.14,AXIN2,65.2866030405821,1.15698958804668,5.51276507667903e-07,1.30293004160118e-05,1,Upregulated
116,1,ENSG00000166484.20,MAPK7,193.503961186803,0.789330934814655,5.86762317111248e-07,1.3748448085417e-05,0,Not significant
117,1,ENSG00000113460.13,BRIX1,100.65992412657,0.960353073427795,6.31078560378866e-07,1.4538022418284e-05,0,Not significant
118,1,ENSG00000164291.17,ARSK,103.295072059773,0.926265635254214,6.31157706165385e-07,1.4538022418284e-05,0,Not significant
119,1,ENSG00000173838.12,MARCHF10,11.5017477880884,3.34710660063988,6.91829446024963e-07,1.58016170949231e-05,1,Upregulated
120,1,ENSG00000093144.19,ECHDC1,309.170232897788,0.664182118231001,8.18513244652854e-07,1.85393249913871e-05,0,Not significant
121,1,ENSG00000145901.16,TNIP1,511.120952117268,0.569915877207112,9.76387172886705e-07,2.1932399470298e-05,0,Not significant
122,1,ENSG00000034152.20,MAP2K3,223.396399261592,0.800159125447312,1.27559985139833e-06,2.84186917713169e-05,0,Not significant
123,1,ENSG00000183876.9,ARSI,35.3076537071479,-1.54733953982943,1.4272729181839e-06,3.15392503384052e-05,1,Downregulated
124,1,ENSG00000067113.17,PLPP1,261.345844920323,-0.795502345684782,1.63060461958306e-06,3.57418012582802e-05,0,Not significant
125,1,ENSG00000286676.1,ACTBP4,94.9927814636969,0.937936625451021,1.68635215382298e-06,3.66680412327269e-05,0,Not significant
126,1,ENSG00000145632.15,PLK2,109.351262298582,-0.878953690183347,1.76415133036137e-06,3.8055264412081e-05,0,Not significant
127,1,ENSG00000129250.12,KIF1C,1514.76482497813,0.463996254444397,2.41505402371634e-06,5.16859593422127e-05,0,Not significant
128,1,ENSG00000167291.16,TBC1D16,552.370621022747,0.537800312515755,2.44005887572165e-06,5.18131251891518e-05,0,Not significant
129,1,ENSG00000161381.14,PLXDC1,113.163492810083,-0.998206528329278,2.51627848807571e-06,5.30174025627114e-05,0,Not significant
130,1,ENSG00000145604.17,SKP2,140.506600253582,0.802239826691695,2.91916495349224e-06,6.10330026430146e-05,0,Not significant
131,1,ENSG00000083720.13,OXCT1,189.053986105733,0.682092317829132,3.15663100651355e-06,6.54940692801819e-05,0,Not significant
132,1,ENSG00000072310.18,SREBF1,293.319443938726,-0.683022733875765,3.20319103228149e-06,6.59566153465234e-05,0,Not significant
133,1,ENSG00000246763.7,RGMB-AS1,34.7513330899207,-1.49626156433411,3.32552198468481e-06,6.79606673261152e-05,1,Downregulated
134,1,ENSG00000069020.19,MAST4,171.384989038159,-0.727399059863063,3.35783167984289e-06,6.81088545209923e-05,0,Not significant
135,1,ENSG00000161513.12,FDXR,120.091940010539,-0.837942856035677,3.38490539382189e-06,6.81494285956141e-05,0,Not significant
136,1,ENSG00000161647.19,MPP3,32.8693891579603,1.42892819141319,3.6502222975921e-06,7.29507662121716e-05,1,Upregulated
137,1,ENSG00000184188.6,ENSG00000184188,312.021941586672,0.736399152448323,3.82208395820969e-06,7.5827913857036e-05,0,Not significant
138,1,ENSG00000112414.15,ADGRG6,160.519015968648,0.794453879365945,4.08515876522877e-06,8.0459866115158e-05,0,Not significant
139,1,ENSG00000131711.15,MAP1B,1313.27665776806,-0.473254256472142,4.36066690219869e-06,8.52682923753672e-05,0,Not significant
140,1,ENSG00000197860.10,SGTB,106.787338603888,0.828329070525591,4.7134985707451e-06,9.15092079663228e-05,0,Not significant
141,1,ENSG00000112576.13,CCND3,126.00411406687,0.812843854893802,4.85494151517978e-06,9.3586744952189e-05,0,Not significant
142,1,ENSG00000228118.3,MYL6P5,1257.75846238213,0.519958172528801,4.94270319987059e-06,9.46075161778047e-05,0,Not significant
143,1,ENSG00000170921.16,TANC2,425.301478361093,0.548059811729157,6.30386202641138e-06,0.00011981746145305,0,Not significant
144,1,ENSG00000108840.16,HDAC5,480.397996233183,0.561997082385399,6.39692528083479e-06,0.000120741964675757,0,Not significant
145,1,ENSG00000197879.17,MYO1C,1621.43234014781,0.484223149806804,8.03122863242905e-06,0.000150543996020291,0,Not significant
146,1,ENSG00000183688.4,RFLNB,221.150817898191,0.661261986523565,8.17376287217029e-06,0.000152166352647663,0,Not significant
147,1,ENSG00000108582.12,CPD,1566.10517108804,0.509051977713805,8.41746650619256e-06,0.000155637237849193,0,Not significant
148,1,ENSG00000176183.8,ENSG00000176183,166.486193489797,0.764433795318332,8.68530077989945e-06,0.000159504375133559,0,Not significant
149,1,ENSG00000154263.18,ABCA10,43.5224236193578,-1.18455914892981,9.56132370718847e-06,0.000174413945208982,1,Downregulated
150,1,ENSG00000174705.13,SH3PXD2B,778.979957732196,0.58154894963975,1.22200558440966e-05,0.00022142741189503,0,Not significant
151,1,ENSG00000137193.14,PIM1,136.269978490537,-0.765011173501703,1.23955263094877e-05,0.000221651582297286,0,Not significant
152,1,ENSG00000108797.12,CNTNAP1,335.258032653969,-0.558855635563396,1.23552785844235e-05,0.000221651582297286,0,Not significant
153,1,ENSG00000108861.9,DUSP3,412.904928351345,0.51559484427693,1.26234339283929e-05,0.000224251590963215,0,Not significant
154,1,ENSG00000111801.16,BTN3A3,136.02480280143,-0.73207584365049,1.3804536914414e-05,0.000243641112554399,0,Not significant
155,1,ENSG00000065320.9,NTN1,837.994961526275,0.471406035259537,1.40441940007218e-05,0.0002462717373804,0,Not significant
156,1,ENSG00000137273.6,FOXF2,442.781575470753,-0.575624155843101,1.52991875840326e-05,0.000266558922137184,0,Not significant
157,1,ENSG00000188176.12,SMTNL2,12.2495667141549,-2.68470426557824,1.58043575078393e-05,0.000272190761067694,1,Downregulated
158,1,ENSG00000270885.2,RASL10B,31.2626253577514,1.32057124633762,1.58227153232876e-05,0.000272190761067694,1,Upregulated
159,1,ENSG00000145506.14,NKD2,28.3815339664949,1.53757982591404,1.59649937149142e-05,0.00027291102463608,1,Upregulated
160,1,ENSG00000250722.6,SELENOP,1056.7098985644,0.434713208104971,1.72035374513639e-05,0.000292245092455045,0,Not significant
161,1,ENSG00000007866.22,TEAD3,313.823969842636,0.546196358605381,1.83139990329879e-05,0.000309176704171808,0,Not significant
162,1,ENSG00000184640.20,SEPTIN9,1585.07099365004,-0.409326827789937,1.87662859142099e-05,0.000314856574782855,0,Not significant
163,1,ENSG00000113083.15,LOX,2769.05080236884,0.402679825361053,1.99513355345367e-05,0.000332685460017612,0,Not significant
164,1,ENSG00000175471.20,MCTP1,33.9180328794833,1.38132228257146,2.23284840311551e-05,0.000370053778028534,1,Upregulated
165,1,ENSG00000134987.13,WDR36,222.91094001038,-0.61988291905277,2.59436970607213e-05,0.000427363446127517,0,Not significant
166,1,ENSG00000229349.2,ACTG1P9,119.50264472502,0.791225377530454,3.19335913266975e-05,0.00052286446521665,0,Not significant
167,1,ENSG00000169271.3,HSPB3,18.0708314694215,1.85043566025373,3.27772294585682e-05,0.000533464129750828,1,Upregulated
168,1,ENSG00000164574.16,GALNT10,615.698404352275,0.494152209936375,3.5884921802119e-05,0.000580566770584282,0,Not significant
169,1,ENSG00000146006.8,LRRTM2,8.92565577956307,-2.87606962732167,3.63659426604036e-05,0.000584867645863769,1,Downregulated
170,1,ENSG00000062716.13,VMP1,622.10245861299,0.478824810329154,3.66324987729775e-05,0.00058568900979384,0,Not significant
171,1,ENSG00000113441.16,LNPEP,277.343788796389,0.555590533625638,3.86792902072556e-05,0.000614797139083747,0,Not significant
172,1,ENSG00000113552.16,GNPDA1,323.726504324228,-0.534935897254062,4.07387248444156e-05,0.000643766593762335,0,Not significant
173,1,ENSG00000123213.23,NLN,111.1198572249,0.754269747835663,4.29412348581088e-05,0.00067077170312839,0,Not significant
174,1,ENSG00000203727.4,SAMD5,69.9725660317629,-0.941716799667818,4.27565933660045e-05,0.00067077170312839,0,Not significant
175,1,ENSG00000123643.14,SLC36A1,167.752598666219,0.644805788720263,4.43586551870514e-05,0.000688953284562319,0,Not significant
176,1,ENSG00000145623.13,OSMR,1319.22206565387,0.42278154243952,4.49063371455124e-05,0.000689578668709055,0,Not significant
177,1,ENSG00000112320.12,SOBP,63.3077209882275,-1.08097916594941,4.48370771066454e-05,0.000689578668709055,1,Downregulated
178,1,ENSG00000141522.12,ARHGDIA,535.046303304499,0.473224309191796,5.78865591630094e-05,0.000883908246095841,0,Not significant
179,1,ENSG00000012048.25,BRCA1,46.3181963402222,-1.07778975332854,6.07429649119894e-05,0.000922342897378699,1,Downregulated
180,1,ENSG00000225415.2,ACKR4P1,228.899281453153,-1.19852727432558,6.2405605604746e-05,0.000942324644631665,1,Downregulated
181,1,ENSG00000291237.1,SOD2,2965.48494426639,0.537507610439522,6.90856608975057e-05,0.00103742997966531,0,Not significant
182,1,ENSG00000119899.13,SLC17A5,312.818646436039,0.53272979498711,7.19221571466098e-05,0.00107409023694772,0,Not significant
183,1,ENSG00000130340.17,SNX9,906.741245618395,-0.423113566735651,7.49258640802799e-05,0.00110971847199822,0,Not significant
184,1,ENSG00000186340.17,THBS2,1914.78806600172,-0.484429623711431,7.51244293037793e-05,0.00110971847199822,0,Not significant
185,1,ENSG00000249363.1,TRPC6P2,11.4823411054173,2.16334839029583,7.64832250979085e-05,0.0011236832746817,1,Upregulated
186,1,ENSG00000132530.17,XAF1,43.9002985985772,-1.02172833714212,8.26701417148083e-05,0.0012080507805422,1,Downregulated
187,1,ENSG00000108468.15,CBX1,287.668567592835,-0.498388547314305,8.34180379533281e-05,0.00121246110779222,0,Not significant
188,1,ENSG00000118515.12,SGK1,554.721706604533,0.538643296393117,8.63798755931907e-05,0.00124883245671432,0,Not significant
189,1,ENSG00000125430.9,HS3ST3B1,60.432473053897,0.912130919324831,9.90104795875382e-05,0.00142386499216365,0,Not significant
190,1,ENSG00000057657.17,PRDM1,41.2591700222663,1.1334449563965,0.000100562242227939,0.00143856933881862,1,Upregulated
191,1,ENSG00000108829.10,LRRC59,361.349813074178,0.477056320395306,0.000108703686224358,0.00154689329401992,0,Not significant
192,1,ENSG00000113319.13,RASGRF2,85.756668389149,-0.740356211773695,0.000150119352945531,0.00212512709013517,0,Not significant
193,1,ENSG00000170899.11,GSTA4,87.8535248821283,-0.734887920730685,0.000155527351377988,0.00218017554717966,0,Not significant
194,1,ENSG00000118526.7,TCF21,1015.53313291004,0.40964120017332,0.000155612235523493,0.00218017554717966,0,Not significant
195,1,ENSG00000070193.5,FGF10,43.1894904085463,-1.00215505951839,0.000169066522526249,0.00235652722167356,1,Downregulated
196,1,ENSG00000145681.11,HAPLN1,208.667310878183,0.63711290490344,0.000179953529064591,0.00249547802039571,0,Not significant
197,1,ENSG00000248216.1,KCTD9P5,86.3098188648375,0.786185459288243,0.000187638381163131,0.00258883817259589,0,Not significant
198,1,ENSG00000145687.17,SSBP2,154.831613271385,-0.572758269010843,0.000206005837644422,0.00282789831675525,0,Not significant
199,1,ENSG00000039560.14,RAI14,1059.79039340146,0.429536219437751,0.000251924787381796,0.00342365786051861,0,Not significant
200,1,ENSG00000078269.15,SYNJ2,223.422679454597,-0.52862834900501,0.000251502157911301,0.00342365786051861,0,Not significant
201,1,ENSG00000137266.15,SLC22A23,30.1746629141901,-1.08314373603839,0.000261093810607517,0.00353061182702105,1,Downregulated
202,1,ENSG00000120708.17,TGFBI,2265.74624932168,-0.380432938689932,0.000266015334394486,0.00357935484596145,0,Not significant
203,1,ENSG00000113578.18,FGF1,36.0951608634669,1.08041056008838,0.000270321456748971,0.003601635879626,1,Upregulated
204,1,ENSG00000159842.16,ABR,831.721136767709,-0.36687593276102,0.000269722446965256,0.003601635879626,0,Not significant
205,1,ENSG00000172301.11,COPRS,158.284833295845,-0.54360128658773,0.000276857784035827,0.00367072905858232,0,Not significant
206,1,ENSG00000096384.20,HSP90AB1,2169.6176796585,-0.334642796290256,0.000293508314804332,0.00386429240786691,0,Not significant
207,1,ENSG00000002834.19,LASP1,1569.82614778509,0.36583993524711,0.000294300415168672,0.00386429240786691,0,Not significant
208,1,ENSG00000124496.13,TRERF1,95.1618446387997,-0.654110242111135,0.000296668950716588,0.00387666446176772,0,Not significant
209,1,ENSG00000272341.1,ENSG00000272341,13.0614949100852,-1.73843394797729,0.000300486949208519,0.00388915965689883,1,Downregulated
210,1,ENSG00000006025.13,OSBPL7,30.0398672877293,-1.18457322640588,0.000299304149295302,0.00388915965689883,1,Downregulated
211,1,ENSG00000245812.5,LINC02202,24.293383094553,1.18290252003288,0.000313498863816186,0.00403834081446632,1,Upregulated
212,1,ENSG00000108846.16,ABCC3,81.3404588705968,0.699730604407906,0.000338598417233969,0.00434108725491475,0,Not significant
213,1,ENSG00000124702.19,KLHDC3,203.273550176508,0.509725426718594,0.000347224199052171,0.00443077639917278,0,Not significant
214,1,ENSG00000112078.14,KCTD20,487.438673352012,0.428662814927745,0.000389009354813396,0.00494078236627481,0,Not significant
215,1,ENSG00000151914.22,DST,3271.50014403051,-0.340318729998899,0.000391748608824049,0.00495243125015704,0,Not significant
216,1,ENSG00000215057.4,PKMP5,1308.46267004867,-0.378271427746207,0.000403113035415517,0.00507250569564526,0,Not significant
217,1,ENSG00000108262.16,GIT1,240.029193756839,0.515565842588186,0.000408393422564334,0.00511526876741871,0,Not significant
218,1,ENSG00000176845.13,METRNL,201.113653506033,-0.502868920529213,0.000428381743914481,0.00534101642183283,0,Not significant
219,1,ENSG00000182575.8,NXPH3,57.2093849966681,0.816825686309716,0.000435636981346026,0.00540667267259589,0,Not significant
220,1,ENSG00000113721.14,PDGFRB,4125.87867073108,0.334847874490675,0.0004654570386844,0.00572448973368416,0,Not significant
221,1,ENSG00000272168.10,CASC15,24.0128903742303,-1.15252055470435,0.00046532611252123,0.00572448973368416,1,Downregulated
222,1,ENSG00000113739.11,STC2,3464.26628087147,0.904601481556975,0.000475829558062068,0.00582569702167884,0,Not significant
223,1,ENSG00000113645.15,WWC1,25.3770435851441,1.11265331881107,0.000492239888641893,0.0059995875216532,1,Upregulated
224,1,ENSG00000180891.13,CUEDC1,212.273878094161,0.478693749677933,0.000525537612636992,0.00637683585333635,0,Not significant
225,1,ENSG00000120254.16,MTHFD1L,279.472450604929,-0.525036123074667,0.000529589813325002,0.00639744494496603,0,Not significant
226,1,ENSG00000279118.1,ENSG00000279118,25.0236517682555,1.15266476797026,0.000535862642497392,0.00644457815180492,1,Upregulated
227,1,ENSG00000164506.16,STXBP5,375.949905853489,0.402034645082026,0.000541536713603943,0.00648412681751329,0,Not significant
228,1,ENSG00000137309.21,HMGA1,634.015512145884,-0.389573667894568,0.000569510651052052,0.0067891664454363,0,Not significant
229,1,ENSG00000168477.21,TNXB,1120.32996848849,-0.433071251126379,0.000593055588876143,0.00703897419460854,0,Not significant
230,1,ENSG00000164220.7,F2RL2,468.946245354808,-0.392697993836196,0.000603222067814954,0.00712851121878716,0,Not significant
231,1,ENSG00000189007.16,ADAT2,38.6604616144676,-0.875767307162589,0.000616378204107233,0.00725245003793706,0,Not significant
232,1,ENSG00000120149.9,MSX2,30.8803356418832,-1.03287891159559,0.000643353189336611,0.00753721538196944,1,Downregulated
233,1,ENSG00000126561.18,STAT5A,150.625266558491,0.527020248315638,0.000667032657988009,0.00778109340949102,0,Not significant
234,1,ENSG00000164530.15,PI16,22.9576559545305,-1.40508109767987,0.000675904825597955,0.00785089451271471,1,Downregulated
235,1,ENSG00000153113.24,CAST,1603.91635262778,0.328264232748873,0.000689876415902162,0.00797908126988117,0,Not significant
236,1,ENSG00000141574.8,SECTM1,124.766135590023,-0.568047877813334,0.000698060317432353,0.008039525181276,0,Not significant
237,1,ENSG00000286511.1,ENSG00000286511,6.29723424641906,2.64331611060416,0.000705849486330461,0.00809493208373921,1,Upregulated
238,1,ENSG00000171617.16,ENC1,159.392473593083,-1.15661761322197,0.000730029427640887,0.00833705875768038,1,Downregulated
239,1,ENSG00000182473.22,EXOC7,383.188964315365,-0.399043448873294,0.000742107607112875,0.00843953337294057,0,Not significant
240,1,ENSG00000196923.14,PDLIM7,693.294067331045,0.476231601224706,0.000756636590472649,0.00856890938710275,0,Not significant
241,1,ENSG00000065833.9,ME1,137.890059291922,-0.5386239988646,0.000775966439176936,0.00875135594059299,0,Not significant
242,1,ENSG00000183010.17,PYCR1,60.7719438271397,-0.746286100133274,0.000804781803838988,0.00903883034229078,0,Not significant
243,1,ENSG00000072682.20,P4HA2,758.143499553263,-0.338842381725577,0.000827631052179015,0.00925370820709139,0,Not significant
244,1,ENSG00000188112.10,C6orf132,73.9894376536921,0.639992043845584,0.000830722885404819,0.00925370820709139,0,Not significant
245,1,ENSG00000153721.19,CNKSR3,50.7906209107891,-0.74547077782578,0.000834958911326641,0.00926293192239106,0,Not significant
246,1,ENSG00000137265.16,IRF4,47.4558204642192,0.887794076424515,0.000854172057629898,0.00943755956356936,0,Not significant
247,1,ENSG00000213949.10,ITGA1,235.663383666959,0.493992002021765,0.000888486333359572,0.00969841708462376,0,Not significant
248,1,ENSG00000112851.16,ERBIN,538.630185836738,0.369218296424873,0.000886208587117548,0.00969841708462376,0,Not significant
249,1,ENSG00000171604.12,CXXC5,126.410589357927,-0.549162489430826,0.0008848989421829,0.00969841708462376,0,Not significant
250,1,ENSG00000038274.18,MAT2B,336.792725865847,0.430561651934751,0.000894924746234092,0.00972962184105705,0,Not significant
251,1,ENSG00000131242.18,RAB11FIP4,8.84680852063003,-1.78959345981698,0.000939568269421742,0.0101742890688777,1,Downregulated
252,1,ENSG00000168724.18,DNAJC21,289.75451017048,0.406636990347615,0.00102873281977484,0.0110956182704286,0,Not significant
253,1,ENSG00000178425.14,NT5DC1,101.46256090335,-0.563188651600676,0.00103854665755026,0.0111571929455399,0,Not significant
254,1,ENSG00000132589.16,FLOT2,399.045200522868,0.391219592364498,0.0010844240973631,0.0116041917190272,0,Not significant
255,1,ENSG00000135596.18,MICAL1,257.461442746154,0.424859484915381,0.00111063815938677,0.0118380961459342,0,Not significant
256,1,ENSG00000270504.1,ENSG00000270504,89.5082555390869,0.593904400729443,0.00116448125110967,0.0123635157832659,0,Not significant
257,1,ENSG00000181472.5,ZBTB2,117.613776277571,-0.547030987144923,0.00118031616475779,0.0124828767930415,0,Not significant
258,1,ENSG00000227602.1,ENSG00000227602,52.5557226643828,0.832161646948067,0.00120631493984338,0.012708387622071,0,Not significant
259,1,ENSG00000164402.14,SEPTIN8,402.39789787541,-0.375700534499823,0.00129448086212164,0.0135777441207726,0,Not significant
260,1,ENSG00000108551.5,RASD1,15.6175806885228,1.4914479078276,0.00129882762008863,0.0135777441207726,1,Upregulated
261,1,ENSG00000205765.10,RIMOC1,236.549266082354,0.415056738772721,0.0013978068605797,0.0145564714446575,0,Not significant
262,1,ENSG00000083097.15,DOP1A,84.9997282671466,-0.582498719025159,0.00140993310879329,0.0146267106477105,0,Not significant
263,1,ENSG00000153162.9,BMP6,31.5274167540385,0.948149080529224,0.00148639843021184,0.015303147474681,0,Not significant
264,1,ENSG00000124422.12,USP22,875.736735024137,-0.312579074355311,0.00148475870011179,0.015303147474681,0,Not significant
265,1,ENSG00000021355.13,SERPINB1,124.031305708022,0.511790844717538,0.00149785940281874,0.0153629504032503,0,Not significant
266,1,ENSG00000146278.11,PNRC1,431.680673448007,0.404854456147351,0.00151915248267674,0.0155227686011857,0,Not significant
267,1,ENSG00000146242.9,TPBG,327.477415570795,-0.392013769307556,0.0015761392834851,0.0160447437172753,0,Not significant
268,1,ENSG00000085377.15,PREP,125.783456094265,0.500244693024789,0.00158855033174234,0.0161107455286406,0,Not significant
269,1,ENSG00000196535.20,MYO18A,413.37028858532,-0.357032242352103,0.00160313204772838,0.0161981892406161,0,Not significant
270,1,ENSG00000112290.13,WASF1,127.746212746017,0.491388889065004,0.00161640669136502,0.0162718273597412,0,Not significant
271,1,ENSG00000141510.18,TP53,172.851669529683,-0.454404370165574,0.00166052140855429,0.0165434983617897,0,Not significant
272,1,ENSG00000166263.13,STXBP4,102.004854255369,0.650322155700246,0.00166165380896563,0.0165434983617897,0,Not significant
273,1,ENSG00000198909.8,MAP3K3,283.957547285192,0.463118046866893,0.00165720014952914,0.0165434983617897,0,Not significant
274,1,ENSG00000132361.18,CLUH,176.979117080121,0.44450668207227,0.00186055513919647,0.0184561637530511,0,Not significant
275,1,ENSG00000137343.18,ATAT1,32.2488411588335,-0.825776542414472,0.00189863102946854,0.0187653786839836,0,Not significant
276,1,ENSG00000164172.20,MOCS2,188.602250227688,-0.438498332134417,0.0019074517114239,0.0187842527233701,0,Not significant
277,1,ENSG00000154217.16,PITPNC1,33.9901521177138,0.785435349882906,0.0019850081602475,0.019477444691526,0,Not significant
278,1,ENSG00000204592.9,HLA-E,2046.36833955962,0.292329316383615,0.00205269166567158,0.0200691221125732,0,Not significant
279,1,ENSG00000261888.1,ENSG00000261888,68.9686142598079,-0.614162838402182,0.0021565489732123,0.0210089609648424,0,Not significant
280,1,ENSG00000164465.19,DCBLD1,133.378967875381,-0.481511576279319,0.00223420877058771,0.0216877837087764,0,Not significant
281,1,ENSG00000038427.16,VCAN,1840.30299207034,-0.319517502760708,0.00232400950581517,0.0223994958751973,0,Not significant
282,1,ENSG00000204314.12,PRRT1,21.8245335160609,-0.952574903879841,0.00232046798959937,0.0223994958751973,0,Not significant
283,1,ENSG00000235109.8,ZSCAN31,14.6509955992968,-1.20226008376934,0.00234766105088361,0.0225475008349881,1,Downregulated
284,1,ENSG00000233859.2,ADH5P4,1169.55135906673,0.310942261324114,0.00238011149303489,0.0227786726692565,0,Not significant
285,1,ENSG00000055163.21,CYFIP2,54.4167496359836,-0.67393561343284,0.00239171809974132,0.022809437877533,0,Not significant
286,1,ENSG00000232699.3,BDH2P1,187.240510098112,-0.436668683294298,0.00249308796058033,0.0236930527162844,0,Not significant
287,1,ENSG00000155511.19,GRIA1,572.551504250885,0.728268696551398,0.00255117014271075,0.0241605590518739,0,Not significant
288,1,ENSG00000213830.3,CFL1P5,423.804027479704,0.381608401625015,0.00256453621678434,0.0242028105459022,0,Not significant
289,1,ENSG00000168792.5,ABHD15,76.8877299745937,0.552058815132758,0.0026715739878478,0.0251257373666793,0,Not significant
290,1,ENSG00000236104.3,ZBTB22,78.6942110840748,-0.55216433725618,0.00273423457352613,0.0256263778304966,0,Not significant
291,1,ENSG00000263368.1,MSANTD3P1,82.8009540668331,-0.564421111045717,0.0027479603257228,0.0256665160320088,0,Not significant
292,1,ENSG00000172123.13,SLFN12,85.010838147752,0.535937082493556,0.00276174612017665,0.0257069382008223,0,Not significant
293,1,ENSG00000253785.1,ENSG00000253785,222.161997917371,-0.390867899899065,0.00278183010932643,0.0257747431332147,0,Not significant
294,1,ENSG00000172348.16,RCAN2,113.114228717745,-1.09758873777909,0.00278799649785325,0.0257747431332147,1,Downregulated
295,1,ENSG00000132357.14,CARD6,144.350632589445,0.447113251398861,0.00283808449670567,0.0259727732728822,0,Not significant
296,1,ENSG00000206503.14,HLA-A,1468.14693996065,-0.279293818563795,0.00282175695531834,0.0259727732728822,0,Not significant
297,1,ENSG00000087191.14,PSMC5,299.646565652497,0.36044278034693,0.00283525311044608,0.0259727732728822,0,Not significant
298,1,ENSG00000131507.11,NDFIP1,588.810173390964,0.341920384090298,0.00290964517257937,0.0265383073123179,0,Not significant
299,1,ENSG00000169750.9,RAC3,14.9887996418926,1.06858659488468,0.00302793882680691,0.0275248753553886,1,Upregulated
300,1,ENSG00000175745.15,NR2F1,753.044626614437,-0.304835042801133,0.00305064330725079,0.0276388283636922,0,Not significant
301,1,ENSG00000040731.10,CDH10,13.5830041123024,-1.20452654530975,0.00312676299492442,0.0282343582066598,1,Downregulated
302,1,ENSG00000176974.21,SHMT1,26.6222814920443,0.82129910731408,0.00314395037022272,0.0282955533320045,0,Not significant
303,1,ENSG00000064692.20,SNCAIP,10.7413548772139,-1.27066874280461,0.00343397226183195,0.0308037511803935,1,Downregulated
304,1,ENSG00000218976.2,IMPDH1P9,89.7923439571931,0.505341005583768,0.00358081974345692,0.0320153554694602,0,Not significant
305,1,ENSG00000012660.14,ELOVL5,479.548798346676,0.33567225274437,0.0035958828887448,0.0320446219396995,0,Not significant
306,1,ENSG00000174238.16,PITPNA,333.004138278617,0.340414414469046,0.00367421810298741,0.0326357019735941,0,Not significant
307,1,ENSG00000244694.8,PTCHD4,52.6436384172789,-0.658942504303698,0.00383435839572631,0.033858809855138,0,Not significant
308,1,ENSG00000152818.20,UTRN,845.382737041379,0.342427045758791,0.00383683349351821,0.033858809855138,0,Not significant
309,1,ENSG00000216835.3,RBMXP1,239.156179633999,-0.384803821627295,0.00389104213902618,0.0342260599801721,0,Not significant
310,1,ENSG00000160867.15,FGFR4,64.0780345109944,-0.577794008600083,0.00391695828865662,0.0343428794469958,0,Not significant
311,1,ENSG00000185262.9,UBALD2,80.4604721712184,0.570409530324183,0.00399289585914277,0.0348961123638265,0,Not significant
312,1,ENSG00000133401.16,PDZD2,19.1067911654671,0.947213968288564,0.00402824741089811,0.0350922322526316,0,Not significant
313,1,ENSG00000249014.2,HMGN2P4,81.1814564025743,-0.520914042053902,0.0040793102118423,0.0354235308491609,0,Not significant
314,1,ENSG00000161921.17,CXCL16,30.4343306206143,-0.735232647865321,0.00421379029942818,0.0364747835472796,0,Not significant
315,1,ENSG00000291006.1,ENSG00000291006,50.8774439340361,-0.642986961221112,0.00436421598173655,0.0376569493281268,0,Not significant
316,1,ENSG00000251340.1,MTCYBP35,843.654824018979,0.311764773402883,0.00438137926581061,0.0376854077356748,0,Not significant
317,1,ENSG00000155508.14,CNOT8,158.415466507745,0.453891607797818,0.00453386607594827,0.0386302444966376,0,Not significant
318,1,ENSG00000146247.15,PHIP,325.459784900472,-0.334682014818173,0.00451485894148314,0.0386302444966376,0,Not significant
319,1,ENSG00000170315.14,UBB,997.807172241839,-0.287958286858565,0.00452063572643043,0.0386302444966376,0,Not significant
320,1,ENSG00000161010.16,MRNIP,108.686399505803,-0.450721273468044,0.0046513917180614,0.0393859559363889,0,Not significant
321,1,ENSG00000044090.13,CUL7,191.386313493531,-0.400420025288932,0.00465154225738809,0.0393859559363889,0,Not significant
322,1,ENSG00000216904.2,SOCS5P5,90.3463634384024,-0.501078971395741,0.00468092729529666,0.0395116782255165,0,Not significant
323,1,ENSG00000164440.15,TXLNB,31.1875943330538,-0.746128710802161,0.00469777382970918,0.0395311122883887,0,Not significant
324,1,ENSG00000079950.14,STX7,273.473851891558,0.369926346517321,0.00483045998648133,0.0405221921088156,0,Not significant
325,1,ENSG00000141337.13,ARSG,112.68488719347,0.452218262566395,0.00487842948193339,0.0407986810212152,0,Not significant
326,1,ENSG00000085511.20,MAP3K4,160.280356226271,-0.399223814287902,0.00492161504770302,0.0410335880357571,0,Not significant
327,1,ENSG00000013375.17,PGM3,243.42889938289,-0.363111830374054,0.00512069212904293,0.0425628171459898,0,Not significant
328,1,ENSG00000279204.1,ENSG00000279204,11.033392195683,1.09485619776412,0.00521055176339386,0.0431776819905626,1,Upregulated
329,1,ENSG00000173757.11,STAT5B,314.388976521745,0.339528534531361,0.00532164188169959,0.043964202536351,0,Not significant
330,1,ENSG00000108946.17,PRKAR1A,1663.85593869591,0.260369893047956,0.00535891284639423,0.0441379548984834,0,Not significant
331,1,ENSG00000070495.15,JMJD6,60.9142273764607,0.551995211695102,0.00545898641523897,0.0448263597480952,0,Not significant
332,1,ENSG00000213328.3,ENSG00000213328,24.1866208097896,0.759006319062326,0.00555928452120743,0.0455124558091621,0,Not significant
333,1,ENSG00000214295.4,FOXO1B,6.10980584407632,1.36767120790046,0.00561915618661143,0.0458644640096392,1,Upregulated
334,1,ENSG00000164509.16,IL31RA,23.1617324969421,-0.818853405890102,0.00567287548271021,0.0461642980898393,0,Not significant
335,1,ENSG00000250332.1,PTPN11P4,233.146099653387,0.372316612626308,0.0057891872183854,0.0469701816703627,0,Not significant
336,1,ENSG00000124608.5,AARS2,81.8000722461972,-0.498360912160903,0.00590079808842411,0.0477332416795736,0,Not significant
337,1,ENSG00000184584.14,STING1,249.712116294571,0.379253054633623,0.00592309208551934,0.0477714073840996,0,Not significant
338,1,ENSG00000232290.1,ENSG00000232290,17.4754749099618,0.853625946018303,0.00614535250394264,0.0494111171285632,0,Not significant
339,1,ENSG00000133027.18,PEMT,34.7268397171306,0.644476840023845,0.0061627552268517,0.0494111171285632,0,Not significant
340,1,ENSG00000111897.7,SERINC1,2214.89708338666,0.246827681693361,0.00623808065579623,0.0498679506542769,0,Not significant
341,1,ENSG00000145907.16,G3BP1,584.034451870504,0.286969198975409,0.00626253925699791,0.0499166618783587,0,Not significant
342,1,ENSG00000135074.16,ADAM19,145.770984019151,0.460933189915702,0.0063258867212588,0.0502741523636884,0,Not significant
343,1,ENSG00000204304.12,PBX2,216.452311553461,-0.354645432563925,0.00639935377248823,0.0507097479697464,0,Not significant
344,1,ENSG00000108799.13,EZH1,276.493684181938,0.333779342086103,0.00645486027425764,0.0510009018181171,0,Not significant
345,1,ENSG00000074935.14,TUBE1,50.6216469068238,-0.550814866125521,0.00669452324133647,0.052741200492616,0,Not significant
346,1,ENSG00000170836.13,PPM1D,84.302578134309,-0.475449780337275,0.00688093956521987,0.054053161093259,0,Not significant
347,1,ENSG00000205302.7,SNX2,340.628000680598,-0.316362770212279,0.00704091140960588,0.055150424240083,0,Not significant
348,1,ENSG00000112902.12,SEMA5A,868.818569504909,-0.28285133007834,0.00708400579937937,0.055254930943859,0,Not significant
349,1,ENSG00000081087.16,OSTM1,250.901079153166,0.362374300240231,0.00709491203068682,0.055254930943859,0,Not significant
350,1,ENSG00000176390.12,CRLF3,47.3098618860477,0.572764216531837,0.00765146509452557,0.0594190917912015,0,Not significant
351,1,ENSG00000168938.6,PPIC,200.441133716002,-0.356471385158632,0.00775459428216032,0.0600399630520462,0,Not significant
352,1,ENSG00000112419.15,PHACTR2,340.402281459664,0.339061321782302,0.00777559492064763,0.0600399630520462,0,Not significant
353,1,ENSG00000248400.2,ST13P12,551.484154723517,-0.293090803738785,0.00789076325625104,0.0607566417294343,0,Not significant
354,1,ENSG00000132376.20,INPP5K,141.11723044788,0.392253750675721,0.00807461164899516,0.0619965945253357,0,Not significant
355,1,ENSG00000170584.11,NUDCD2,93.1468076650184,0.455016297510349,0.00817561831630216,0.0625952974188993,0,Not significant
356,1,ENSG00000186665.10,C17orf58,50.7493452159182,-0.552802875547955,0.00828551414536185,0.0632585040648694,0,Not significant
357,1,ENSG00000248873.1,SERBP1P6,301.486355008565,0.3304040568317,0.00831022075205858,0.0632694117761771,0,Not significant
358,1,ENSG00000161682.15,FAM171A2,53.1891062875809,-0.521622160464511,0.00838169634302185,0.0636353370400374,0,Not significant
359,1,ENSG00000141753.7,IGFBP4,14602.8871794665,-0.242018171580618,0.00846539370411602,0.0640917551191848,0,Not significant
360,1,ENSG00000226137.5,BAIAP2-DT,89.0313685007822,-0.441434036065569,0.00853641823345402,0.0644499576625778,0,Not significant
361,1,ENSG00000118507.19,AKAP7,22.0862224955564,0.703112050381612,0.00856694531763043,0.0645012669621039,0,Not significant
362,1,ENSG00000113368.12,LMNB1,12.297257428106,-0.858250849799748,0.00863877875155246,0.0647263832001902,0,Not significant
363,1,ENSG00000072134.16,EPN2,128.717984525294,0.416287838151827,0.00864447281150443,0.0647263832001902,0,Not significant
364,1,ENSG00000196743.9,GM2A,306.385066006867,0.322298231683773,0.00927789371123832,0.0692783382064444,0,Not significant
365,1,ENSG00000273997.1,ENSG00000273997,259.152432820363,-0.335082579112868,0.00972876643629356,0.0724459922571121,0,Not significant
366,1,ENSG00000137331.12,IER3,23.8233202242923,-0.682091630869802,0.00978862428061725,0.0726925704773708,0,Not significant
367,1,ENSG00000113448.21,PDE4D,77.4358623554118,0.501558213531233,0.00991025462034692,0.0731958479839754,0,Not significant
368,1,ENSG00000183775.11,KCTD16,15.7043249871038,-0.754022918439033,0.00990265618175739,0.0731958479839754,0,Not significant
369,1,ENSG00000155506.19,LARP1,824.41502692478,0.273339352619871,0.00995968643903753,0.0732095685171899,0,Not significant
370,1,ENSG00000111816.8,FRK,18.6347189411914,-0.71868827104524,0.00996598246922747,0.0732095685171899,0,Not significant
371,1,ENSG00000141198.16,TOM1L1,39.2016539702111,0.568559451571413,0.010012273031412,0.0733513695401021,0,Not significant
372,1,ENSG00000204371.12,EHMT2,200.153025554546,-0.357659431920704,0.0101518714367525,0.0737775041847415,0,Not significant
373,1,ENSG00000111799.22,COL12A1,8857.54965535716,-0.227006987051568,0.0101284759776014,0.0737775041847415,0,Not significant
374,1,ENSG00000198833.7,UBE2J1,280.006228263883,0.313578952294431,0.0101207199698726,0.0737775041847415,0,Not significant
375,1,ENSG00000113384.14,GOLPH3,577.944703380923,0.281550861165937,0.0102570028734933,0.0740308227335496,0,Not significant
376,1,ENSG00000129596.5,CDO1,18.7509104976392,0.743711742896523,0.010303470992945,0.0740308227335496,0,Not significant
377,1,ENSG00000112297.18,CRYBG1,70.4187226120135,0.481584753923576,0.0102461562922704,0.0740308227335496,0,Not significant
378,1,ENSG00000181481.14,RNF135,79.0630052752386,0.441045763486188,0.0103186424241016,0.0740308227335496,0,Not significant
379,1,ENSG00000167925.17,GHDC,82.0267184773851,0.435932192657176,0.0103229145754287,0.0740308227335496,0,Not significant
380,1,ENSG00000145779.8,TNFAIP8,276.156278646512,0.329885128664813,0.0104356434000556,0.0744464009484281,0,Not significant
381,1,ENSG00000276023.5,DUSP14,140.286968783682,0.379914742915932,0.0104234079160135,0.0744464009484281,0,Not significant
382,1,ENSG00000267681.1,ENSG00000267681,52.4021949950953,-0.536992782444643,0.0104994806319146,0.0747057286846697,0,Not significant
383,1,ENSG00000120738.8,EGR1,128.485388180738,-0.657206035392655,0.0106244667361824,0.0753976516682605,0,Not significant
384,1,ENSG00000119900.9,OGFRL1,161.680933484934,0.369233835479287,0.0106882384728259,0.0756526879404705,0,Not significant
385,1,ENSG00000161544.10,CYGB,239.940404399053,-0.321583537790438,0.0107394189986239,0.0758175086708044,0,Not significant
386,1,ENSG00000145911.6,N4BP3,14.8264501041936,-0.749612153774024,0.0108928483946589,0.0767014557945154,0,Not significant
387,1,ENSG00000150753.12,CCT5,351.266719902462,0.29201953902326,0.0110988155208897,0.0777717221605756,0,Not significant
388,1,ENSG00000187987.10,ZSCAN23,10.552068293924,-0.796883274255416,0.0111020707131359,0.0777717221605756,0,Not significant
389,1,ENSG00000135540.12,NHSL1,122.429221302103,0.390286387303637,0.0111672018058286,0.0780268753425246,0,Not significant
390,1,ENSG00000043143.22,JADE2,313.375470099818,0.297930690043153,0.0112385603927618,0.0783241208910936,0,Not significant
391,1,ENSG00000181904.9,C5orf24,273.23479303296,0.308590667342098,0.0114327190624878,0.0794734793141738,0,Not significant
392,1,ENSG00000113163.19,CERT1,348.485872086188,0.302565889431809,0.0115067223027746,0.0797838551503605,0,Not significant
393,1,ENSG00000275066.5,SYNRG,194.704039861179,-0.340871911396125,0.011640085099566,0.080503183971044,0,Not significant
394,1,ENSG00000112218.9,GPR63,11.9489693128927,0.735607547608557,0.0119138002951244,0.0821870791932694,0,Not significant
395,1,ENSG00000124615.20,MOCS1,98.6058021142575,0.406015679233983,0.0122169434169208,0.0839968764175524,0,Not significant
396,1,ENSG00000172156.4,CCL11,100.252086002659,-0.614944260005136,0.0122379555045441,0.0839968764175524,0,Not significant
397,1,ENSG00000280187.2,ENSG00000280187,7.39531685110704,-0.581344078081269,0.0123561871055077,0.084338148999346,0,Not significant
398,1,ENSG00000251204.1,ENSG00000251204,65.6024143279725,-0.451762965106331,0.0124022567563213,0.084338148999346,0,Not significant
399,1,ENSG00000151917.18,BEND6,61.6622099896242,-0.461766217437859,0.0124117952905586,0.084338148999346,0,Not significant
400,1,ENSG00000112319.21,EYA4,142.199549457878,-0.396183098153681,0.0123600532693934,0.084338148999346,0,Not significant
401,1,ENSG00000108518.8,PFN1,1086.87869323763,0.268484065421042,0.0125953136536641,0.0853717269592494,0,Not significant
402,1,ENSG00000006283.18,CACNA1G,13.5593330585558,-0.722223668542443,0.0129384773856556,0.0872624851965553,0,Not significant
403,1,ENSG00000141576.16,RNF157,22.6302724826288,0.630745852071821,0.0129256929616266,0.0872624851965553,0,Not significant
404,1,ENSG00000155850.9,SLC26A2,142.569160911848,0.373683115943691,0.0130236695704018,0.0874032935613635,0,Not significant
405,1,ENSG00000072571.20,HMMR,7.07004507351925,0.385163037558099,0.0130114659339359,0.0874032935613635,0,Not significant
406,1,ENSG00000111912.20,NCOA7,275.839182240655,0.393445186349442,0.0132612641035242,0.0887786104270413,0,Not significant
407,1,ENSG00000218868.1,CNN3P1,93.3010037852706,0.417082004553085,0.0134106736219521,0.08955825775053,0,Not significant
408,1,ENSG00000131467.12,PSME3,343.946254527576,0.283763368733189,0.0134529414991173,0.08962033086912,0,Not significant
409,1,ENSG00000134986.14,NREP,29.1354271234236,-0.580292020326691,0.0136697175591876,0.0907004727438784,0,Not significant
410,1,ENSG00000079819.20,EPB41L2,1460.71815456086,-0.254631709991983,0.0136818225993341,0.0907004727438784,0,Not significant
411,1,ENSG00000113732.9,ATP6V0E1,716.851506997184,0.252648123591453,0.0138500802604872,0.0912126660369195,0,Not significant
412,1,ENSG00000220734.1,ENSG00000220734,68.4710035974221,0.442266667892751,0.0138933199923785,0.0912126660369195,0,Not significant
413,1,ENSG00000001167.15,NFYA,87.3844605301868,-0.411201987897402,0.0138905160642763,0.0912126660369195,0,Not significant
414,1,ENSG00000027697.16,IFNGR1,294.894622610121,0.305397865238521,0.0137981248651652,0.0912126660369195,0,Not significant
415,1,ENSG00000146143.19,PRIM2,75.5445269893978,-0.425264073806832,0.0140355229099011,0.091924219925569,0,Not significant
416,1,ENSG00000220412.1,PTPN11P3,211.813547122207,0.316133117021066,0.014252676331864,0.0929011797741216,0,Not significant
417,1,ENSG00000184465.16,WDR27,73.3462922414228,-0.427587859421057,0.0142530507600473,0.0929011797741216,0,Not significant
418,1,ENSG00000186952.15,TMEM232,11.3176853900677,-0.678461044911923,0.0143646952090108,0.0932477969996619,0,Not significant
419,1,ENSG00000227685.1,LINC02088,9.18183437434864,0.680155191819348,0.0143748443498375,0.0932477969996619,0,Not significant
420,1,ENSG00000007944.15,MYLIP,63.3464005903141,-0.443352505925864,0.0144408589925446,0.093452987480324,0,Not significant
421,1,ENSG00000051620.11,HEBP2,234.603416003566,0.31008620340623,0.0145333252065211,0.0938279760364002,0,Not significant
422,1,ENSG00000153989.8,NUS1,221.059535839112,0.320535398269633,0.0146775472171676,0.0945345339721839,0,Not significant
423,1,ENSG00000131899.12,LLGL1,241.43355184131,-0.308486009165609,0.0148069216025046,0.0951423473182208,0,Not significant
424,1,ENSG00000244921.2,MTCYBP18,4587.81613304049,0.223866404404847,0.0151957556279491,0.0974105278225603,0,Not significant
425,1,ENSG00000134056.12,MRPS36,55.981157771216,0.45337505594221,0.0154275088325456,0.0986634564867272,0,Not significant
426,1,ENSG00000004975.12,DVL2,196.042743861796,-0.321028315429972,0.0158414554107932,0.101072947902666,0,Not significant
427,1,ENSG00000215878.3,MARCKSL1P2,14.5568758862228,-0.639180413699087,0.0158950181594286,0.101177188190461,0,Not significant
428,1,ENSG00000177453.7,NIM1K,13.3506627236925,-0.582471211703229,0.0160160494262041,0.101709397991642,0,Not significant
429,1,ENSG00000145861.9,C1QTNF2,14.4665943206152,-0.63215670299056,0.0161197384109375,0.102129251750415,0,Not significant
430,1,ENSG00000112149.10,CD83,19.9381576348793,-0.599852396919051,0.0162520612445135,0.102728145261832,0,Not significant
431,1,ENSG00000112276.14,BVES,89.7371078526373,0.38895938467547,0.0164388292019142,0.10342763372871,0,Not significant
432,1,ENSG00000279059.1,ENSG00000279059,18.5693414902668,0.603761103441817,0.0164013402343055,0.10342763372871,0,Not significant
433,1,ENSG00000167193.8,CRK,456.828767510688,0.258090686145579,0.0165258317932114,0.103734897953692,0,Not significant
434,1,ENSG00000112062.12,MAPK14,256.724130376807,0.290456111105777,0.0166266750487169,0.104127425765928,0,Not significant
435,1,ENSG00000125347.15,IRF1,73.669770715528,-0.421675413660931,0.0167822930512026,0.104619891085249,0,Not significant
436,1,ENSG00000266074.11,BAHCC1,117.817420870643,-0.360179443161006,0.0167594809218411,0.104619891085249,0,Not significant
437,1,ENSG00000141127.15,PRPSAP2,36.4329870208703,-0.507029626805505,0.0168290420781204,0.104671250270781,0,Not significant
438,1,ENSG00000146063.20,TRIM41,171.560195689928,0.326576080246641,0.0174828322876811,0.108489356524925,0,Not significant
439,1,ENSG00000006062.18,MAP3K14,39.282405861724,-0.51563905731614,0.0176227619264362,0.109108580674382,0,Not significant
440,1,ENSG00000197062.12,ZSCAN26,68.7613016284159,-0.419420998331843,0.0176679557026861,0.109139780908866,0,Not significant
441,1,ENSG00000247796.3,MOCS2-DT,16.1120317843706,-0.598787313692471,0.0178307446503555,0.109895609885865,0,Not significant
442,1,ENSG00000109099.16,PMP22,1388.35544744661,-0.237531296158271,0.0178775377014123,0.109934722788323,0,Not significant
443,1,ENSG00000286215.1,ENSG00000286215,101.962331368203,-0.374797282810923,0.0180311808761918,0.110629231651218,0,Not significant
444,1,ENSG00000161013.17,MGAT4B,1194.4666962025,0.222457675350008,0.0181817772751236,0.111301960886905,0,Not significant
445,1,ENSG00000131508.17,UBE2D2,250.684512220195,0.316289061980481,0.0184941472556497,0.11295975784462,0,Not significant
446,1,ENSG00000082641.16,NFE2L1,2174.72975735841,0.21505871432455,0.0185519629383724,0.11305882346748,0,Not significant
447,1,ENSG00000237187.9,NR2F1-AS1,122.478061658954,-0.356303689976563,0.0186015143526889,0.113107194654605,0,Not significant
448,1,ENSG00000204576.12,PRR3,41.3189403580423,-0.477423417193965,0.0186722890694355,0.113284110916798,0,Not significant
449,1,ENSG00000198818.10,SFT2D1,86.6388184174246,0.385220333605755,0.0188133647640359,0.113885802736413,0,Not significant
450,1,ENSG00000196591.12,HDAC2,265.015830925874,-0.292950123899074,0.0188699033527103,0.11397421625037,0,Not significant
451,1,ENSG00000219294.6,PIP5K1P1,117.100753341002,0.358085110653089,0.0189794849144262,0.114381906867872,0,Not significant
452,1,ENSG00000169045.19,HNRNPH1,789.853714226311,0.231574253462943,0.0190298055138235,0.114431441120735,0,Not significant
453,1,ENSG00000214027.3,ARPC3P5,314.872883434858,0.272697143503291,0.0192184240391549,0.114881816684589,0,Not significant
454,1,ENSG00000290555.1,LINC00680,25.8518861422218,-0.531744790319093,0.019207872022296,0.114881816684589,0,Not significant
455,1,ENSG00000220505.2,EIF4EBP2P3,39.1235944734213,0.481806686827297,0.0192315035288771,0.114881816684589,0,Not significant
456,1,ENSG00000141699.11,RETREG3,211.076433413504,0.303660154504735,0.0194332417084735,0.115832348604454,0,Not significant
457,1,ENSG00000176170.14,SPHK1,36.6434868731436,0.516191806142995,0.019532070056802,0.116166666114634,0,Not significant
458,1,ENSG00000121104.8,FAM117A,31.602168485266,-0.507965048751099,0.0196551500655661,0.116643445148927,0,Not significant
459,1,ENSG00000146416.19,AIG1,135.990297834103,-0.339973695475512,0.020569597381732,0.121804282534962,0,Not significant
460,1,ENSG00000146376.11,ARHGAP18,93.3198034878986,0.375700392960755,0.0206697152481397,0.121866130248251,0,Not significant
461,1,ENSG00000291214.1,ENSG00000291214,55.9780350617911,-0.424887451935214,0.0206409911205432,0.121866130248251,0,Not significant
462,1,ENSG00000291117.1,ENSG00000291117,43.5801967551894,0.458272315049815,0.0208726936170652,0.122796496214682,0,Not significant
463,1,ENSG00000112679.15,DUSP22,145.875362530008,0.332876835828454,0.0210362464011608,0.12349139895973,0,Not significant
464,1,ENSG00000064652.11,SNX24,54.5467310286321,0.425916827049311,0.0211073155679565,0.123641559727814,0,Not significant
465,1,ENSG00000133835.18,HSD17B4,530.978731775156,0.251171588079365,0.021388381826588,0.125018541515411,0,Not significant
466,1,ENSG00000168405.18,CMAHP,28.3767739279033,0.507878898794716,0.0215035943644208,0.12542225210836,0,Not significant
467,1,ENSG00000204560.10,DHX16,154.207812173738,0.330153073187117,0.0216645118307486,0.126090242304014,0,Not significant
468,1,ENSG00000108256.9,NUFIP2,493.725269885511,0.250004915635933,0.0221893252466814,0.128868773548034,0,Not significant
469,1,ENSG00000238000.1,PSME2P1,117.388713506138,-0.344547480866943,0.0225682665121577,0.130547273507433,0,Not significant
470,1,ENSG00000124788.19,ATXN1,278.675049901948,-0.293802229200957,0.0226857918003601,0.130547273507433,0,Not significant
471,1,ENSG00000289047.2,ENSG00000289047,59.6876368875221,-0.419489689788199,0.0226741002208409,0.130547273507433,0,Not significant
472,1,ENSG00000118503.18,TNFAIP3,73.5352544077746,0.395455080005204,0.0227927390812001,0.130547273507433,0,Not significant
473,1,ENSG00000164694.17,FNDC1,68.9800678658059,-0.409252698326594,0.0228145529492387,0.130547273507433,0,Not significant
474,1,ENSG00000005884.18,ITGA3,240.830806501622,0.318414372566244,0.0227173922076257,0.130547273507433,0,Not significant
475,1,ENSG00000228218.1,ATF4P3,999.236859705589,-0.221233623721775,0.0228072008637067,0.130547273507433,0,Not significant
476,1,ENSG00000108592.17,FTSJ3,256.209674967116,0.286376476650002,0.0230956919646169,0.131878341932413,0,Not significant
477,1,ENSG00000118418.16,HMGN3,111.250577398209,-0.348193578540788,0.0233108737929925,0.132720937157029,0,Not significant
478,1,ENSG00000004660.15,CAMKK1,15.4745251333403,-0.531895343075909,0.0233409153646283,0.132720937157029,0,Not significant
479,1,ENSG00000070366.14,SMG6,180.091611000699,-0.30897998475149,0.023587993066043,0.133567010736469,0,Not significant
480,1,ENSG00000132535.22,DLG4,97.4126239492717,-0.358017565842123,0.0235803322681875,0.133567010736469,0,Not significant
481,1,ENSG00000182446.15,NPLOC4,391.321695927277,0.25415566306727,0.0236444131188354,0.133608138995831,0,Not significant
482,1,ENSG00000204386.12,NEU1,193.594888822725,-0.296675716812475,0.0238645914722972,0.134531855156921,0,Not significant
483,1,ENSG00000146433.10,TMEM181,321.179581557655,0.264398289878638,0.023906874923029,0.134531855156921,0,Not significant
484,1,ENSG00000156508.19,EEF1A1,48813.5327536338,-0.198689184306419,0.0240020425732054,0.134788329987546,0,Not significant
485,1,ENSG00000113369.9,ARRDC3,206.733580852648,-0.33527468873585,0.0242199344292337,0.135731508821974,0,Not significant
486,1,ENSG00000113013.16,HSPA9,637.795943305764,-0.238968445134436,0.0243457520333862,0.136155872483011,0,Not significant
487,1,ENSG00000131504.18,DIAPH1,341.34019264237,0.263152415902503,0.0252946991078511,0.14081230525573,0,Not significant
488,1,ENSG00000112294.14,ALDH5A1,103.053087780159,-0.342033963291008,0.0253337811883928,0.14081230525573,0,Not significant
489,1,ENSG00000170734.12,POLH,236.984199520715,-0.280947048086488,0.0252635114881921,0.14081230525573,0,Not significant
490,1,ENSG00000121068.14,TBX2,591.972896246176,0.230682058551794,0.0256838820597869,0.142466921303063,0,Not significant
491,1,ENSG00000055211.14,GINM1,449.99235198786,0.253907515594078,0.0261957297403354,0.145010169927152,0,Not significant
492,1,ENSG00000146281.6,PM20D2,96.9556694801574,0.353032741029999,0.0264071030064867,0.145883142218762,0,Not significant
493,1,ENSG00000152495.11,CAMK4,16.1670368053756,-0.492543719357652,0.02675539992819,0.147507458427627,0,Not significant
494,1,ENSG00000183580.10,FBXL7,131.814918745269,0.363286629557348,0.0272150306296872,0.14918056571865,0,Not significant
495,1,ENSG00000164576.12,SAP30L,342.310095553398,0.2719207057048,0.0272235322282745,0.14918056571865,0,Not significant
496,1,ENSG00000112139.17,MDGA1,207.092801662711,-0.313108481842414,0.0272033616749732,0.14918056571865,0,Not significant
497,1,ENSG00000011028.14,MRC2,3015.51802177107,-0.19803924125806,0.0274758355443246,0.150260203238379,0,Not significant
498,1,ENSG00000120705.13,ETF1,589.819638966934,0.226511906333148,0.0275708545055146,0.150359323164129,0,Not significant
499,1,ENSG00000070614.15,NDST1,1573.0520020666,0.249520634575927,0.0276283023245617,0.150359323164129,0,Not significant
500,1,ENSG00000182952.5,HMGN4,231.615812494589,0.284783167995899,0.0276599196402003,0.150359323164129,0,Not significant
501,1,ENSG00000266282.1,UBL5P2,199.292243945119,0.283093586200577,0.0281338788649145,0.152023623767073,0,Not significant
502,1,ENSG00000011258.16,MBTD1,76.2147311042282,-0.36579163108598,0.0280668260385396,0.152023623767073,0,Not significant
503,1,ENSG00000274370.1,ENSG00000274370,15.4902388516097,-0.473531987599505,0.0281123134456039,0.152023623767073,0,Not significant
504,1,ENSG00000255883.1,FUNDC2P1,99.4776060027909,0.346621682118382,0.0284410518894784,0.153378529832544,0,Not significant
505,1,ENSG00000172594.13,SMPDL3A,449.066245675505,0.248426392247012,0.0285548182451033,0.153687120772655,0,Not significant
506,1,ENSG00000219951.4,ENSG00000219951,964.903406572747,-0.231998717708166,0.0287745080948374,0.154563464430372,0,Not significant
507,1,ENSG00000220517.2,ASS1P1,73.4942471846543,-0.371205038092881,0.0291069248791871,0.1560406742044,0,Not significant
508,1,ENSG00000188451.8,SRP72P2,236.093470529352,-0.269260155193134,0.0297151015796075,0.15898749230979,0,Not significant
509,1,ENSG00000234745.14,HLA-B,870.873891961936,-0.221876907866978,0.029857575314125,0.15912331314469,0,Not significant
510,1,ENSG00000167863.12,ATP5PD,313.509338461187,0.254635022259574,0.0298069466313945,0.15912331314469,0,Not significant
511,1,ENSG00000113407.14,TARS1,284.502588949856,-0.261976658542054,0.0301573034657307,0.159377402496727,0,Not significant
512,1,ENSG00000251348.1,HSPD1P11,11.9365022915259,0.385372761425585,0.0301984408704247,0.159377402496727,0,Not significant
513,1,ENSG00000079841.20,RIMS1,8.4380786966178,0.324704391332655,0.0301012126841625,0.159377402496727,0,Not significant
514,1,ENSG00000108557.20,RAI1,140.688515395777,-0.309174927964967,0.0301583940966135,0.159377402496727,0,Not significant
515,1,ENSG00000188013.6,MEIS3P2,44.3522479669796,0.410910197329446,0.03002760771226,0.159377402496727,0,Not significant
516,1,ENSG00000108691.10,CCL2,189.293313461857,-0.34801442123086,0.030280439856935,0.159500456455716,0,Not significant
517,1,ENSG00000120278.17,PLEKHG1,101.094499492282,-0.337441512646029,0.0306302404967979,0.161030935532489,0,Not significant
518,1,ENSG00000001036.14,FUCA2,339.148083008651,-0.244751376175998,0.0308897821515539,0.162081907119544,0,Not significant
519,1,ENSG00000175416.16,CLTB,170.978662651124,0.289877083569044,0.0314269170860258,0.164184084903629,0,Not significant
520,1,ENSG00000146409.12,SLC18B1,35.184826831589,-0.432040794245139,0.0314205571305587,0.164184084903629,0,Not significant
521,1,ENSG00000033627.18,ATP6V0A1,193.969684527118,0.289518068918846,0.0314716365838083,0.164184084903629,0,Not significant
522,1,ENSG00000248610.1,HSPA8P4,644.429405424839,-0.21929102732645,0.0316327579547601,0.164708498316164,0,Not significant
523,1,ENSG00000079931.15,MOXD1,1162.68229460816,-0.242150838040845,0.0318331631065141,0.165435061804026,0,Not significant
524,1,ENSG00000108424.11,KPNB1,1040.97013248548,0.202938004675574,0.0320238571967572,0.166108480650355,0,Not significant
525,1,ENSG00000156711.17,MAPK13,57.6954463674551,0.382598994513967,0.0322260685769024,0.166838960746706,0,Not significant
526,1,ENSG00000137312.15,FLOT1,665.016740798961,0.217717496717372,0.0322933677459247,0.166855674583053,0,Not significant
527,1,ENSG00000108639.8,SYNGR2,72.7642961281037,0.364766116941913,0.032352075241085,0.166855674583053,0,Not significant
528,1,ENSG00000113328.20,CCNG1,1048.01192831238,-0.233462977111804,0.032459987048328,0.167095160601052,0,Not significant
529,1,ENSG00000123505.19,AMD1,114.036293770715,0.31559606787335,0.0325364666222552,0.167172242493931,0,Not significant
530,1,ENSG00000237190.4,CDKN2AIPNL,43.2060273208793,0.404861518311525,0.0330410512582561,0.169251660767269,0,Not significant
531,1,ENSG00000112699.11,GMDS,65.447206854518,-0.364138449790922,0.0330657218055261,0.169251660767269,0,Not significant
532,1,ENSG00000141562.19,NARF,133.633671212581,-0.304051434590454,0.033889713992089,0.173143313215222,0,Not significant
533,1,ENSG00000122203.15,KIAA1191,499.905683082351,0.233129074749897,0.034046701759419,0.173619015726268,0,Not significant
534,1,ENSG00000204767.4,INSYN2B,19.2818441084305,-0.437123251143431,0.0350456843676316,0.177713003938848,0,Not significant
535,1,ENSG00000008083.14,JARID2,59.438341003586,0.372032114908788,0.0349740075871766,0.177713003938848,0,Not significant
536,1,ENSG00000278730.1,ENSG00000278730,90.9457532809935,-0.332491827855356,0.035002605563212,0.177713003938848,0,Not significant
537,1,ENSG00000172738.13,TMEM217,7.1212394791258,-0.231556530626244,0.0352654402861376,0.178494351392406,0,Not significant
538,1,ENSG00000096092.6,TMEM14A,81.9028608893327,0.340152817313849,0.0354574553363246,0.179132646104331,0,Not significant
539,1,ENSG00000198933.11,TBKBP1,97.9987744700213,0.324720415311624,0.0356083840240278,0.179561387341943,0,Not significant
540,1,ENSG00000132475.10,H3-3B,666.205791391013,-0.20998473219313,0.0359278977081332,0.180837085130937,0,Not significant
541,1,ENSG00000095951.17,HIVEP1,100.336021636471,-0.326975286229609,0.0360523344698534,0.181127994619337,0,Not significant
542,1,ENSG00000111911.7,HINT3,77.6021501754639,-0.344797945188278,0.036256888474997,0.181819599400446,0,Not significant
543,1,ENSG00000220614.1,ENSG00000220614,52.6512875488295,0.377418584633434,0.0364073028021521,0.18223765933011,0,Not significant
544,1,ENSG00000197283.18,SYNGAP1,143.95143102798,-0.291362186971852,0.0370330102228021,0.185028900341133,0,Not significant
545,1,ENSG00000073536.18,NLE1,58.9864553085725,-0.373244058718901,0.0373499744975138,0.186270148044482,0,Not significant
546,1,ENSG00000112972.15,HMGCS1,52.9725211616615,-0.371896687518228,0.0374618758532514,0.186295696938303,0,Not significant
547,1,ENSG00000254114.1,HMGN1P28,40.6052535257438,-0.398744000852867,0.0374921803624913,0.186295696938303,0,Not significant
548,1,ENSG00000277972.2,CISD3,37.384575462115,0.399077578944151,0.0375658717426089,0.186321239774473,0,Not significant
549,1,ENSG00000112033.14,PPARD,214.726241535275,0.262858487167527,0.0378350277781192,0.187314399819541,0,Not significant
550,1,ENSG00000038382.23,TRIO,1199.77675162687,-0.210805077850542,0.038088643240554,0.188226323229158,0,Not significant
551,1,ENSG00000120318.16,ARAP3,60.672574219411,-0.364921741342721,0.0381577277775078,0.188226323229158,0,Not significant
552,1,ENSG00000131844.17,MCCC2,124.907095799345,0.299418782175596,0.0385823775893618,0.189290437342753,0,Not significant
553,1,ENSG00000131732.12,ZCCHC9,125.388331760242,-0.297453839982542,0.0385483258955918,0.189290437342753,0,Not significant
554,1,ENSG00000118508.5,RAB32,142.189957755398,-0.288827404899298,0.0385487883900269,0.189290437342753,0,Not significant
555,1,ENSG00000218582.2,GAPDHP63,2487.50327867704,-0.222246429536534,0.0387752708193688,0.189894028985666,0,Not significant
556,1,ENSG00000028839.10,TBPL1,64.7252016185459,-0.363151655388034,0.0389992845318717,0.190647581578466,0,Not significant
557,1,ENSG00000010818.11,HIVEP2,308.653661947188,-0.250871942301738,0.0395610645926687,0.193046631172125,0,Not significant
558,1,ENSG00000166278.16,C2,48.3125056253731,-0.373721905540486,0.0397773207055331,0.193407437705973,0,Not significant
559,1,ENSG00000146386.8,ABRACL,31.2106314687672,0.406503421206025,0.0397124404222598,0.193407437705973,0,Not significant
560,1,ENSG00000187624.9,C17orf97,10.8828966230378,-0.357821211384712,0.0410142200771251,0.199065446731475,0,Not significant
561,1,ENSG00000215068.10,ANXA2R-AS1,31.8573275851652,-0.398436393898181,0.0413634079870491,0.200045805887544,0,Not significant
562,1,ENSG00000112514.18,CUTA,254.485080977127,-0.245902698657249,0.0413263298022741,0.200045805887544,0,Not significant
563,1,ENSG00000157107.14,FCHO2,174.04876576707,0.275749556090155,0.0419073657960828,0.20231655458926,0,Not significant
564,1,ENSG00000204366.4,ZBTB12,22.0073484873921,-0.402211333994426,0.0429257640982313,0.206134676358644,0,Not significant
565,1,ENSG00000080546.14,SESN1,129.49687244674,-0.287646419131924,0.0428867307107643,0.206134676358644,0,Not significant
566,1,ENSG00000109016.18,DHRS7B,66.3931250607177,0.344663010972244,0.0428470789057094,0.206134676358644,0,Not significant
567,1,ENSG00000065308.5,TRAM2,1913.08844507876,0.183337712686636,0.0430419061078495,0.206327867374136,0,Not significant
568,1,ENSG00000112304.11,ACOT13,68.231696299387,-0.342296793930305,0.0431879525239911,0.206663477042619,0,Not significant
569,1,ENSG00000153006.16,SREK1IP1,95.7246297779719,0.309867752431596,0.0433344925741407,0.207000265055385,0,Not significant
570,1,ENSG00000171992.13,SYNPO,929.992724813804,-0.222996559168702,0.0437238468464311,0.208493711804561,0,Not significant
571,1,ENSG00000170542.6,SERPINB9,35.2791381082066,0.386589985348215,0.0438957041826169,0.208946626914803,0,Not significant
572,1,ENSG00000229852.4,KHDC1-AS1,66.5306949813983,-0.340436817145597,0.0444805341984819,0.211360300614465,0,Not significant
573,1,ENSG00000127804.13,METTL16,132.323933992078,-0.291797800809479,0.0448225433751851,0.212243332567514,0,Not significant
574,1,ENSG00000167543.16,TP53I13,83.1369645992776,0.318122110166691,0.0447964689019129,0.212243332567514,0,Not significant
575,1,ENSG00000184988.8,TMEM106A,13.2120830914578,-0.362394397806646,0.045110178339875,0.213233851700488,0,Not significant
576,1,ENSG00000153395.10,LPCAT1,245.486909991767,0.256509305927839,0.0454032039801282,0.213505031865032,0,Not significant
577,1,ENSG00000249119.1,MTND6P4,3587.30771271202,0.187348208613865,0.0453482562543537,0.213505031865032,0,Not significant
578,1,ENSG00000126368.6,NR1D1,68.4230385193769,-0.338654930617008,0.045325407840709,0.213505031865032,0,Not significant
579,1,ENSG00000179277.9,MEIS3P1,52.4658596886072,0.355039318421065,0.0455953776429161,0.214038404893689,0,Not significant
580,1,ENSG00000270225.1,MTCO2P22,3461.48138604972,0.211890463554889,0.0459521234704002,0.215341157918186,0,Not significant
581,1,ENSG00000131437.16,KIF3A,80.1221680051133,-0.316040194149537,0.0465992440634907,0.217997840558636,0,Not significant
582,1,ENSG00000030582.19,GRN,2104.20961541366,-0.176193549943213,0.0468353203382896,0.218725774363352,0,Not significant
583,1,ENSG00000274565.1,ENSG00000274565,16.3947387308349,-0.372573162173685,0.0473982208896219,0.220974896017139,0,Not significant
584,1,ENSG00000182534.14,MXRA7,1493.39432560157,0.178834666867905,0.0480547909515131,0.223652263366802,0,Not significant
585,1,ENSG00000207561.1,MIR635,15.8053789054534,0.369622402192794,0.0487186060918712,0.226354139073002,0,Not significant
586,1,ENSG00000152700.14,SAR1B,212.808351940527,0.247406301638479,0.0490154487269523,0.227344692218185,0,Not significant
587,1,ENSG00000254373.1,ENSG00000254373,380.383517911011,-0.223138507929661,0.049331297690692,0.228419875848894,0,Not significant
588,1,ENSG00000157637.13,SLC38A10,471.599441481575,0.218304070426515,0.0499679068107793,0.230974099849827,0,Not significant
589,1,ENSG00000174695.10,TMEM167A,441.253363175597,0.21715239878145,0.0506408797741266,0.233687455392319,0,Not significant
590,1,ENSG00000250337.10,PURPL,22.2874915403731,-0.376573246480319,0.0508692807722523,0.23394704761249,0,Not significant
591,1,ENSG00000112531.17,QKI,618.807574354141,0.201742387216147,0.050807645623975,0.23394704761249,0,Not significant
592,1,ENSG00000213228.5,RPL12P38,857.809007708844,-0.203598054582617,0.0510500440378462,0.234381790025111,0,Not significant
593,1,ENSG00000248923.1,MTND5P11,8061.63772380438,0.162306239841544,0.0536679340460251,0.245571455786357,0,Not significant
594,1,ENSG00000109066.14,TMEM104,102.34986321846,0.294933887396403,0.0536061575615576,0.245571455786357,0,Not significant
595,1,ENSG00000002919.15,SNX11,50.9846010167227,0.337528588833876,0.0540729666009014,0.247008946590336,0,Not significant
596,1,ENSG00000096654.16,ZNF184,32.039586809258,-0.359624040247771,0.0543093133317614,0.247672338314979,0,Not significant
597,1,ENSG00000175048.17,ZDHHC14,42.0218681868168,-0.346733604324972,0.0546841090836428,0.248963833315479,0,Not significant
598,1,ENSG00000112473.19,SLC39A7,625.484638698179,-0.208873684881101,0.054878223465507,0.24942978491513,0,Not significant
599,1,ENSG00000113594.10,LIFR,137.369617075965,0.276657083157901,0.0563127001205965,0.255067492481828,0,Not significant
600,1,ENSG00000247572.9,CKMT2-AS1,19.8776530959077,-0.354867993497504,0.0564001335473064,0.255067492481828,0,Not significant
601,1,ENSG00000176809.11,LRRC37A3,21.2956428156934,-0.356064401454364,0.0563297615870898,0.255067492481828,0,Not significant
602,1,ENSG00000229931.3,ATXN1-AS1,11.8837366750183,-0.253014116493094,0.0567910829894851,0.25640890957711,0,Not significant
603,1,ENSG00000132840.10,BHMT2,98.4944853657317,-0.294891705514222,0.0569900905585084,0.25688070669656,0,Not significant
604,1,ENSG00000164463.12,CREBRF,299.290869043142,0.264575872458793,0.0574669846770804,0.258601431046862,0,Not significant
605,1,ENSG00000273841.6,TAF9,108.311105625158,0.281126810382204,0.0578511901912099,0.259161147815872,0,Not significant
606,1,ENSG00000186470.14,BTN3A2,103.198042490251,-0.28052960836073,0.0578311109797098,0.259161147815872,0,Not significant
607,1,ENSG00000213177.3,PRDX2P4,125.843683773672,-0.27071665835446,0.0579727659573399,0.259161147815872,0,Not significant
608,1,ENSG00000141068.16,KSR1,79.6896067690425,-0.310644276256647,0.0579225612636601,0.259161147815872,0,Not significant
609,1,ENSG00000203722.8,RAET1G,13.6938310107503,-0.277878394096139,0.0581709008048588,0.259619882409862,0,Not significant
610,1,ENSG00000131747.15,TOP2A,59.4700394628809,-0.326668303568836,0.0585165720658203,0.260734496516229,0,Not significant
611,1,ENSG00000278619.5,MRM1,11.2945324459312,0.300989932414935,0.0588415798492878,0.261753541784557,0,Not significant
612,1,ENSG00000134970.14,TMED7,422.946615626491,0.223324174332148,0.0600062542701735,0.266498364552829,0,Not significant
613,1,ENSG00000091831.25,ESR1,7.42993142498166,-0.204914795938708,0.0607644371439946,0.268986547487585,0,Not significant
614,1,ENSG00000154945.7,ANKRD40,199.77983608214,0.23985323640862,0.0607339484169135,0.268986547487585,0,Not significant
615,1,ENSG00000134058.12,CDK7,99.8649797833294,0.278733954266127,0.0612994860552384,0.270474031003471,0,Not significant
616,1,ENSG00000152894.15,PTPRK,515.304125926684,-0.201857008593784,0.0612433380109613,0.270474031003471,0,Not significant
617,1,ENSG00000185760.18,KCNQ5,7.6775288775598,-0.224444439272275,0.0614628805622435,0.270755444681001,0,Not significant
618,1,ENSG00000135316.20,SYNCRIP,237.232511767003,0.229729524683941,0.061621647556013,0.271015595561882,0,Not significant
619,1,ENSG00000180573.10,H2AC6,151.22722684784,-0.258346049184555,0.0618062638872175,0.271135125742853,0,Not significant
620,1,ENSG00000109084.14,TMEM97,32.556671917207,0.342781560604724,0.0618483362621667,0.271135125742853,0,Not significant
621,1,ENSG00000251193.1,ENSG00000251193,15.3633801494783,0.323480064217795,0.0620757484934193,0.271335720025464,0,Not significant
622,1,ENSG00000233237.9,LINC00472,30.4154718328675,0.343439101423076,0.0620937519705071,0.271335720025464,0,Not significant
623,1,ENSG00000169567.13,HINT1,334.392087088671,0.214077113785977,0.0626117107272695,0.27228580761075,0,Not significant
624,1,ENSG00000267002.4,ENSG00000267002,48.0933474751716,-0.326285678857906,0.0624564324084417,0.27228580761075,0,Not significant
625,1,ENSG00000108588.15,CCDC47,289.212771014334,0.227073012992739,0.062522449621822,0.27228580761075,0,Not significant
626,1,ENSG00000164258.12,NDUFS4,117.49198076882,-0.264609475318982,0.0631063121751837,0.272402466002835,0,Not significant
627,1,ENSG00000243649.10,CFB,22.0397371138096,-0.342226947220357,0.063137811604965,0.272402466002835,0,Not significant
628,1,ENSG00000111817.19,DSE,790.529154453448,0.19607163808856,0.0629771588290727,0.272402466002835,0,Not significant
629,1,ENSG00000197566.10,ZNF624,21.5529350755469,-0.34054644706812,0.0631396444377433,0.272402466002835,0,Not significant
630,1,ENSG00000213180.4,RPL36AP48,359.996014954371,-0.208609687251996,0.0630900828186895,0.272402466002835,0,Not significant
631,1,ENSG00000198721.13,ECI2,159.66011776127,-0.251456852103049,0.0635644207761575,0.272504882759615,0,Not significant
632,1,ENSG00000235652.11,EPM2A-DT,35.3054409686608,-0.336956298428988,0.063289356463648,0.272504882759615,0,Not significant
633,1,ENSG00000166579.16,NDEL1,283.870347421133,0.21853771034764,0.0635232053917487,0.272504882759615,0,Not significant
634,1,ENSG00000235554.1,SRSF6P2,252.982215240428,-0.226389287569865,0.0634876035115485,0.272504882759615,0,Not significant
635,1,ENSG00000169302.16,STK32A,6.7783239263466,-0.189286928176549,0.0636847578213295,0.27259082166673,0,Not significant
636,1,ENSG00000112146.17,FBXO9,265.244295062055,0.221280702116969,0.0646588781124277,0.276325205518205,0,Not significant
637,1,ENSG00000274211.6,SOCS7,69.1395179550422,0.299485965258563,0.0653325506637977,0.278765891215388,0,Not significant
638,1,ENSG00000072786.13,STK10,141.336223851851,0.254934830235044,0.0664277517173708,0.282994716563972,0,Not significant
639,1,ENSG00000181104.7,F2R,1465.82379102904,0.19896937068046,0.0667411457101147,0.283884873302178,0,Not significant
640,1,ENSG00000182700.5,IGIP,80.2439609177427,0.290546245231988,0.0671279357669689,0.284195840209691,0,Not significant
641,1,ENSG00000145817.17,YIPF5,378.012242218272,-0.211632190273134,0.0671172233578252,0.284195840209691,0,Not significant
642,1,ENSG00000124795.17,DEK,558.269101525166,0.194996892730179,0.067121896655126,0.284195840209691,0,Not significant
643,1,ENSG00000216412.4,RPL12P2,138.096650641946,-0.255365427030803,0.0672652232377615,0.284334178476261,0,Not significant
644,1,ENSG00000204520.14,MICA,92.4888246220091,-0.276821124089719,0.0678648982464853,0.285979524703794,0,Not significant
645,1,ENSG00000213335.4,CLNS1AP1,76.1844819936988,-0.287722967560499,0.0677665001495699,0.285979524703794,0,Not significant
646,1,ENSG00000214890.3,ENSG00000214890,31.1235230427387,-0.330286832579606,0.0680925614374548,0.286494708958208,0,Not significant
647,1,ENSG00000170832.13,USP32,301.262211868163,0.228143823939015,0.0684555301402734,0.287576709306434,0,Not significant
648,1,ENSG00000109079.10,TNFAIP1,187.363266187497,0.233843858966521,0.0686006099739344,0.287741447390669,0,Not significant
649,1,ENSG00000254893.6,RAP1BL,312.39992643766,0.211858213355522,0.0687377147811518,0.287872278544177,0,Not significant
650,1,ENSG00000251032.1,CUL1P1,97.0950676195854,0.269911930410153,0.0695831363631762,0.290964560977097,0,Not significant
651,1,ENSG00000132386.11,SERPINF1,1946.99158400247,-0.16536652827031,0.0701013513545083,0.292232320523855,0,Not significant
652,1,ENSG00000232938.2,RPL23AP87,58.170927156261,-0.301762521011533,0.0700883307874183,0.292232320523855,0,Not significant
653,1,ENSG00000131473.17,ACLY,682.723714220672,0.177830100994817,0.0722406739366005,0.300689359509464,0,Not significant
654,1,ENSG00000217769.4,ENSG00000217769,231.231922130223,-0.22437726994852,0.072365966818113,0.300750302464268,0,Not significant
655,1,ENSG00000145860.13,RNF145,217.647928750412,0.223397530204387,0.0729035712714586,0.302361099380215,0,Not significant
656,1,ENSG00000112619.8,PRPH2,29.0547215326751,-0.323048583219864,0.0730872856117739,0.302361099380215,0,Not significant
657,1,ENSG00000289182.1,ENSG00000289182,8.5419815687926,-0.239480990157496,0.0730081377563528,0.302361099380215,0,Not significant
658,1,ENSG00000173210.21,ABLIM3,426.988597678965,-0.212620116557014,0.073611693650864,0.304067755840499,0,Not significant
659,1,ENSG00000213722.10,DDAH2,299.193500386994,-0.207887996165391,0.0752811956254461,0.310492093641825,0,Not significant
660,1,ENSG00000131019.11,ULBP3,22.157599314238,-0.305674565993304,0.076150274724414,0.313600676819632,0,Not significant
661,1,ENSG00000112343.11,TRIM38,277.237951774663,0.223177928188719,0.0766618607730064,0.313805628887096,0,Not significant
662,1,ENSG00000112249.14,ASCC3,416.644915455015,-0.196597570396471,0.0764361674004962,0.313805628887096,0,Not significant
663,1,ENSG00000131462.9,TUBG1,86.2004841319435,-0.286891530702671,0.0766001623564517,0.313805628887096,0,Not significant
664,1,ENSG00000185504.17,FAAP100,101.429366826644,-0.259188671902226,0.0764885974653173,0.313805628887096,0,Not significant
665,1,ENSG00000158985.14,CDC42SE2,83.8196143879205,0.279218732441158,0.0768689208114697,0.314180040248984,0,Not significant
666,1,ENSG00000267185.1,PTP4A2P1,231.325365488537,0.221330926184012,0.077010597096409,0.314286490852912,0,Not significant
667,1,ENSG00000214922.9,HLA-F-AS1,9.10744124078229,-0.213640469203367,0.0772707453637818,0.314875391152562,0,Not significant
668,1,ENSG00000124570.21,SERPINB6,341.802292270683,-0.197813890367226,0.0777358853793419,0.31629661146864,0,Not significant
669,1,ENSG00000270714.1,MICOS10P2,71.7382865331173,0.283116102261822,0.0781983069651873,0.317702538611927,0,Not significant
670,1,ENSG00000118985.16,ELL2,1236.90262343147,0.166093911458801,0.0785238030342346,0.318356180120643,0,Not significant
671,1,ENSG00000112367.12,FIG4,119.334851168748,-0.248249178773004,0.0785934499120499,0.318356180120643,0,Not significant
672,1,ENSG00000112561.19,TFEB,17.3046602361049,-0.287213593799321,0.0788682781874181,0.318994018025896,0,Not significant
673,1,ENSG00000005100.13,DHX33,101.430826550182,0.257224232985489,0.0799204254308147,0.322769266450155,0,Not significant
674,1,ENSG00000225014.1,KCTD9P1,48.4671040377843,0.297188038840929,0.0804921793314075,0.32459605849075,0,Not significant
675,1,ENSG00000141552.18,ANAPC11,124.992907206024,0.242809831641893,0.0809136186172162,0.325812170965324,0,Not significant
676,1,ENSG00000226221.1,RPL26P19,12.3745657741477,-0.255473323963609,0.081453848824278,0.326702493214445,0,Not significant
677,1,ENSG00000197375.14,SLC22A5,26.9959820215828,-0.301630518545027,0.0822165214711848,0.326702493214445,0,Not significant
678,1,ENSG00000019582.17,CD74,9.08656946118198,-0.21178542928257,0.0819930426719641,0.326702493214445,0,Not significant
679,1,ENSG00000037749.13,MFAP3,166.1049085536,0.23093964713933,0.0818495635505391,0.326702493214445,0,Not significant
680,1,ENSG00000112079.9,STK38,271.624346971907,0.216365393542482,0.0821305469116964,0.326702493214445,0,Not significant
681,1,ENSG00000152661.9,GJA1,504.53331901306,-0.201971931864889,0.0817993110954604,0.326702493214445,0,Not significant
682,1,ENSG00000220494.4,YAP1P1,220.315538378976,0.21693309406633,0.0813037484438308,0.326702493214445,0,Not significant
683,1,ENSG00000120265.21,PCMT1,190.280987869027,0.218912127859356,0.0821322436095295,0.326702493214445,0,Not significant
684,1,ENSG00000076604.16,TRAF4,51.404952498204,-0.292759577889809,0.0820010734822216,0.326702493214445,0,Not significant
685,1,ENSG00000108924.14,HLF,11.5798695176745,0.253830108939529,0.0824442358249247,0.327129099229409,0,Not significant
686,1,ENSG00000056097.16,ZFR,586.121425853831,0.175582062875736,0.0832799721059903,0.329483208419333,0,Not significant
687,1,ENSG00000122335.17,SERAC1,201.498640721322,-0.21916469785906,0.0832673337501255,0.329483208419333,0,Not significant
688,1,ENSG00000132846.6,ZBED3,58.2957909725006,-0.289155007804755,0.0838058395734164,0.330758988084139,0,Not significant
689,1,ENSG00000153046.18,CDYL,100.389812964877,-0.256288708409953,0.0838849804224616,0.330758988084139,0,Not significant
690,1,ENSG00000141030.13,COPS3,134.334633082942,-0.235936054803813,0.0839675135312935,0.330758988084139,0,Not significant
691,1,ENSG00000129235.11,TXNDC17,59.078171549575,0.283046843441719,0.084301767292031,0.331595084659537,0,Not significant
692,1,ENSG00000226359.1,ACTG1P24,20.1426374497787,0.294225431959849,0.0847448569797834,0.33237593257006,0,Not significant
693,1,ENSG00000108641.20,B9D1,51.7743179025513,-0.291195036078633,0.0846957365094743,0.33237593257006,0,Not significant
694,1,ENSG00000112186.13,CAP2,71.7597929929316,-0.272969103248267,0.0851761770065495,0.333249461342204,0,Not significant
695,1,ENSG00000108788.12,MLX,115.995683033375,0.245328698267652,0.085212794566899,0.333249461342204,0,Not significant
696,1,ENSG00000235863.4,B3GALT4,33.4695606985738,0.300135231218801,0.0859666874463677,0.335714736320729,0,Not significant
697,1,ENSG00000124508.17,BTN2A2,43.5129435221316,-0.291983203342442,0.0861068937842779,0.335779823967959,0,Not significant
698,1,ENSG00000050393.12,MCUR1,113.020843538274,0.244905374760744,0.0863982902931942,0.335952150238773,0,Not significant
699,1,ENSG00000047932.14,GOPC,268.212995088896,-0.207086435847716,0.0863321947859981,0.335952150238773,0,Not significant
700,1,ENSG00000125457.15,MIF4GD,43.4692904670049,0.29190722520083,0.0870852462967555,0.338139570620831,0,Not significant
701,1,ENSG00000187372.11,PCDHB13,15.2135845954011,-0.269023639132179,0.0877821281092467,0.339539666593615,0,Not significant
702,1,ENSG00000238035.8,ENSG00000238035,57.3485911761562,-0.283238324098971,0.0878205980924619,0.339539666593615,0,Not significant
703,1,ENSG00000146263.12,MMS22L,45.2873865059327,-0.290503088517611,0.0876058121873597,0.339539666593615,0,Not significant
704,1,ENSG00000186314.12,PRELID2,12.8843899613494,0.254999340879672,0.0895282065694746,0.345650092977034,0,Not significant
705,1,ENSG00000229036.7,VDAC1P8,12.6866173678405,-0.254825331984772,0.089810791194108,0.346249263071753,0,Not significant
706,1,ENSG00000091592.17,NLRP1,207.909410921096,0.221841941257277,0.0899582455014343,0.346326503219403,0,Not significant
707,1,ENSG00000013561.18,RNF14,184.209979073934,0.225683656516569,0.0914372171602245,0.351522427498572,0,Not significant
708,1,ENSG00000135541.22,AHI1,103.679929085884,-0.242926072491499,0.0916231500433017,0.351522573451245,0,Not significant
709,1,ENSG00000071994.11,PDCD2,135.080379488918,0.230146569172952,0.0916959177987242,0.351522573451245,0,Not significant
710,1,ENSG00000266777.1,SH3GL1P1,47.7782262549203,0.28319509862852,0.0931724913728451,0.356680044438582,0,Not significant
711,1,ENSG00000113387.12,SUB1,449.239400464525,-0.180204159772899,0.093333183127557,0.356792674740787,0,Not significant
712,1,ENSG00000187189.11,TSPYL4,92.3551185137574,-0.255240626568458,0.0935386552765761,0.357075934047379,0,Not significant
713,1,ENSG00000204256.14,BRD2,672.666091615898,-0.171003342109064,0.0947789228529757,0.361279209034047,0,Not significant
714,1,ENSG00000196114.3,IFITM3P3,1400.04268170975,0.151565913190461,0.0950384968577423,0.361279209034047,0,Not significant
715,1,ENSG00000087157.19,PGS1,135.497943937411,0.229399654421607,0.0949221405957183,0.361279209034047,0,Not significant
716,1,ENSG00000220875.1,H3C9P,277.463431437222,-0.196145383651714,0.0954552004721509,0.361374039987477,0,Not significant
717,1,ENSG00000269293.5,ZSCAN16-AS1,19.0500411570658,0.27699877836942,0.0954118234639533,0.361374039987477,0,Not significant
718,1,ENSG00000203489.3,HMGB1P39,85.3131819687572,-0.25047451514921,0.0957282225132389,0.361374039987477,0,Not significant
719,1,ENSG00000108523.16,RNF167,265.51026699124,0.198931997631355,0.0956829519582801,0.361374039987477,0,Not significant
720,1,ENSG00000267745.1,ENSG00000267745,11.8371386290022,0.242744151899455,0.0956363853499925,0.361374039987477,0,Not significant
721,1,ENSG00000091844.8,RGS17,16.506535030051,-0.270003683520818,0.0965517566894834,0.363233686192562,0,Not significant
722,1,ENSG00000040633.13,PHF23,155.410077195458,-0.220398330654398,0.0966217642079553,0.363233686192562,0,Not significant
723,1,ENSG00000068079.8,IFI35,77.8528228817092,0.25965246091792,0.0964687788043537,0.363233686192562,0,Not significant
724,1,ENSG00000249353.2,NPM1P27,11.6949782575829,-0.225888067489401,0.0970507947418775,0.364342624459148,0,Not significant
725,1,ENSG00000197451.12,HNRNPAB,203.399366417195,0.208435228883221,0.0985479127225676,0.369452726593019,0,Not significant
726,1,ENSG00000154229.12,PRKCA,726.33191741352,0.181780006092612,0.0990519672248788,0.370830918618761,0,Not significant
727,1,ENSG00000049192.15,ADAMTS6,30.617907129034,-0.275791928936607,0.0998647995805605,0.373359732131999,0,Not significant
728,1,ENSG00000132507.18,EIF5A,615.96932390548,0.169785349774837,0.100473161104986,0.374723303097809,0,Not significant
729,1,ENSG00000108854.16,SMURF2,640.879257133985,-0.195769305731706,0.100505256791134,0.374723303097809,0,Not significant
730,1,ENSG00000180992.7,MRPL14,62.7001427314768,-0.263599243457151,0.10116354893856,0.376660994541102,0,Not significant
731,1,ENSG00000251553.1,DDX18P4,33.0670272673843,0.274800458640384,0.101385195038816,0.376969849679208,0,Not significant
732,1,ENSG00000251118.1,H3P24,67.9863026265818,-0.25504587671877,0.102792686700559,0.380879419643801,0,Not significant
733,1,ENSG00000181610.13,MRPS23,81.7122093373503,0.246593099410435,0.102857061816979,0.380879419643801,0,Not significant
734,1,ENSG00000183077.16,AFMID,61.9185080282461,0.261165398793928,0.102801607403825,0.380879419643801,0,Not significant
735,1,ENSG00000249287.1,ENSG00000249287,14.7414636928325,-0.238723028318549,0.103109166763989,0.381293490155813,0,Not significant
736,1,ENSG00000286388.1,ENSG00000286388,26.7548754970715,-0.2749923553539,0.103292550162569,0.381452651279703,0,Not significant
737,1,ENSG00000137288.10,UQCC2,69.8391174238312,-0.256459076084732,0.1035431514994,0.381859275136188,0,Not significant
738,1,ENSG00000220205.10,VAMP2,147.188009514952,0.235037215749375,0.103789460159979,0.382248987418459,0,Not significant
739,1,ENSG00000167085.14,PHB1,177.423615302498,0.208096241061576,0.104012940227851,0.382553682732476,0,Not significant
740,1,ENSG00000217416.4,ISCA1P1,51.7133336650237,0.264898735056928,0.105089328549993,0.385990263512002,0,Not significant
741,1,ENSG00000112031.16,MTRF1L,60.5795724406914,0.260728768923453,0.105239443952339,0.386019984699674,0,Not significant
742,1,ENSG00000124813.23,RUNX2,26.4831253995124,0.274186091286205,0.106817836321228,0.390928380593999,0,Not significant
743,1,ENSG00000074660.17,SCARF1,7.08145217698791,0.18816399647756,0.106865263716461,0.390928380593999,0,Not significant
744,1,ENSG00000112406.5,HECA,155.702950170377,0.220541809207569,0.107699708777941,0.393451355454898,0,Not significant
745,1,ENSG00000189298.14,ZKSCAN3,28.8774789180643,-0.266372782595432,0.109482915007787,0.398244404330491,0,Not significant
746,1,ENSG00000204599.16,TRIM39,34.6049841530757,-0.270839445900469,0.109274323582072,0.398244404330491,0,Not significant
747,1,ENSG00000137310.13,TCF19,28.994089398415,-0.268423093613333,0.109415218195705,0.398244404330491,0,Not significant
748,1,ENSG00000189241.8,TSPYL1,307.98295423657,-0.189278189236408,0.109597797806919,0.398244404330491,0,Not significant
749,1,ENSG00000213500.3,LAP3P2,22.4584527669386,0.257327545022873,0.110808172455085,0.399438478425625,0,Not significant
750,1,ENSG00000275700.6,AATF,146.499021307974,0.21519012280534,0.110616874106682,0.399438478425625,0,Not significant
751,1,ENSG00000173786.17,CNP,456.130254773684,0.17124831815761,0.110755574010581,0.399438478425625,0,Not significant
752,1,ENSG00000108774.15,RAB5C,254.187517507251,0.188655264586329,0.110284963306327,0.399438478425625,0,Not significant
753,1,ENSG00000068120.15,COASY,181.65910069044,0.20685911115694,0.110073944008108,0.399438478425625,0,Not significant
754,1,ENSG00000215769.8,ARHGAP27P1-BPTFP1-KPNA2P3,14.2513030902043,0.23024775152741,0.110771066542853,0.399438478425625,0,Not significant
755,1,ENSG00000141052.18,MYOCD,22.3633103818416,0.237944238386552,0.111043839897087,0.399757823629513,0,Not significant
756,1,ENSG00000130338.13,TULP4,108.493061176401,-0.232943891577996,0.111320648668792,0.400224236880656,0,Not significant
757,1,ENSG00000213376.4,GAPDHP71,568.874748637332,-0.171558465818299,0.112303916049031,0.403225949565741,0,Not significant
758,1,ENSG00000112695.13,COX7A2,123.516511614306,0.223491729594972,0.113495350549698,0.406966177828602,0,Not significant
759,1,ENSG00000153044.10,CENPH,9.62782411879036,-0.205863235637214,0.113842310674903,0.407404432760982,0,Not significant
760,1,ENSG00000184838.15,PRR16,54.1172021659059,0.256130998026694,0.113991821111688,0.407404432760982,0,Not significant
761,1,ENSG00000231458.2,RNASEH1P2,20.5548888898665,0.259189221970035,0.11406724552285,0.407404432760982,0,Not significant
762,1,ENSG00000187607.16,ZNF286A,20.995270425606,-0.253083622000703,0.115375197669526,0.411535153892089,0,Not significant
763,1,ENSG00000267102.1,ENSG00000267102,13.5141180496449,0.218717251117,0.116368367645961,0.414027951737983,0,Not significant
764,1,ENSG00000166292.12,TMEM100,8.1142958686891,0.174632464021605,0.116531046018969,0.414027951737983,0,Not significant
765,1,ENSG00000185359.14,HGS,302.400310764635,0.182164031971451,0.116452984244807,0.414027951737983,0,Not significant
766,1,ENSG00000134480.16,CCNH,63.1265672222778,0.251307812238486,0.117530319506113,0.417033170257982,0,Not significant
767,1,ENSG00000188428.20,BLOC1S5,42.7952472843393,-0.258021029370758,0.117687470117911,0.417046341304408,0,Not significant
768,1,ENSG00000146233.8,CYP39A1,28.079734058075,0.261800109190975,0.117920770533572,0.41732897696647,0,Not significant
769,1,ENSG00000244717.1,RPS27P14,743.809299966059,-0.178317285068322,0.118130602482385,0.417527929190015,0,Not significant
770,1,ENSG00000198663.17,C6orf89,981.602390529102,-0.14595590177802,0.11878822103696,0.419306993218775,0,Not significant
771,1,ENSG00000251548.1,ENSG00000251548,38.9831823854726,0.25888288158648,0.11908247368671,0.419553760081148,0,Not significant
772,1,ENSG00000171522.6,PTGER4,62.1976836457918,-0.250452717318781,0.119166851649244,0.419553760081148,0,Not significant
773,1,ENSG00000126860.12,EVI2A,6.99374329586214,-0.173459805251558,0.119931823399986,0.421700771023494,0,Not significant
774,1,ENSG00000266707.1,PSMD7P1,76.4694159075992,0.234794953394804,0.120531236506029,0.423260853776986,0,Not significant
775,1,ENSG00000226810.3,ENSG00000226810,47.3102905267721,-0.253129310334188,0.121416911858123,0.425272121688631,0,Not significant
776,1,ENSG00000146414.17,SHPRH,86.550624304248,-0.233043092275482,0.121399961632977,0.425272121688631,0,Not significant
777,1,ENSG00000164308.17,ERAP2,175.075670692468,-0.207875999213619,0.122156579740896,0.426876072900263,0,Not significant
778,1,ENSG00000275832.5,ARHGAP23,568.908965197083,0.160146159879551,0.122188956849303,0.426876072900263,0,Not significant
779,1,ENSG00000244192.1,ENSG00000244192,1644.39060509273,-0.141838283875012,0.123287965692947,0.429547701144367,0,Not significant
780,1,ENSG00000111961.19,SASH1,643.018749570637,0.163938480657958,0.123427797863779,0.429547701144367,0,Not significant
781,1,ENSG00000121075.11,TBX4,129.101830338194,0.212129888714123,0.123376838506249,0.429547701144367,0,Not significant
782,1,ENSG00000112137.19,PHACTR1,14.1257868288147,-0.212442628431525,0.124933407301489,0.433805352636592,0,Not significant
783,1,ENSG00000108784.10,NAGLU,272.623782041546,0.178160982670345,0.124970416156899,0.433805352636592,0,Not significant
784,1,ENSG00000167131.17,CCDC103,6.11180089393899,-0.150034223666873,0.12518790546761,0.434006029414494,0,Not significant
785,1,ENSG00000169683.8,LRRC45,40.0603101433906,0.251940399235543,0.125360493435317,0.434050727588778,0,Not significant
786,1,ENSG00000213312.3,RPL7AP34,1351.32136326721,-0.146112469491548,0.125795976106,0.435004405923802,0,Not significant
787,1,ENSG00000197063.11,MAFG,168.09939517799,0.204030226766036,0.126201579628002,0.435852469414118,0,Not significant
788,1,ENSG00000049656.14,CLPTM1L,285.999413456903,0.175620741245384,0.127204827575793,0.436286775651967,0,Not significant
789,1,ENSG00000213585.11,VDAC1,537.55890951689,0.172543909899374,0.127249887945138,0.436286775651967,0,Not significant
790,1,ENSG00000181163.14,NPM1,1933.7291596974,-0.136083110225307,0.127290438959533,0.436286775651967,0,Not significant
791,1,ENSG00000155906.20,RMND1,104.462031155995,0.217168129138228,0.126807805902192,0.436286775651967,0,Not significant
792,1,ENSG00000130024.15,PHF10,238.136498277932,0.182825806554523,0.126571071586556,0.436286775651967,0,Not significant
793,1,ENSG00000169689.15,CENPX,39.4342097673183,0.251001839292991,0.126898030806889,0.436286775651967,0,Not significant
794,1,ENSG00000248930.1,CHP1P1,76.5279777228788,0.231949091056374,0.128413134737357,0.439403186310516,0,Not significant
795,1,ENSG00000132383.12,RPA1,270.016995175099,-0.182565933097508,0.128523007033429,0.439403186310516,0,Not significant
796,1,ENSG00000174132.9,FAM174A,31.1783740880915,0.250040461262487,0.128690417660667,0.439422808042329,0,Not significant
797,1,ENSG00000161904.13,LEMD2,177.387110693725,0.191588395313722,0.128992561936891,0.43946479870379,0,Not significant
798,1,ENSG00000124659.7,TBCC,95.7162500654093,0.220858051340188,0.129026088802658,0.43946479870379,0,Not significant
799,1,ENSG00000120306.11,CYSTM1,98.8731461128675,0.219133894358528,0.12961991839448,0.440383672745246,0,Not significant
800,1,ENSG00000171408.14,PDE7B,179.946183968311,-0.209828971432028,0.129542833394756,0.440383672745246,0,Not significant
801,1,ENSG00000198242.14,RPL23A,1230.57646787714,-0.142663337515863,0.129887724409065,0.440585884982,0,Not significant
802,1,ENSG00000108819.11,PPP1R9B,344.679944310841,-0.1771733955333,0.130003634935822,0.440585884982,0,Not significant
803,1,ENSG00000112208.11,BAG2,277.36982519967,-0.186404944677255,0.130667361210935,0.442283795481096,0,Not significant
804,1,ENSG00000145990.11,GFOD1,31.6182547792271,0.224281094846501,0.131070642848673,0.442546592872912,0,Not significant
805,1,ENSG00000277258.5,PCGF2,77.5362064921832,-0.226254510220984,0.130997842058143,0.442546592872912,0,Not significant
806,1,ENSG00000184619.8,KRBA2,27.4282510242353,-0.246311443223593,0.132714201394898,0.446503101103459,0,Not significant
807,1,ENSG00000160606.11,TLCD1,9.00413389091792,-0.180398341063806,0.13273528539058,0.446503101103459,0,Not significant
808,1,ENSG00000266066.1,POLRMTP1,84.5511580869182,0.224132448972602,0.132512179494749,0.446503101103459,0,Not significant
809,1,ENSG00000188612.12,SUMO2,386.368049150954,-0.166652345629468,0.133060839497523,0.447044946544211,0,Not significant
810,1,ENSG00000213671.3,OLA1P2,92.9385380583513,-0.217465229283277,0.13325769108418,0.447153585638027,0,Not significant
811,1,ENSG00000049167.16,ERCC8,49.2780466519189,-0.240560611961824,0.133881181105909,0.447245852525569,0,Not significant
812,1,ENSG00000118407.15,FILIP1,13.9117259934852,-0.203551576866136,0.133962024078427,0.447245852525569,0,Not significant
813,1,ENSG00000237234.7,ENSG00000237234,9.36474881731695,-0.184266039554219,0.134107935911825,0.447245852525569,0,Not significant
814,1,ENSG00000136451.9,VEZF1,340.41168895841,0.168690007003071,0.133993023602943,0.447245852525569,0,Not significant
815,1,ENSG00000182481.10,KPNA2,239.749334041161,-0.190865309244297,0.134082204479665,0.447245852525569,0,Not significant
816,1,ENSG00000112983.18,BRD8,276.126205294506,-0.174209820120642,0.134475818179778,0.44792312967235,0,Not significant
817,1,ENSG00000112029.10,FBXO5,17.9214637796301,-0.229827978477195,0.134911056997488,0.44882283099042,0,Not significant
818,1,ENSG00000219575.1,NGRNP2,69.799276973308,-0.226294149993168,0.13673521001706,0.453780587089584,0,Not significant
819,1,ENSG00000173065.14,FAM222B,71.847243020667,0.2269833319241,0.136729611097109,0.453780587089584,0,Not significant
820,1,ENSG00000150756.14,ATPSCKMT,39.2087945534171,-0.241983591807513,0.137383293558976,0.454267386731506,0,Not significant
821,1,ENSG00000123219.13,CENPK,7.73649129670433,-0.163163767729143,0.137231341828862,0.454267386731506,0,Not significant
822,1,ENSG00000170085.18,SIMC1,42.6564273158421,0.241352688239668,0.137343582270778,0.454267386731506,0,Not significant
823,1,ENSG00000270232.1,MTCYBP22,28.0189446931673,0.242843870894297,0.137725117018944,0.454844311126961,0,Not significant
824,1,ENSG00000112659.14,CUL9,132.075648073567,-0.200246694824209,0.138066902974201,0.455419711509561,0,Not significant
825,1,ENSG00000240764.4,PCDHGC5,6.32240722162627,-0.152498078731177,0.138817787241948,0.457341509968018,0,Not significant
826,1,ENSG00000230148.8,HOXB-AS1,7.04496411499729,0.164163937862658,0.139407398093847,0.458727975810019,0,Not significant
827,1,ENSG00000251107.1,PDCD5P2,80.810207409043,0.219131805666559,0.140625940311831,0.461619934501881,0,Not significant
828,1,ENSG00000113621.15,TXNDC15,241.691595537957,0.175945047326457,0.140598438945941,0.461619934501881,0,Not significant
829,1,ENSG00000108733.11,PEX12,45.7277399606351,-0.238267898168868,0.140856178165241,0.461817964117161,0,Not significant
830,1,ENSG00000118420.17,UBE3D,8.85049274420268,-0.168953231319764,0.141028442461723,0.461825670615619,0,Not significant
831,1,ENSG00000225791.7,TRAM2-AS1,48.2032309419279,0.234955068812263,0.142898966214046,0.467204887605549,0,Not significant
832,1,ENSG00000056972.21,TRAF3IP2,111.002018797075,0.204890188455973,0.14301488833253,0.467204887605549,0,Not significant
833,1,ENSG00000150712.11,MTMR12,154.169627908554,0.195186700340844,0.143374765442764,0.467257329104836,0,Not significant
834,1,ENSG00000178307.10,TMEM11,72.3301064653361,0.223487525686683,0.143281829790255,0.467257329104836,0,Not significant
835,1,ENSG00000198108.4,CHSY3,8.91430074201069,0.175775536630981,0.144040154454312,0.467751374992518,0,Not significant
836,1,ENSG00000096063.16,SRPK1,90.9578523138623,0.212229095690393,0.143917823668246,0.467751374992518,0,Not significant
837,1,ENSG00000267365.2,KCNJ2-AS1,12.3546867797978,-0.203498054492823,0.144042641967895,0.467751374992518,0,Not significant
838,1,ENSG00000187531.14,SIRT7,41.1273257393489,0.236282617614105,0.144503546524727,0.46868811390717,0,Not significant
839,1,ENSG00000249192.1,MTND3P25,58.1259840532474,0.22867809279966,0.145370636293092,0.470377844576934,0,Not significant
840,1,ENSG00000184347.16,SLIT3,2988.06678181174,-0.132662493214418,0.145367087379465,0.470377844576934,0,Not significant
841,1,ENSG00000141258.13,SGSM2,303.928622996389,-0.167991470258697,0.146111911474358,0.472214239461717,0,Not significant
842,1,ENSG00000214357.9,NEURL1B,24.5897420897711,-0.217402416271912,0.146695165868736,0.473536176759174,0,Not significant
843,1,ENSG00000121073.15,SLC35B1,94.7789894230935,0.210007570451908,0.147034864542741,0.474069705607555,0,Not significant
844,1,ENSG00000188554.15,NBR1,1086.0058823702,0.142134556980838,0.14738534018052,0.474636676078974,0,Not significant
845,1,ENSG00000164674.17,SYTL3,15.0368166415533,-0.208663758736311,0.148261372247386,0.476892792625318,0,Not significant
846,1,ENSG00000135315.12,CEP162,61.0258382022321,-0.224548273374551,0.148651434306553,0.477582267665735,0,Not significant
847,1,ENSG00000167721.11,TSR1,178.463506932659,0.18479516555827,0.150458284248098,0.482816548508063,0,Not significant
848,1,ENSG00000239697.12,TNFSF12,91.1865228046291,0.207075065956925,0.1507725545603,0.483254485017566,0,Not significant
849,1,ENSG00000167703.15,SLC43A2,46.3543377396731,-0.229321319558127,0.151521996494968,0.485084554149967,0,Not significant
850,1,ENSG00000213079.10,SCAF8,184.823217950214,-0.179057550216432,0.152135758342891,0.486476460207031,0,Not significant
851,1,ENSG00000171928.14,TVP23B,76.0876856529358,0.214697844918278,0.152945184128951,0.487344678150632,0,Not significant
852,1,ENSG00000267023.6,LRRC37A16P,11.1273488534978,-0.184096379414224,0.152882786865099,0.487344678150632,0,Not significant
853,1,ENSG00000092931.12,MFSD11,78.1826568422246,-0.213133858489013,0.152602481338914,0.487344678150632,0,Not significant
854,1,ENSG00000171962.19,DRC3,14.338644615824,-0.207275313950637,0.153236432975413,0.487700965839782,0,Not significant
855,1,ENSG00000219565.2,ZPR1P1,62.468538694271,0.220097275046751,0.153621294324612,0.488354009326662,0,Not significant
856,1,ENSG00000249485.1,RBBP4P1,171.31097141054,-0.183671823633136,0.155009638360712,0.492191819000485,0,Not significant
857,1,ENSG00000227954.7,TARID,27.4463412659869,0.225296285710995,0.156312878397683,0.495750762526141,0,Not significant
858,1,ENSG00000249176.1,ENSG00000249176,31.431636230608,0.227948009327564,0.15672273190721,0.496471311566197,0,Not significant
859,1,ENSG00000108379.11,WNT3,10.4727252546096,-0.182645478289285,0.157398956191641,0.498033018543517,0,Not significant
860,1,ENSG00000221926.13,TRIM16,27.2190316478065,-0.221828517107849,0.158125020488906,0.4997486112661,0,Not significant
861,1,ENSG00000124535.16,WRNIP1,134.658327773784,0.192811419957999,0.158810724537837,0.501010547971147,0,Not significant
862,1,ENSG00000263914.1,MTND2P13,55.9573050112874,0.219622750765525,0.158892969959944,0.501010547971147,0,Not significant
863,1,ENSG00000119048.9,UBE2B,267.455465363399,0.175770516950934,0.15922642519536,0.50148021284008,0,Not significant
864,1,ENSG00000254132.1,MTND6P3,99.7021469530671,0.20200380157723,0.160724134808193,0.505611340750773,0,Not significant
865,1,ENSG00000270647.7,TAF15,536.289156778968,0.154181881054671,0.161042583781853,0.506027448230145,0,Not significant
866,1,ENSG00000171421.13,MRPL36,47.4831289480513,0.221401734284565,0.162211263872816,0.507697478440962,0,Not significant
867,1,ENSG00000134982.18,APC,244.810488760643,0.171216407942747,0.162321232069608,0.507697478440962,0,Not significant
868,1,ENSG00000112759.19,SLC29A1,125.241720609226,-0.19350122152012,0.162053305063694,0.507697478440962,0,Not significant
869,1,ENSG00000170950.6,PGK2,160.975313048973,0.206856747157088,0.162282293874945,0.507697478440962,0,Not significant
870,1,ENSG00000027847.14,B4GALT7,86.0185476735168,-0.207673850335395,0.162687285219793,0.508257518652181,0,Not significant
871,1,ENSG00000219699.2,ENSG00000219699,29.8271307485,-0.220074045677561,0.163165751144936,0.509167062700272,0,Not significant
872,1,ENSG00000181751.10,MACIR,41.6974312799002,0.222520340309845,0.163813270688965,0.510601456115375,0,Not significant
873,1,ENSG00000204536.15,CCHCR1,59.6888812899638,-0.21786975150079,0.164153992517714,0.51107737876649,0,Not significant
874,1,ENSG00000176658.17,MYO1D,1816.72797200261,0.145344202754023,0.164486532003735,0.511526766574544,0,Not significant
875,1,ENSG00000184922.15,FMNL1,74.8538874594156,-0.210432709167444,0.164822865216175,0.511986911608645,0,Not significant
876,1,ENSG00000218089.1,DNAJA1P4,32.2904552016077,-0.218055142238908,0.165564433645477,0.513703345489049,0,Not significant
877,1,ENSG00000124613.9,ZNF391,26.3257293731679,-0.218540202231646,0.166120147108581,0.514839862988739,0,Not significant
878,1,ENSG00000186687.16,LYRM7,73.8860568644765,-0.206033502528352,0.167089667333058,0.517254801607349,0,Not significant
879,1,ENSG00000176055.10,MBLAC2,19.5976937818597,-0.210260346304084,0.167564571510522,0.517892312271444,0,Not significant
880,1,ENSG00000121057.13,AKAP1,82.3621520588686,0.203154577482945,0.167676686828135,0.517892312271444,0,Not significant
881,1,ENSG00000173821.20,RNF213,1161.16970944291,0.143737429873909,0.16807925180488,0.518546431788495,0,Not significant
882,1,ENSG00000180626.10,ZNF594,26.5491229460706,-0.214775091146738,0.169048163676804,0.519765734019857,0,Not significant
883,1,ENSG00000170004.19,CHD3,1730.50189003805,-0.124773972980397,0.168928898686252,0.519765734019857,0,Not significant
884,1,ENSG00000128487.19,SPECC1,26.7951759870154,-0.217722543308802,0.16887904452819,0.519765734019857,0,Not significant
885,1,ENSG00000213972.3,ENSG00000213972,12.9292226841373,0.190330556803488,0.169493353189017,0.520059123226498,0,Not significant
886,1,ENSG00000262814.8,MRPL12,15.6061999240202,0.200281899765372,0.169526263126813,0.520059123226498,0,Not significant
887,1,ENSG00000112130.17,RNF8,75.8438026634882,0.206004439385969,0.17011474046867,0.521276059294076,0,Not significant
888,1,ENSG00000164904.18,ALDH7A1,213.489032784217,0.168899916831044,0.170509173434038,0.521896321389318,0,Not significant
889,1,ENSG00000183111.12,ARHGEF37,37.6243510784248,-0.216514295645481,0.171584188037389,0.524595976474268,0,Not significant
890,1,ENSG00000204681.11,GABBR1,139.596399496965,0.182814402607346,0.172289945562376,0.525070106589587,0,Not significant
891,1,ENSG00000204410.16,MSH5,7.26589416213217,-0.138887594586873,0.172318813494449,0.525070106589587,0,Not significant
892,1,ENSG00000060762.20,MPC1,60.6847867366268,0.210974159458228,0.172204104200226,0.525070106589587,0,Not significant
893,1,ENSG00000172795.17,DCP2,91.032545566561,0.201450985379548,0.173461933024564,0.527961404211382,0,Not significant
894,1,ENSG00000219375.1,ENSG00000219375,63.5593862544068,0.210020490253283,0.174275632424949,0.529844707976524,0,Not significant
895,1,ENSG00000137203.15,TFAP2A,9.96315473179821,-0.150522858243139,0.174685339193378,0.530496929528045,0,Not significant
896,1,ENSG00000126351.13,THRA,310.167616147866,0.154503620651281,0.175026210314632,0.530938883521395,0,Not significant
897,1,ENSG00000197948.11,FCHSD1,121.04628137243,0.184492510258609,0.175289037558312,0.530972011652959,0,Not significant
898,1,ENSG00000142507.10,PSMB6,179.118738688915,-0.170855919616625,0.175427839022942,0.530972011652959,0,Not significant
899,1,ENSG00000197536.11,IRF1-AS1,29.4098177241829,-0.212989551918412,0.176892611427697,0.533031172794323,0,Not significant
900,1,ENSG00000145916.19,RMND5B,89.9469487708142,-0.194634560190317,0.176620533241405,0.533031172794323,0,Not significant
901,1,ENSG00000164379.7,FOXQ1,29.6593911801983,-0.207299606236453,0.176334111684075,0.533031172794323,0,Not significant
902,1,ENSG00000167699.14,GLOD4,122.153898640633,-0.186465223605906,0.176860542202863,0.533031172794323,0,Not significant
903,1,ENSG00000179029.15,TMEM107,32.7488216622885,0.213819126610783,0.177928523536455,0.535558944598102,0,Not significant
904,1,ENSG00000137274.13,BPHL,22.9594404016754,-0.206336335736419,0.180494000776195,0.540886448525752,0,Not significant
905,1,ENSG00000137177.20,KIF13A,901.738594578996,0.128224024378088,0.179960651038812,0.540886448525752,0,Not significant
906,1,ENSG00000133028.12,SCO1,151.516144136898,0.174978351483804,0.180494484478608,0.540886448525752,0,Not significant
907,1,ENSG00000065559.15,MAP2K4,126.286015618953,0.182297654518656,0.180444037089479,0.540886448525752,0,Not significant
908,1,ENSG00000270987.1,ENSG00000270987,103.57087684474,0.190548068401006,0.180856445352935,0.541374249415503,0,Not significant
909,1,ENSG00000238076.1,MRPL48P1,22.6060439967141,-0.198692358251531,0.182014920461873,0.544242633460253,0,Not significant
910,1,ENSG00000082213.18,C5orf22,84.4521070660339,0.194548586558304,0.182676032743802,0.545220693267411,0,Not significant
911,1,ENSG00000287562.1,ENSG00000287562,8.1140857085854,-0.136425189509318,0.182743212496914,0.545220693267411,0,Not significant
912,1,ENSG00000176933.5,TOB2P1,27.7220562808124,0.209728466082918,0.18399680022934,0.545368923689582,0,Not significant
913,1,ENSG00000137404.15,NRM,25.7262587667612,-0.205256100229823,0.183463889021313,0.545368923689582,0,Not significant
914,1,ENSG00000142494.13,SLC47A1,7.03262355951525,-0.140050690251785,0.183983942475889,0.545368923689582,0,Not significant
915,1,ENSG00000010244.19,ZNF207,445.975844526608,0.142935049908583,0.183241767379804,0.545368923689582,0,Not significant
916,1,ENSG00000073584.20,SMARCE1,67.458247306739,-0.199462969858621,0.183612907125772,0.545368923689582,0,Not significant
917,1,ENSG00000035862.13,TIMP2,10300.5136990601,0.116891054014379,0.183025413733171,0.545368923689582,0,Not significant
918,1,ENSG00000040275.17,SPDL1,42.6161461658838,-0.207607761353864,0.185037012840608,0.546484567954686,0,Not significant
919,1,ENSG00000108826.16,MRPL27,68.1865128781224,-0.200887299061029,0.184583137825923,0.546484567954686,0,Not significant
920,1,ENSG00000011260.14,UTP18,85.3710717366688,0.196343683118082,0.18517744190076,0.546484567954686,0,Not significant
921,1,ENSG00000233380.1,RPS2P48,31.6730386475634,0.209137138407577,0.184841862492105,0.546484567954686,0,Not significant
922,1,ENSG00000155085.16,AK9,26.5466545771988,-0.206093698915278,0.185790444101512,0.547698944759121,0,Not significant
923,1,ENSG00000173545.5,ZNF622,101.091324112712,0.186162729169013,0.187277631804002,0.550039277294241,0,Not significant
924,1,ENSG00000225051.5,HMGB3P22,21.8768522461084,-0.200527091489096,0.187371638235793,0.550039277294241,0,Not significant
925,1,ENSG00000137364.5,TPMT,72.2300903376337,-0.199456654084805,0.187429987406998,0.550039277294241,0,Not significant
926,1,ENSG00000178033.6,CALHM5,152.22680853647,0.183376958973478,0.187025245655476,0.550039277294241,0,Not significant
927,1,ENSG00000132510.11,KDM6B,123.471067174902,-0.182338475282894,0.187596177355321,0.550039277294241,0,Not significant
928,1,ENSG00000180537.13,RNF182,25.3107033825625,0.202976039488453,0.188309169059354,0.551534829206168,0,Not significant
929,1,ENSG00000164209.17,SLC25A46,325.452988453026,0.145526265332125,0.189415677554797,0.553805542266015,0,Not significant
930,1,ENSG00000224531.6,SMIM13,54.0255311697417,0.203134237308525,0.189706187461218,0.553805542266015,0,Not significant
931,1,ENSG00000096433.11,ITPR3,452.409601966484,0.1440402368192,0.189549073773352,0.553805542266015,0,Not significant
932,1,ENSG00000159314.13,ARHGAP27,18.0255657635455,-0.19380633313717,0.18989947218246,0.553805542266015,0,Not significant
933,1,ENSG00000197081.16,IGF2R,2492.6447114662,-0.114827239650447,0.190883665374505,0.556079102345021,0,Not significant
934,1,ENSG00000145734.20,BDP1,194.103554409856,0.161335580793538,0.191167995653283,0.556116415977907,0,Not significant
935,1,ENSG00000154240.18,CEP112,53.986982209857,0.20151071052456,0.191305683936477,0.556116415977907,0,Not significant
936,1,ENSG00000213891.3,RPL3P6,263.671030708698,0.151283918727775,0.19281113470315,0.559893871926454,0,Not significant
937,1,ENSG00000171467.16,ZNF318,157.955174835981,-0.174204096984221,0.193147442431711,0.560271876765625,0,Not significant
938,1,ENSG00000243160.1,RPL7AP32,614.137775203558,-0.133972248796778,0.194002315983473,0.561553029651842,0,Not significant
939,1,ENSG00000275023.5,MLLT6,421.515069767883,0.13684382158758,0.193964552567691,0.561553029651842,0,Not significant
940,1,ENSG00000129625.13,REEP5,637.731967995503,0.137360053433714,0.195266380883883,0.564610663023824,0,Not significant
941,1,ENSG00000249101.1,ENSG00000249101,13.367811473974,-0.172390416968259,0.196118582799573,0.5660742500413,0,Not significant
942,1,ENSG00000111913.20,RIPOR2,15.9701306172624,-0.179150605276442,0.196189088866411,0.5660742500413,0,Not significant
943,1,ENSG00000145908.14,ZNF300,26.3770522195241,-0.198677956401886,0.196824021426929,0.567304019340819,0,Not significant
944,1,ENSG00000168685.15,IL7R,14.4848306775534,0.168476522655306,0.197353631356208,0.567715280641768,0,Not significant
945,1,ENSG00000204388.7,HSPA1B,84.4177361668251,-0.184926832925689,0.198219941622162,0.567715280641768,0,Not significant
946,1,ENSG00000146085.8,MMUT,197.401627001414,0.158448977606383,0.197894221046833,0.567715280641768,0,Not significant
947,1,ENSG00000167716.19,WDR81,179.419733269249,0.162494155457532,0.198115765844503,0.567715280641768,0,Not significant
948,1,ENSG00000154258.17,ABCA9,374.217925555143,0.166201499383869,0.197906571507472,0.567715280641768,0,Not significant
949,1,ENSG00000170190.16,SLC16A5,38.2114962301982,0.201627276393124,0.198217014339363,0.567715280641768,0,Not significant
950,1,ENSG00000204315.4,FKBPL,14.8629547416608,-0.179827552280794,0.200205291790258,0.572797876932547,0,Not significant
951,1,ENSG00000146067.17,FAM193B,194.41725156384,-0.160638691944916,0.201748596229272,0.575592734469532,0,Not significant
952,1,ENSG00000132382.15,MYBBP1A,163.059081189921,0.165003182947194,0.202041510063905,0.575592734469532,0,Not significant
953,1,ENSG00000141480.18,ARRB2,28.9442645549443,-0.194412247069944,0.202241008616042,0.575592734469532,0,Not significant
954,1,ENSG00000132517.15,SLC52A1,21.0825555330648,0.187582402189411,0.202113760450865,0.575592734469532,0,Not significant
955,1,ENSG00000264970.2,WEE1P2,8.39456955422105,0.134087856576425,0.20186388111261,0.575592734469532,0,Not significant
956,1,ENSG00000112182.16,BACH2,25.935502370834,0.192460775171772,0.203295475227006,0.577988600070085,0,Not significant
957,1,ENSG00000250247.1,SEPHS2P1,23.2658669204494,0.190265421069342,0.203551130506186,0.578110734290296,0,Not significant
958,1,ENSG00000266529.1,MTCYBP13,18.8077974094933,0.181522334816058,0.2038259495827,0.578286984306657,0,Not significant
959,1,ENSG00000279453.1,ENSG00000279453,26.0319520203628,0.191799999094213,0.204875720141861,0.580659236022501,0,Not significant
960,1,ENSG00000145703.17,IQGAP2,16.3894801279659,-0.172899961911872,0.205183904076772,0.580926928417362,0,Not significant
961,1,ENSG00000234324.1,RPL9P2,60.573459224786,0.192452668201567,0.205490345721179,0.581189135973117,0,Not significant
962,1,ENSG00000131435.13,PDLIM4,59.3336079556444,-0.193163559730356,0.205821403415691,0.581458480438988,0,Not significant
963,1,ENSG00000274553.1,CICP15,21.2374258616938,-0.188180423770807,0.206013435122423,0.581458480438988,0,Not significant
964,1,ENSG00000264281.3,ENSG00000264281,2156.13393372013,-0.123785461631679,0.206520499425944,0.582284976597216,0,Not significant
965,1,ENSG00000181350.12,LRRC75A,8.71147501644861,-0.147729643013711,0.207282224134101,0.583827031291696,0,Not significant
966,1,ENSG00000246859.3,STARD4-AS1,25.5137646062897,-0.190317261990517,0.208084911981929,0.585481149862199,0,Not significant
967,1,ENSG00000242692.1,RPS27AP1,269.255142099269,0.147596885210816,0.208647079994011,0.586455804988338,0,Not significant
968,1,ENSG00000113658.18,SMAD5,385.034939045539,-0.137317025251323,0.209676225153943,0.588490784543995,0,Not significant
969,1,ENSG00000266173.7,STRADA,25.2079373992803,-0.188403214446892,0.209804109721535,0.588490784543995,0,Not significant
970,1,ENSG00000145555.15,MYO10,1533.80449235684,0.134362955938011,0.210428152338184,0.589025456287524,0,Not significant
971,1,ENSG00000218300.1,RPL22P14,107.722484303372,-0.177120642822813,0.210420260789031,0.589025456287524,0,Not significant
972,1,ENSG00000132424.17,PNISR,694.63315797439,-0.129449128138818,0.210873407213317,0.589664527577979,0,Not significant
973,1,ENSG00000170425.4,ADORA2B,16.9984467237712,-0.176776986023559,0.211589837765317,0.591059793469817,0,Not significant
974,1,ENSG00000197226.13,TBC1D9B,957.817816005667,0.12485895086585,0.212847782019956,0.593963317792854,0,Not significant
975,1,ENSG00000261192.1,RNF126P1,27.714736082246,0.191899275745377,0.213319559670864,0.594669295574779,0,Not significant
976,1,ENSG00000112081.17,SRSF3,415.770978875406,0.150129027099274,0.214610884079687,0.596414843583731,0,Not significant
977,1,ENSG00000186532.12,SMYD4,49.2994903262512,-0.190022754250791,0.214823448075229,0.596414843583731,0,Not significant
978,1,ENSG00000159199.14,ATP5MC1,64.0615508148328,0.185095824755208,0.214622304576966,0.596414843583731,0,Not significant
979,1,ENSG00000108984.16,MAP2K6,53.3819989352931,-0.1906150824141,0.21433188126531,0.596414843583731,0,Not significant
980,1,ENSG00000251495.1,PPIAP11,577.928428681777,0.125785862410012,0.216114583237699,0.598776184750323,0,Not significant
981,1,ENSG00000153933.10,DGKE,27.5067288164793,0.188754736438218,0.215964821395255,0.598776184750323,0,Not significant
982,1,ENSG00000248560.1,ENSG00000248560,6.4955339374579,-0.123776943841839,0.217578531675558,0.602218379932959,0,Not significant
983,1,ENSG00000220418.1,TUBB3P1,34.7892314852933,-0.18998745400284,0.21889155619461,0.605236266263429,0,Not significant
984,1,ENSG00000070814.22,TCOF1,135.285248023705,-0.161857769975743,0.221680026743719,0.609227818695074,0,Not significant
985,1,ENSG00000205269.6,TMEM170B,24.0133455615487,0.18555622950023,0.221397326468855,0.609227818695074,0,Not significant
986,1,ENSG00000218857.1,ENSG00000218857,54.2668975977583,-0.187296076986175,0.220610419622773,0.609227818695074,0,Not significant
987,1,ENSG00000167705.12,RILP,28.9491934322915,0.185406780366034,0.221035441193214,0.609227818695074,0,Not significant
988,1,ENSG00000271002.1,ENSG00000271002,83.1560504921558,-0.1776170406068,0.221512896464012,0.609227818695074,0,Not significant
989,1,ENSG00000214941.8,ZSWIM7,35.6455166486107,-0.187192571350674,0.221588228915882,0.609227818695074,0,Not significant
990,1,ENSG00000164307.13,ERAP1,252.709092306293,-0.144950950670272,0.223773851350054,0.612541236864243,0,Not significant
991,1,ENSG00000082516.9,GEMIN5,98.565294019997,0.175258233725319,0.223851874004169,0.612541236864243,0,Not significant
992,1,ENSG00000113758.14,DBN1,672.9789183325,-0.128729810379447,0.224463234700804,0.612541236864243,0,Not significant
993,1,ENSG00000204525.18,HLA-C,1240.360664087,-0.111245199378526,0.22339799054316,0.612541236864243,0,Not significant
994,1,ENSG00000219559.1,ENSG00000219559,434.578871201971,0.136696997377882,0.224331226739223,0.612541236864243,0,Not significant
995,1,ENSG00000267312.1,ENSG00000267312,76.8212326415793,-0.177190548255575,0.223199059392946,0.612541236864243,0,Not significant
996,1,ENSG00000141540.11,TTYH2,10.0921945753372,-0.147675069077904,0.224263891933356,0.612541236864243,0,Not significant
997,1,ENSG00000108352.13,RAPGEFL1,12.5709934086126,-0.15387752388353,0.225211681104881,0.613967250996054,0,Not significant
998,1,ENSG00000218803.1,GSTM2P1,90.0451538113244,-0.171986493083332,0.226070132701648,0.615690000684449,0,Not significant
999,1,ENSG00000230204.1,FTH1P5,4676.85427891314,0.108687176328626,0.226462638044459,0.616141591796636,0,Not significant
1000,1,ENSG00000129245.13,FXR2,141.154701543171,0.157896872271338,0.226863401820263,0.616614726147475,0,Not significant
1001,1,ENSG00000141349.10,G6PC3,139.277951037586,0.162462932692598,0.227389339444232,0.617426797811611,0,Not significant
1002,1,ENSG00000217791.4,ASS1P9,82.4997998931977,-0.175455211537541,0.227812191421432,0.617957621041369,0,Not significant
1003,1,ENSG00000170271.11,FAXDC2,430.703986802995,0.158234535226514,0.22987464202277,0.618613145562266,0,Not significant
1004,1,ENSG00000275550.1,ENSG00000275550,11.0085260194065,0.147853156762347,0.229804740454974,0.618613145562266,0,Not significant
1005,1,ENSG00000220522.2,ENSG00000220522,21.8914227588991,0.178986001264177,0.229667115454026,0.618613145562266,0,Not significant
1006,1,ENSG00000274180.1,NATD1,259.858257402514,0.142473172201604,0.229564416704381,0.618613145562266,0,Not significant
1007,1,ENSG00000244582.2,RPL21P120,1077.55658865962,-0.113920939400958,0.229467345876285,0.618613145562266,0,Not significant
1008,1,ENSG00000132141.14,CCT6B,8.48805843274841,0.128346189035725,0.228676118053092,0.618613145562266,0,Not significant
1009,1,ENSG00000108312.16,UBTF,456.625265722387,-0.132141252237801,0.228724152630579,0.618613145562266,0,Not significant
1010,1,ENSG00000179604.10,CDC42EP4,258.400376580799,-0.149069091974393,0.229499120556434,0.618613145562266,0,Not significant
1011,1,ENSG00000259207.10,ITGB3,32.2848385876732,0.183471328091372,0.230234759409916,0.61896941253823,0,Not significant
1012,1,ENSG00000164327.14,RICTOR,194.378193968603,0.144442476890629,0.23120435048564,0.619126526719182,0,Not significant
1013,1,ENSG00000049618.25,ARID1B,350.171830969619,-0.131376435385745,0.230829638726837,0.619126526719182,0,Not significant
1014,1,ENSG00000232859.10,LYRM9,17.608598335508,-0.169530625089584,0.230531085999225,0.619126526719182,0,Not significant
1015,1,ENSG00000141219.16,C17orf80,88.3961320363387,-0.17025302808117,0.231137670431472,0.619126526719182,0,Not significant
1016,1,ENSG00000279170.3,TSTD3,46.0524271856204,0.183262942463357,0.232082355761129,0.620865987164123,0,Not significant
1017,1,ENSG00000218418.2,ENSG00000218418,928.741922317796,0.121242708804834,0.232373588885421,0.621033839322098,0,Not significant
1018,1,ENSG00000108953.17,YWHAE,1306.72376111915,0.110445803177619,0.232903244356902,0.621837935326188,0,Not significant
1019,1,ENSG00000124767.7,GLO1,316.673079609238,0.133389141132597,0.233670455923556,0.622663038431593,0,Not significant
1020,1,ENSG00000067191.17,CACNB1,25.515203033584,0.182046506447245,0.233502894425448,0.622663038431593,0,Not significant
1021,1,ENSG00000181523.13,SGSH,256.015934883854,-0.137716150191145,0.234572456532866,0.624454394570352,0,Not significant
1022,1,ENSG00000108381.11,ASPA,64.2002417376549,0.176670322420748,0.235474664198738,0.62563063273917,0,Not significant
1023,1,ENSG00000108852.16,MPP2,26.9782133550135,-0.17626605358686,0.235326431327709,0.62563063273917,0,Not significant
1024,1,ENSG00000229119.3,RPLP0P9,1581.66485795974,0.108932088300737,0.235837849540678,0.625983667042541,0,Not significant
1025,1,ENSG00000228716.7,DHFR,77.308872813195,-0.173165769278371,0.236327022707078,0.626670095334476,0,Not significant
1026,1,ENSG00000173812.11,EIF1,1286.08531112255,0.121137902616543,0.236698737436275,0.627044023734694,0,Not significant
1027,1,ENSG00000248092.8,NNT-AS1,56.349619656875,-0.178068764482038,0.237719280984985,0.62913437752404,0,Not significant
1028,1,ENSG00000164244.21,PRRC1,309.859026157797,-0.1372495556039,0.237968227366874,0.629180585586735,0,Not significant
1029,1,ENSG00000218347.2,HNRNPA1P1,95.7529766137251,0.165403007418691,0.238593608074026,0.630221017245096,0,Not significant
1030,1,ENSG00000248702.1,ENSG00000248702,7.61531773256635,-0.128317970967877,0.238907219162793,0.630436720082011,0,Not significant
1031,1,ENSG00000165671.22,NSD1,287.951579114921,-0.13680755475411,0.239808777693784,0.631133750020701,0,Not significant
1032,1,ENSG00000083099.11,LYRM2,103.629123855769,-0.163564055922815,0.239994640841147,0.631133750020701,0,Not significant
1033,1,ENSG00000203760.9,CENPW,16.1390736213561,0.163873184052408,0.240054430360115,0.631133750020701,0,Not significant
1034,1,ENSG00000132581.10,SDF2,152.036765955054,0.153241083970317,0.240100183046875,0.631133750020701,0,Not significant
1035,1,ENSG00000133398.4,MED10,93.4333378573504,0.166379171014923,0.241920098722908,0.632747693684343,0,Not significant
1036,1,ENSG00000248878.1,ENSG00000248878,17.7639966244466,-0.16562784778695,0.24118802186935,0.632747693684343,0,Not significant
1037,1,ENSG00000261730.1,FOXF2-DT,13.037983526959,-0.153136761893814,0.24211096447083,0.632747693684343,0,Not significant
1038,1,ENSG00000112282.18,MED23,173.493409266627,-0.146647188898276,0.241809370416495,0.632747693684343,0,Not significant
1039,1,ENSG00000261879.9,ZNF594-DT,8.1662205978264,-0.131106484092956,0.241637545033466,0.632747693684343,0,Not significant
1040,1,ENSG00000109107.14,ALDOC,80.2937917039533,-0.173627360998307,0.241534359740666,0.632747693684343,0,Not significant
1041,1,ENSG00000280128.1,ENSG00000280128,38.1347581819547,-0.178579006094503,0.242790372338579,0.633913767546838,0,Not significant
1042,1,ENSG00000112655.16,PTK7,1540.24344731013,-0.115211923746782,0.243303661737223,0.634644292324157,0,Not significant
1043,1,ENSG00000132563.17,REEP2,78.2706531758296,0.169707813392766,0.243933591530924,0.635677374670232,0,Not significant
1044,1,ENSG00000248648.1,ENSG00000248648,171.559546664292,0.149305927256395,0.24475146513564,0.637197779922097,0,Not significant
1045,1,ENSG00000248699.1,ENSG00000248699,27.5304911335449,0.166732693701261,0.245896772778752,0.637787435858621,0,Not significant
1046,1,ENSG00000253886.1,ENSG00000253886,88.7272193892144,0.166070275224284,0.245660919773547,0.637787435858621,0,Not significant
1047,1,ENSG00000231074.11,HCG18,92.3867251036307,-0.167371386079957,0.246481434559878,0.637787435858621,0,Not significant
1048,1,ENSG00000204516.10,MICB,36.2134658068052,0.177500934142171,0.246295928046598,0.637787435858621,0,Not significant
1049,1,ENSG00000024862.18,CCDC28A,42.1861796150424,0.177323325717278,0.246032392064911,0.637787435858621,0,Not significant
1050,1,ENSG00000132359.17,RAP1GAP2,8.72243714574626,0.121746757180838,0.245878957372453,0.637787435858621,0,Not significant
1051,1,ENSG00000125445.11,MRPS7,78.4501377724996,-0.168380264959737,0.246620527993896,0.637787435858621,0,Not significant
1052,1,ENSG00000145833.16,DDX46,252.998542753921,0.139606120801543,0.247098906063157,0.638417135627054,0,Not significant
1053,1,ENSG00000136485.16,DCAF7,275.296982627441,0.136113523522185,0.247458677689046,0.638739492838392,0,Not significant
1054,1,ENSG00000248826.2,PCBP2P3,117.921601438803,0.15988367531234,0.248051187450713,0.639661411281819,0,Not significant
1055,1,ENSG00000227939.1,RPL3P2,2838.83854568167,-0.100039132020535,0.248423347335425,0.640013893893541,0,Not significant
1056,1,ENSG00000177374.13,HIC1,131.130758606402,-0.152398294018167,0.24866987776767,0.640042355845197,0,Not significant
1057,1,ENSG00000137413.17,TAF8,84.4504196499013,0.165869845427814,0.24903218002438,0.640368462919834,0,Not significant
1058,1,ENSG00000146476.11,ARMT1,119.951110830365,0.154981621049766,0.249998607836619,0.642245950945115,0,Not significant
1059,1,ENSG00000134352.21,IL6ST,8385.20881183679,0.109548929025007,0.251259414453705,0.643175839090506,0,Not significant
1060,1,ENSG00000270230.1,MTND6P22,336.299547624137,0.136886793671668,0.251307115936026,0.643175839090506,0,Not significant
1061,1,ENSG00000172197.11,MBOAT1,11.8967991286453,-0.139557677937731,0.251103581276481,0.643175839090506,0,Not significant
1062,1,ENSG00000235174.1,RPL39P3,1513.69064299989,0.104318720650243,0.251099033116533,0.643175839090506,0,Not significant
1063,1,ENSG00000213864.3,EEF1B2P2,1085.3543955438,-0.115647332078706,0.251593526054582,0.643303108011621,0,Not significant
1064,1,ENSG00000168944.17,CEP120,99.0424111929083,-0.158725901984671,0.252868552506453,0.644948540220446,0,Not significant
1065,1,ENSG00000108932.13,SLC16A6,8.55477483130658,0.0967189981996104,0.252669444658062,0.644948540220446,0,Not significant
1066,1,ENSG00000141526.18,SLC16A3,346.971204475481,0.146758562363353,0.252948912389623,0.644948540220446,0,Not significant
1067,1,ENSG00000141503.17,MINK1,344.255204754536,-0.125005864143224,0.253365523793078,0.64540533614769,0,Not significant
1068,1,ENSG00000214975.4,PPIAP29,910.620938587023,0.10999680614853,0.255220115089504,0.64830679702175,0,Not significant
1069,1,ENSG00000181513.15,ACBD4,48.0490052125345,0.172646891856306,0.254827033178019,0.64830679702175,0,Not significant
1070,1,ENSG00000275562.1,SEPTIN7P12,91.3279776612331,0.161964145633482,0.255140243454115,0.64830679702175,0,Not significant
1071,1,ENSG00000141232.5,TOB1,167.920529973712,0.144110755451062,0.25624616082975,0.650305382946088,0,Not significant
1072,1,ENSG00000204392.11,LSM2,39.8988175604615,-0.172488323364267,0.256571052201228,0.650342938347657,0,Not significant
1073,1,ENSG00000226540.2,GAPDHP73,474.253560158659,-0.134807793352535,0.256739504358733,0.650342938347657,0,Not significant
1074,1,ENSG00000130396.22,AFDN,133.28816870122,0.148353022428431,0.257026873704627,0.650464658034615,0,Not significant
1075,1,ENSG00000272142.4,LYRM4-AS1,18.7779707159255,-0.155460679271808,0.257605396629442,0.651322295850068,0,Not significant
1076,1,ENSG00000145945.7,FAM50B,26.8265341819723,0.169619591012979,0.258987317096617,0.654207739654836,0,Not significant
1077,1,ENSG00000112874.10,NUDT12,61.1324687181821,-0.16669037580486,0.259876255700001,0.654628047259132,0,Not significant
1078,1,ENSG00000141741.12,MIEN1,81.6299768126561,0.161004051816829,0.259796657501321,0.654628047259132,0,Not significant
1079,1,ENSG00000121064.13,SCPEP1,531.596898797383,-0.122147891884355,0.259578253709328,0.654628047259132,0,Not significant
1080,1,ENSG00000055483.20,USP36,165.573002362321,0.141504187189372,0.260232592744714,0.654918691740864,0,Not significant
1081,1,ENSG00000271196.1,ENSG00000271196,7.80892270083351,0.116917642177367,0.261132680719546,0.656575972428979,0,Not significant
1082,1,ENSG00000228223.3,HCG11,686.769238194446,0.112733875030217,0.262156611666895,0.658541285129965,0,Not significant
1083,1,ENSG00000197603.16,CPLANE1,163.98719589392,-0.145814362032245,0.262541356927059,0.6588988071355,0,Not significant
1084,1,ENSG00000108654.16,DDX5,2985.62835705943,0.0987437019523873,0.26356731474465,0.660863433095902,0,Not significant
1085,1,ENSG00000276903.2,H2AC16,8.11128562778274,0.120110068040854,0.263877134458594,0.661030462173695,0,Not significant
1086,1,ENSG00000270382.1,ENSG00000270382,57.4414460419985,0.16798570185328,0.264247492999658,0.66134869794942,0,Not significant
1087,1,ENSG00000169992.10,NLGN2,384.601696401081,-0.122448001463916,0.2648291607568,0.662194718433287,0,Not significant
1088,1,ENSG00000253683.1,ENSG00000253683,210.226920037344,0.136780755908309,0.265771572328966,0.663940380137986,0,Not significant
1089,1,ENSG00000272070.3,ENSG00000272070,8.40077391972615,-0.121192136368749,0.267353944574375,0.665058566926683,0,Not significant
1090,1,ENSG00000164620.9,RELL2,6.03208300219578,-0.101838383756135,0.267143097361329,0.665058566926683,0,Not significant
1091,1,ENSG00000164332.8,UBLCP1,155.463314787278,0.147216152382948,0.267442609878905,0.665058566926683,0,Not significant
1092,1,ENSG00000253869.1,PIGFP1,143.318829820163,0.144343328464389,0.267409470835416,0.665058566926683,0,Not significant
1093,1,ENSG00000167100.15,SAMD14,13.0263397527242,-0.144699094547079,0.266896842742294,0.665058566926683,0,Not significant
1094,1,ENSG00000213089.4,PDCL3P5,25.9265055247856,0.163228241468001,0.267849579811803,0.665461753133895,0,Not significant
1095,1,ENSG00000113649.14,TCERG1,169.488695463152,-0.142144085301092,0.269218622842027,0.668252252862676,0,Not significant
1096,1,ENSG00000112977.16,DAP,788.981147091876,-0.106535901680487,0.269885402522295,0.669296098590873,0,Not significant
1097,1,ENSG00000247516.8,MIR4458HG,15.8561564602032,-0.149646833473586,0.271150420711783,0.669852845792916,0,Not significant
1098,1,ENSG00000245662.4,LINC02211,474.381372557644,0.117090412160289,0.271140289230014,0.669852845792916,0,Not significant
1099,1,ENSG00000113360.17,DROSHA,244.598177857056,0.129041169265865,0.27123526605667,0.669852845792916,0,Not significant
1100,1,ENSG00000248569.1,ENSG00000248569,39.7075967477733,-0.166528377485359,0.271421198670243,0.669852845792916,0,Not significant
1101,1,ENSG00000270906.1,MTND4P35,272.290676499231,0.135317527268607,0.271107766054238,0.669852845792916,0,Not significant
1102,1,ENSG00000112796.10,ENPP5,11.4870063432103,-0.127953854994999,0.271588607823323,0.669852845792916,0,Not significant
1103,1,ENSG00000216471.3,RPSAP43,346.783002745525,0.118974183674105,0.272112748699447,0.670537126894919,0,Not significant
1104,1,ENSG00000108883.13,EFTUD2,196.037298095315,0.132289689716063,0.272610792516278,0.671155918531925,0,Not significant
1105,1,ENSG00000197935.7,ZNF311,8.88988549112602,-0.122180382297363,0.273472365922569,0.672667774278319,0,Not significant
1106,1,ENSG00000270388.1,MTCO3P22,2524.00333446774,0.105527899551985,0.273780421328187,0.67281662311936,0,Not significant
1107,1,ENSG00000096696.16,DSP,37.1854326451072,0.157754908944196,0.274591031962797,0.673590636168666,0,Not significant
1108,1,ENSG00000214578.5,HMGN2P15,23.2173596113154,-0.159510748398976,0.274486698513626,0.673590636168666,0,Not significant
1109,1,ENSG00000204310.13,AGPAT1,246.07648268125,0.132845700221827,0.275278611792058,0.674158077966547,0,Not significant
1110,1,ENSG00000267340.1,ENSG00000267340,298.700720009621,0.127362972609787,0.275318420361614,0.674158077966547,0,Not significant
1111,1,ENSG00000183826.19,BTBD9,101.564096448835,0.150712907586553,0.276335935336001,0.674219993037028,0,Not significant
1112,1,ENSG00000034693.15,PEX3,62.2227988337894,-0.160064240369976,0.276187659413209,0.674219993037028,0,Not significant
1113,1,ENSG00000087152.16,ATXN7L3,218.543863767007,0.129781239462902,0.275819605941007,0.674219993037028,0,Not significant
1114,1,ENSG00000291140.1,AMZ2P1,18.7535781773481,-0.154001102750524,0.276262723685956,0.674219993037028,0,Not significant
1115,1,ENSG00000271681.1,ENSG00000271681,12.0004436205108,0.139139470492788,0.276585769646934,0.67422432457432,0,Not significant
1116,1,ENSG00000186868.18,MAPT,8.41459450195617,-0.112513726809126,0.277098545449831,0.674869038111686,0,Not significant
1117,1,ENSG00000251493.5,FOXD1,38.1990311253576,-0.160949341607858,0.277831329989387,0.676047945309897,0,Not significant
1118,1,ENSG00000188994.14,ZNF292,236.839934216919,-0.127812655642294,0.278279188323088,0.676532051755057,0,Not significant
1119,1,ENSG00000219433.2,BTBD10P2,10.9482300234201,-0.126654750778166,0.278830785168591,0.676627594998414,0,Not significant
1120,1,ENSG00000280279.1,LINC02887,21.36698782782,-0.153884078839861,0.279065317878301,0.676627594998414,0,Not significant
1121,1,ENSG00000240873.1,RPS29P22,17.4981927057841,-0.14772864348799,0.278861803407151,0.676627594998414,0,Not significant
1122,1,ENSG00000204569.10,PPP1R10,195.987221153235,-0.134838879769948,0.279643944002237,0.677409964990435,0,Not significant
1123,1,ENSG00000219747.1,RPL32P16,1587.64532321444,-0.108602054401301,0.279886457205393,0.677409964990435,0,Not significant
1124,1,ENSG00000270442.1,ENSG00000270442,115.194247062577,-0.146826484532872,0.280175605036205,0.677506489758367,0,Not significant
1125,1,ENSG00000145743.18,FBXL17,105.393509140609,0.15081600512866,0.28090518491012,0.678035241571684,0,Not significant
1126,1,ENSG00000064999.16,ANKS1A,147.326615536679,0.138911945960075,0.280877837020159,0.678035241571684,0,Not significant
1127,1,ENSG00000214561.3,RBBP4P4,14.1944513133958,-0.142237492334337,0.281142647995323,0.678035241571684,0,Not significant
1128,1,ENSG00000268942.2,CKS1BP3,18.3106416562279,-0.150285341877495,0.281434927465573,0.678138415648429,0,Not significant
1129,1,ENSG00000169220.18,RGS14,14.1808606264672,-0.140443679976314,0.281850322500193,0.678537800314902,0,Not significant
1130,1,ENSG00000145725.21,PPIP5K2,213.474371259143,-0.127915515961488,0.283258696099518,0.680168374048093,0,Not significant
1131,1,ENSG00000214743.4,MRPS5P3,16.3119231895896,0.146664485623192,0.283211049429463,0.680168374048093,0,Not significant
1132,1,ENSG00000226314.9,ZKSCAN8P1,6.98688410174149,-0.112056007180226,0.284029103953122,0.680168374048093,0,Not significant
1133,1,ENSG00000219023.1,ENSG00000219023,1241.83700391169,-0.102887273881791,0.283685687713104,0.680168374048093,0,Not significant
1134,1,ENSG00000132388.13,UBE2G1,193.279474686286,0.133763838251661,0.283484825875708,0.680168374048093,0,Not significant
1135,1,ENSG00000242439.1,ENSG00000242439,158.969657863812,0.140959959978328,0.284016292241258,0.680168374048093,0,Not significant
1136,1,ENSG00000108510.10,MED13,353.846831337201,0.119240846719136,0.284351090285916,0.680340020596055,0,Not significant
1137,1,ENSG00000250145.1,ENSG00000250145,9.89083749456638,-0.121198280365991,0.285711625688092,0.682994018135651,0,Not significant
1138,1,ENSG00000146197.9,SCUBE3,36.9283552148582,0.160435719064767,0.28650103750431,0.684279279382,0,Not significant
1139,1,ENSG00000029725.17,RABEP1,187.589273432002,-0.134798161746765,0.287202157147998,0.685351591859753,0,Not significant
1140,1,ENSG00000240103.2,ENSG00000240103,1193.96364463284,0.101556791441535,0.288388834726776,0.687561746766372,0,Not significant
1141,1,ENSG00000108679.13,LGALS3BP,726.760662448289,-0.104313661869543,0.288634272649165,0.687561746766372,0,Not significant
1142,1,ENSG00000174282.12,ZBTB4,794.425693337344,-0.106857643108053,0.289238882825,0.687796398528739,0,Not significant
1143,1,ENSG00000006282.22,SPATA20,263.025211831853,-0.122507583908148,0.289193105139119,0.687796398528739,0,Not significant
1144,1,ENSG00000242858.1,RPL13AP14,4786.42971572458,-0.100397313287745,0.290005452552634,0.688414689989572,0,Not significant
1145,1,ENSG00000096401.8,CDC5L,203.167529699994,0.127145826521552,0.289959414638613,0.688414689989572,0,Not significant
1146,1,ENSG00000111877.18,MCM9,32.8543661949479,-0.157791662324271,0.29113394850646,0.688687617093611,0,Not significant
1147,1,ENSG00000213859.8,KCTD11,135.383605556613,0.140591745088451,0.290619103620701,0.688687617093611,0,Not significant
1148,1,ENSG00000109046.15,WSB1,863.858081484233,0.10943912265527,0.29104084597646,0.688687617093611,0,Not significant
1149,1,ENSG00000264364.3,DYNLL2,356.124184659827,-0.116324313088568,0.290850907098268,0.688687617093611,0,Not significant
1150,1,ENSG00000124786.13,SLC35B3,138.008749896048,0.144029354118948,0.291738220082327,0.688818802153457,0,Not significant
1151,1,ENSG00000219867.1,ENSG00000219867,149.530325251179,0.135955616092368,0.292130330304333,0.688818802153457,0,Not significant
1152,1,ENSG00000108509.21,CAMTA2,186.860073294469,0.128846092963947,0.292203119530146,0.688818802153457,0,Not significant
1153,1,ENSG00000108839.12,ALOX12,8.52587292616862,-0.118621684101011,0.292196105867598,0.688818802153457,0,Not significant
1154,1,ENSG00000113240.14,CLK4,165.798416760874,0.136028917030623,0.293042847598683,0.6901997051761,0,Not significant
1155,1,ENSG00000111843.14,TMEM14C,299.704167548626,0.122360090942954,0.294446915343141,0.691708483926239,0,Not significant
1156,1,ENSG00000026297.17,RNASET2,31.1878075991709,-0.156291653734513,0.294292969449024,0.691708483926239,0,Not significant
1157,1,ENSG00000171298.14,GAA,569.397792361315,-0.108427580213063,0.293989145009696,0.691708483926239,0,Not significant
1158,1,ENSG00000113597.18,TRAPPC13,55.208121216761,-0.155337386096561,0.295467650792491,0.691714965421181,0,Not significant
1159,1,ENSG00000251627.1,ENSG00000251627,11.6841855689864,-0.130925462413478,0.294906668516328,0.691714965421181,0,Not significant
1160,1,ENSG00000226840.1,PAICSP3,37.071956051616,-0.158564863368761,0.295291507649906,0.691714965421181,0,Not significant
1161,1,ENSG00000167840.14,ZNF232,15.272223351848,-0.137355500621408,0.295337480680683,0.691714965421181,0,Not significant
1162,1,ENSG00000254996.5,ANKHD1-EIF4EBP3,7.30951276716643,-0.106063883781731,0.297020509024642,0.694751930747829,0,Not significant
1163,1,ENSG00000224389.9,C4B,12.0511575970577,-0.12420944897065,0.298963001700458,0.697494797100295,0,Not significant
1164,1,ENSG00000216624.3,GAPDHP72,1118.79793845087,-0.116627794227878,0.298788572877013,0.697494797100295,0,Not significant
1165,1,ENSG00000184185.10,KCNJ12,7.18287022597254,0.106027039953368,0.298945113940637,0.697494797100295,0,Not significant
1166,1,ENSG00000243744.2,RPL29P13,6.09052993931872,0.103133535160467,0.299673655230871,0.698164545061418,0,Not significant
1167,1,ENSG00000220773.1,RPSAP44,272.980067038467,0.115855500698085,0.300020672785775,0.698164545061418,0,Not significant
1168,1,ENSG00000243521.2,RPL5P33,58.8031404899619,0.153676966922467,0.29982775144562,0.698164545061418,0,Not significant
1169,1,ENSG00000282936.2,ENSG00000282936,8.04264439184967,-0.109766656384899,0.301041229447834,0.699341933024968,0,Not significant
1170,1,ENSG00000154803.13,FLCN,221.415567772268,-0.128343531077764,0.301035059379437,0.699341933024968,0,Not significant
1171,1,ENSG00000239317.1,RPL35AP17,132.146748928978,-0.136092074147278,0.301745363955384,0.700379077054427,0,Not significant
1172,1,ENSG00000111880.16,RNGTT,63.6075169359734,0.15244952107574,0.302232531228839,0.700911279761079,0,Not significant
1173,1,ENSG00000112183.15,RBM24,7.17504357893989,-0.0958684330260153,0.302729646770012,0.701330641695171,0,Not significant
1174,1,ENSG00000240898.1,RPL21P125,78.2186458935097,-0.149405371216781,0.302929423601961,0.701330641695171,0,Not significant
1175,1,ENSG00000137216.19,TMEM63B,176.468299265735,-0.133180669436906,0.303440009479447,0.70191484745969,0,Not significant
1176,1,ENSG00000164338.10,UTP15,37.26921925622,0.153943400087609,0.303829831402622,0.702218947068306,0,Not significant
1177,1,ENSG00000177731.16,FLII,739.598778526452,0.102126203358307,0.304131524077068,0.702319016517818,0,Not significant
1178,1,ENSG00000251273.4,LINC02228,42.671278778724,0.151289687554038,0.305985674065061,0.706000901620405,0,Not significant
1179,1,ENSG00000137267.7,TUBB2A,39.9694845926032,0.14451679234089,0.306671358507314,0.706982826482509,0,Not significant
1180,1,ENSG00000235672.1,ENSG00000235672,55.1712805514737,-0.151474794722827,0.307894144091796,0.709200240374153,0,Not significant
1181,1,ENSG00000113569.16,NUP155,93.9700742456551,-0.147081894423087,0.30829138693357,0.709302137784073,0,Not significant
1182,1,ENSG00000204389.10,HSPA1A,133.558985743908,0.139436933078464,0.308460311574972,0.709302137784073,0,Not significant
1183,1,ENSG00000276234.5,TADA2A,53.9751673687281,0.149646989858653,0.310422715812116,0.713211277749223,0,Not significant
1184,1,ENSG00000085365.18,SCAMP1,219.240099918029,-0.120795379040787,0.311474042209038,0.71381656553471,0,Not significant
1185,1,ENSG00000232654.1,FAM136BP,8.16815365679951,0.111536079765951,0.311365199496067,0.71381656553471,0,Not significant
1186,1,ENSG00000112305.15,SMAP1,42.1885512358618,-0.15092384880505,0.311111363011509,0.71381656553471,0,Not significant
1187,1,ENSG00000062194.16,GPBP1,216.0138968077,-0.120719602938676,0.312155737886026,0.714776154653933,0,Not significant
1188,1,ENSG00000250848.1,PPP4R2P1,41.5404937235954,-0.150426719915438,0.312652329384653,0.71531063238004,0,Not significant
1189,1,ENSG00000204498.11,NFKBIL1,49.6496241427674,-0.148511853039328,0.312936406598153,0.715358413064574,0,Not significant
1190,1,ENSG00000039319.17,ZFYVE16,194.379598064759,-0.122982052921331,0.313679740217618,0.7153589144184,0,Not significant
1191,1,ENSG00000113356.13,POLR3G,27.3996108858015,-0.146992672341461,0.31636168453765,0.7153589144184,0,Not significant
1192,1,ENSG00000155329.12,ZCCHC10,34.4346974488934,0.150009544582702,0.315372901378452,0.7153589144184,0,Not significant
1193,1,ENSG00000247627.2,MTND4P12,14756.5721096237,0.0953689974978411,0.31772427875668,0.7153589144184,0,Not significant
1194,1,ENSG00000113119.13,TMCO6,27.0015769222362,0.146805453927718,0.317937295297067,0.7153589144184,0,Not significant
1195,1,ENSG00000254012.1,RPL10P8,63.8932351603054,0.142772348731637,0.317937007212739,0.7153589144184,0,Not significant
1196,1,ENSG00000250903.11,GMDS-DT,34.1366187771821,-0.149505376694856,0.314154921666785,0.7153589144184,0,Not significant
1197,1,ENSG00000204308.8,RNF5,79.3979485604694,-0.14415452191304,0.316195344070874,0.7153589144184,0,Not significant
1198,1,ENSG00000065491.8,TBC1D22B,60.7654227310571,-0.146885753825696,0.314449727264267,0.7153589144184,0,Not significant
1199,1,ENSG00000186625.14,KATNA1,80.4821335970688,0.143938153891376,0.317345130327673,0.7153589144184,0,Not significant
1200,1,ENSG00000218596.2,ENSG00000218596,100.063959326037,-0.137427005632127,0.3165144145987,0.7153589144184,0,Not significant
1201,1,ENSG00000243775.2,OSTCP1,163.057394302367,0.129028278536426,0.314142755960317,0.7153589144184,0,Not significant
1202,1,ENSG00000263219.1,RYKP1,178.565887101133,0.126706013030097,0.317556596168839,0.7153589144184,0,Not significant
1203,1,ENSG00000108515.18,ENO3,21.3969180880738,0.142540499360947,0.317748795385251,0.7153589144184,0,Not significant
1204,1,ENSG00000108465.15,CDK5RAP3,56.6095905252857,0.147842465312228,0.317858867686125,0.7153589144184,0,Not significant
1205,1,ENSG00000173917.11,HOXB2,38.0415619638232,0.14996751030076,0.316091243768252,0.7153589144184,0,Not significant
1206,1,ENSG00000005882.12,PDK2,137.057337630237,-0.134438066202764,0.317048789375318,0.7153589144184,0,Not significant
1207,1,ENSG00000274561.1,ENSG00000274561,6.24684522891237,-0.100108826795816,0.314503802840701,0.7153589144184,0,Not significant
1208,1,ENSG00000161542.17,PRPSAP1,103.306115265635,-0.14141723389594,0.316358561981088,0.7153589144184,0,Not significant
1209,1,ENSG00000169570.10,DTWD2,16.8834391653638,-0.129800880374835,0.318342774185537,0.715678792585848,0,Not significant
1210,1,ENSG00000248885.1,SEPTIN7P10,201.530808644489,0.123192206481946,0.31973162555773,0.716373692547473,0,Not significant
1211,1,ENSG00000213676.13,ATF6B,288.708726719016,-0.114119382503397,0.319969706678673,0.716373692547473,0,Not significant
1212,1,ENSG00000239223.3,RPL34P31,698.529679473312,0.100780286377277,0.319635690397347,0.716373692547473,0,Not significant
1213,1,ENSG00000188825.16,LINC00910,22.2644233426493,-0.141389032342523,0.319152740838502,0.716373692547473,0,Not significant
1214,1,ENSG00000136492.10,BRIP1,16.26808449526,0.126185508826272,0.319303142275146,0.716373692547473,0,Not significant
1215,1,ENSG00000240065.8,PSMB9,28.6527616096064,-0.145620124227305,0.321248320982605,0.71864439212405,0,Not significant
1216,1,ENSG00000218265.1,RPS4XP7,547.244600424934,-0.109044779822692,0.321714734977335,0.718888737655869,0,Not significant
1217,1,ENSG00000160551.12,TAOK1,794.784077859825,0.0980120400015571,0.321886531908459,0.718888737655869,0,Not significant
1218,1,ENSG00000079215.15,SLC1A3,13.7503653633089,-0.120220801320908,0.324095044093891,0.720859517059897,0,Not significant
1219,1,ENSG00000263017.1,ENSG00000263017,13.993772096713,0.120482384374117,0.324010900335556,0.720859517059897,0,Not significant
1220,1,ENSG00000264176.1,MAGOH2P,26.1797938769946,0.144629502227369,0.323297246821016,0.720859517059897,0,Not significant
1221,1,ENSG00000136504.15,KAT7,139.544687234571,-0.127770783948638,0.323616629013595,0.720859517059897,0,Not significant
1222,1,ENSG00000167881.15,SRP68,263.968860193773,-0.115515706526588,0.323704936303411,0.720859517059897,0,Not significant
1223,1,ENSG00000217631.1,ENSG00000217631,9.46207732386053,0.109095227565596,0.326088130824833,0.7246995417677,0,Not significant
1224,1,ENSG00000253506.3,NACA2,1445.27074795049,-0.0813559032057194,0.326852877037049,0.725805653420506,0,Not significant
1225,1,ENSG00000212719.15,LINC02693,99.9863035048157,-0.135824547091572,0.329167060083633,0.730347811679441,0,Not significant
1226,1,ENSG00000053328.9,METTL24,6.0415928167801,-0.0804780086200383,0.330762344552867,0.733288786700402,0,Not significant
1227,1,ENSG00000219547.1,RPL17P25,610.722398510661,-0.099345986853633,0.331345331852874,0.733982568847688,0,Not significant
1228,1,ENSG00000235272.3,RAMACL,65.1790007875694,0.139844412950275,0.333634987948104,0.738452685051259,0,Not significant
1229,1,ENSG00000251583.1,MFFP2,166.323624471412,0.121713158799996,0.334390911928686,0.739439624583676,0,Not significant
1230,1,ENSG00000126581.13,BECN1,224.008280115656,0.116123358182467,0.334624995672524,0.739439624583676,0,Not significant
1231,1,ENSG00000181315.11,ZNF322,123.836405944241,-0.126495863255295,0.335390865822976,0.740321825761828,0,Not significant
1232,1,ENSG00000290928.1,ENSG00000290928,13.193758355914,0.1207778138586,0.335568980624935,0.740321825761828,0,Not significant
1233,1,ENSG00000091640.8,SPAG7,157.737206801066,0.124117357476938,0.336608248695311,0.7420123438393,0,Not significant
1234,1,ENSG00000204956.6,PCDHGA1,14.1991183067034,-0.121858540719515,0.336961140984662,0.742188315394093,0,Not significant
1235,1,ENSG00000145545.12,SRD5A1,87.7571958214198,0.132342516232022,0.338985111758599,0.744835516378232,0,Not significant
1236,1,ENSG00000280254.1,ENSG00000280254,6.28688978955369,-0.0927734041243133,0.338883151269105,0.744835516378232,0,Not significant
1237,1,ENSG00000280852.2,ENSG00000280852,35.5685870571509,0.141428011477017,0.338622187510737,0.744835516378232,0,Not significant
1238,1,ENSG00000215196.5,BASP1-AS1,12.3879264882603,-0.115304024735244,0.340410154419051,0.746759321800631,0,Not significant
1239,1,ENSG00000081189.17,MEF2C,27.076506177595,-0.138752210273248,0.340236415914021,0.746759321800631,0,Not significant
1240,1,ENSG00000215477.2,RCN1P1,571.740345781115,-0.100441793007167,0.341008706384025,0.74746908383208,0,Not significant
1241,1,ENSG00000248781.1,PSMC1P4,86.922737902913,0.133531498353844,0.341745991890886,0.747556070830896,0,Not significant
1242,1,ENSG00000152942.19,RAD17,95.1549598532927,-0.131367307221844,0.341873508477853,0.747556070830896,0,Not significant
1243,1,ENSG00000167280.17,ENGASE,68.0135131319714,-0.136729600555227,0.341484322691205,0.747556070830896,0,Not significant
1244,1,ENSG00000186468.13,RPS23,1514.27366620981,-0.0900887013443286,0.34258607940585,0.748026192079421,0,Not significant
1245,1,ENSG00000112511.18,PHF1,254.792448512186,-0.110182732156001,0.342638929043002,0.748026192079421,0,Not significant
1246,1,ENSG00000145782.13,ATG12,292.557905207286,0.111675408322008,0.345539817846924,0.750221511735686,0,Not significant
1247,1,ENSG00000198055.11,GRK6,58.2066478912242,0.137546482915698,0.345301529301071,0.750221511735686,0,Not significant
1248,1,ENSG00000218483.1,ENSG00000218483,8.07018293364832,0.0989993487054239,0.344195106243754,0.750221511735686,0,Not significant
1249,1,ENSG00000112769.20,LAMA4,3734.38736426585,-0.0910592129888623,0.345852668949527,0.750221511735686,0,Not significant
1250,1,ENSG00000270983.1,ENSG00000270983,66.6670867361599,0.135946058910156,0.344770921173499,0.750221511735686,0,Not significant
1251,1,ENSG00000166750.10,SLFN5,987.245646279804,-0.0878781678702581,0.345760330632655,0.750221511735686,0,Not significant
1252,1,ENSG00000109089.7,CDR2L,116.915226179245,0.130880155819722,0.344762939593684,0.750221511735686,0,Not significant
1253,1,ENSG00000169727.14,GPS1,287.887216160639,0.105239820041522,0.34547592114352,0.750221511735686,0,Not significant
1254,1,ENSG00000218426.5,ENSG00000218426,2311.145951251,-0.0871357653392785,0.346652331248295,0.75135648830372,0,Not significant
1255,1,ENSG00000154124.6,OTULIN,76.4867105401678,0.132579601446184,0.351733974059219,0.751860924153387,0,Not significant
1256,1,ENSG00000153071.15,DAB2,2396.01589605313,0.0858553868305779,0.351315409548272,0.751860924153387,0,Not significant
1257,1,ENSG00000172262.12,ZNF131,93.479295717007,0.129376000724379,0.352987686096412,0.751860924153387,0,Not significant
1258,1,ENSG00000248909.1,HMGB1P21,13.9262116744369,-0.117447806034939,0.351121079906864,0.751860924153387,0,Not significant
1259,1,ENSG00000272674.4,PCDHB16,9.18598268033223,-0.105571639423496,0.352790565264448,0.751860924153387,0,Not significant
1260,1,ENSG00000245060.8,LINC00847,16.9123178207894,0.126740857974439,0.351065273317748,0.751860924153387,0,Not significant
1261,1,ENSG00000233503.1,HNRNPLP1,369.550124882776,-0.101904422555352,0.349459852918456,0.751860924153387,0,Not significant
1262,1,ENSG00000135341.19,MAP3K7,293.728506117493,-0.104010413585044,0.352508945580064,0.751860924153387,0,Not significant
1263,1,ENSG00000132423.12,COQ3,9.48386935544953,0.105626631779788,0.350787104223948,0.751860924153387,0,Not significant
1264,1,ENSG00000118690.13,ARMC2,11.7204450645815,0.113194504027474,0.34924540082186,0.751860924153387,0,Not significant
1265,1,ENSG00000213133.4,PPP1R14BP5,60.1877207666687,-0.1367906920878,0.351423339920706,0.751860924153387,0,Not significant
1266,1,ENSG00000118496.5,FBXO30,183.435947949718,0.120683643948607,0.350038291363055,0.751860924153387,0,Not significant
1267,1,ENSG00000007168.14,PAFAH1B1,731.88104444587,0.0907031948483651,0.347173370620519,0.751860924153387,0,Not significant
1268,1,ENSG00000263781.3,ENSG00000263781,220.62468569997,0.113414368588786,0.353167962575727,0.751860924153387,0,Not significant
1269,1,ENSG00000196712.20,NF1,511.782007860328,-0.0937972850188353,0.352733927605383,0.751860924153387,0,Not significant
1270,1,ENSG00000267369.1,TAF5LP1,12.0631154240315,0.114903478505579,0.352751295359968,0.751860924153387,0,Not significant
1271,1,ENSG00000180329.14,CCDC43,46.8052655474974,-0.138713180252588,0.34774210644975,0.751860924153387,0,Not significant
1272,1,ENSG00000108389.10,MTMR4,186.533537863038,0.117544541632727,0.353082284863,0.751860924153387,0,Not significant
1273,1,ENSG00000182628.13,SKA2,80.6687570776995,-0.132337760158715,0.348382354746115,0.751860924153387,0,Not significant
1274,1,ENSG00000180616.9,SSTR2,32.3667220556747,0.133538974265523,0.351718936493082,0.751860924153387,0,Not significant
1275,1,ENSG00000166685.13,COG1,114.759669794516,-0.124827622400713,0.348134355225337,0.751860924153387,0,Not significant
1276,1,ENSG00000125450.11,NUP85,92.1123394593829,0.129518256252184,0.35324738783807,0.751860924153387,0,Not significant
1277,1,ENSG00000132471.12,WBP2,302.635807460466,0.113066264707036,0.351197157084697,0.751860924153387,0,Not significant
1278,1,ENSG00000240785.2,RPL36AP21,285.137009275404,-0.107776458844215,0.354900867936293,0.752923541366512,0,Not significant
1279,1,ENSG00000145715.15,RASA1,256.71013260988,-0.108364292396217,0.354247322650231,0.752923541366512,0,Not significant
1280,1,ENSG00000124782.21,RREB1,125.406221725893,0.123155322145751,0.35483884699631,0.752923541366512,0,Not significant
1281,1,ENSG00000206341.7,HLA-H,74.0710211116516,-0.131053334819019,0.355046774231496,0.752923541366512,0,Not significant
1282,1,ENSG00000135597.19,REPS1,82.5061109107238,-0.129370435329709,0.355131707149326,0.752923541366512,0,Not significant
1283,1,ENSG00000214810.4,CYCSP55,67.2371598622202,0.133166014400783,0.356382055376005,0.754397528436124,0,Not significant
1284,1,ENSG00000155111.15,CDK19,161.395760022902,-0.116827349514687,0.356333041825424,0.754397528436124,0,Not significant
1285,1,ENSG00000113212.7,PCDHB7,10.55252461927,-0.107542993683927,0.35885948453208,0.758460403544474,0,Not significant
1286,1,ENSG00000173801.17,JUP,45.3930878081731,0.134729117007555,0.358833631522224,0.758460403544474,0,Not significant
1287,1,ENSG00000198868.3,MTND4LP30,1432.18072552861,0.0850579354554169,0.360226794824801,0.758712707573332,0,Not significant
1288,1,ENSG00000185129.8,PURA,259.404656939181,0.106168759581841,0.359945339064346,0.758712707573332,0,Not significant
1289,1,ENSG00000113761.12,ZNF346,60.6338543231515,0.133172099047192,0.359662048730453,0.758712707573332,0,Not significant
1290,1,ENSG00000137275.16,RIPK1,206.42823818534,0.110971374742767,0.360457675809327,0.758712707573332,0,Not significant
1291,1,ENSG00000026652.15,AGPAT4,73.9930718282077,-0.129227381709935,0.360639140050759,0.758712707573332,0,Not significant
1292,1,ENSG00000141736.14,ERBB2,376.805187174034,0.0979160437295849,0.360653722658111,0.758712707573332,0,Not significant
1293,1,ENSG00000198478.8,SH3BGRL2,35.7640542989515,-0.133248445832455,0.361015965503727,0.758887389202731,0,Not significant
1294,1,ENSG00000248288.1,ENSG00000248288,225.377221376516,0.108589746609587,0.362422083304594,0.760521479368871,0,Not significant
1295,1,ENSG00000141034.10,GID4,100.958372413131,0.128528851876001,0.362632758374561,0.760521479368871,0,Not significant
1296,1,ENSG00000229944.3,EIF4EP2,75.7156509169139,-0.130631696427999,0.36255336312725,0.760521479368871,0,Not significant
1297,1,ENSG00000086200.17,IPO11,98.3257433376785,-0.124243086222357,0.363970843157166,0.761882959748043,0,Not significant
1298,1,ENSG00000161021.13,MAML1,168.518856251105,0.113618196130188,0.364285654569484,0.761882959748043,0,Not significant
1299,1,ENSG00000014123.10,UFL1,181.687614876053,-0.114569258265566,0.364403181630779,0.761882959748043,0,Not significant
1300,1,ENSG00000141543.12,EIF4A3,206.69725739314,0.110523433847687,0.364289054077046,0.761882959748043,0,Not significant
1301,1,ENSG00000219863.5,RPL31P28,486.124466810027,0.102800314271862,0.365499302677864,0.763587321044146,0,Not significant
1302,1,ENSG00000250853.1,RNF138P1,7.78699416039188,-0.0854396299994978,0.366687791939045,0.76438155823397,0,Not significant
1303,1,ENSG00000247828.10,TMEM161B-DT,50.096903325315,-0.132068018982786,0.367345825267571,0.76438155823397,0,Not significant
1304,1,ENSG00000069011.16,PITX1,16.7756988231179,-0.107730214462668,0.369254225887124,0.76438155823397,0,Not significant
1305,1,ENSG00000137210.14,TMEM14B,104.596751525063,0.121831468365153,0.368202843632917,0.76438155823397,0,Not significant
1306,1,ENSG00000137171.15,KLC4,74.8214237564732,-0.127329068166026,0.366507039296633,0.76438155823397,0,Not significant
1307,1,ENSG00000031691.7,CENPQ,15.5279775884202,0.116080162649038,0.367921783683956,0.76438155823397,0,Not significant
1308,1,ENSG00000146425.11,DYNLT1,152.727733655817,-0.114011485787108,0.367084475077138,0.76438155823397,0,Not significant
1309,1,ENSG00000213066.14,CEP43,49.3976630596482,-0.131683777771602,0.369032324355293,0.76438155823397,0,Not significant
1310,1,ENSG00000173805.16,HAP1,10.7288149299039,0.105224970313779,0.368160168121732,0.76438155823397,0,Not significant
1311,1,ENSG00000141756.20,FKBP10,1250.01518927698,-0.0820675027745214,0.369226685035067,0.76438155823397,0,Not significant
1312,1,ENSG00000271063.1,SNRPGP17,12.7126561547733,0.112914031251898,0.369184883576571,0.76438155823397,0,Not significant
1313,1,ENSG00000141564.16,RPTOR,127.935815529902,0.118419381487275,0.367470901472753,0.76438155823397,0,Not significant
1314,1,ENSG00000124733.5,MEA1,152.476334390503,-0.113331066805824,0.369872795616252,0.765079344356904,0,Not significant
1315,1,ENSG00000253953.3,PCDHGB4,43.7095373582597,-0.131233352331056,0.370593263504288,0.765986684566277,0,Not significant
1316,1,ENSG00000232159.3,RAB9BP1,23.96957982398,-0.126705919620491,0.371744863509472,0.766618011395102,0,Not significant
1317,1,ENSG00000137207.12,YIPF3,441.927838659845,0.0931377253228008,0.371280606568566,0.766618011395102,0,Not significant
1318,1,ENSG00000108423.15,TUBD1,9.59548571383919,-0.0882143337694237,0.371491215059663,0.766618011395102,0,Not significant
1319,1,ENSG00000185127.7,C6orf120,323.751883415937,0.098297512853853,0.372888378714387,0.768231656936805,0,Not significant
1320,1,ENSG00000004142.12,POLDIP2,286.138366072032,0.101128861101958,0.373092636922952,0.768231656936805,0,Not significant
1321,1,ENSG00000197744.5,PTMAP2,898.490427960471,-0.0939012933979791,0.37417942243035,0.769670717058404,0,Not significant
1322,1,ENSG00000137185.13,ZSCAN9,25.7307874277271,-0.128523857570048,0.374641044395978,0.769670717058404,0,Not significant
1323,1,ENSG00000278259.5,MYO19,64.1452659390902,0.127948457717192,0.374492190763544,0.769670717058404,0,Not significant
1324,1,ENSG00000108506.14,INTS2,49.994616926492,0.129740028191346,0.375112423201769,0.77005707421632,0,Not significant
1325,1,ENSG00000039139.11,DNAH5,42.8749605869943,-0.126852296711368,0.378612487044785,0.770366782235919,0,Not significant
1326,1,ENSG00000220157.4,HNRNPA1P12,1223.18712435707,0.0807039938427662,0.378350489283445,0.770366782235919,0,Not significant
1327,1,ENSG00000214857.4,SEM1P1,139.994410069421,0.112827974795176,0.379798192860976,0.770366782235919,0,Not significant
1328,1,ENSG00000094880.11,CDC23,123.062909821002,-0.116507819515368,0.378974707791472,0.770366782235919,0,Not significant
1329,1,ENSG00000218027.2,ENSG00000218027,77.1328446857542,-0.12579171120771,0.376898377729548,0.770366782235919,0,Not significant
1330,1,ENSG00000112308.14,C6orf62,429.358534477159,-0.0921374511470951,0.376877284766409,0.770366782235919,0,Not significant
1331,1,ENSG00000284656.1,ENSG00000284656,7.23321655037487,0.0923493406294206,0.379670759755136,0.770366782235919,0,Not significant
1332,1,ENSG00000130348.11,QRSL1,58.8648092339918,-0.127293958298972,0.37926760515122,0.770366782235919,0,Not significant
1333,1,ENSG00000224987.1,ENSG00000224987,18.4784835502532,0.120282504092411,0.378749353832281,0.770366782235919,0,Not significant
1334,1,ENSG00000233908.1,ENSG00000233908,6.24516602765376,0.0810070772158826,0.37609075928672,0.770366782235919,0,Not significant
1335,1,ENSG00000270890.1,ENSG00000270890,6.38414820041175,0.0848212549129091,0.379042258734669,0.770366782235919,0,Not significant
1336,1,ENSG00000235008.1,ENSG00000235008,37.002917331128,0.128827038367684,0.37904538319955,0.770366782235919,0,Not significant
1337,1,ENSG00000170222.12,ADPRM,33.3006559056388,0.129671577118472,0.375727444453769,0.770366782235919,0,Not significant
1338,1,ENSG00000265646.2,TUFMP1,258.970523446933,0.103071185621145,0.377425815126701,0.770366782235919,0,Not significant
1339,1,ENSG00000167524.17,RSKR,7.2337925440176,0.0908974736817529,0.377869847319305,0.770366782235919,0,Not significant
1340,1,ENSG00000224877.4,NDUFAF8,50.7834321801737,-0.129722025438224,0.377843588883895,0.770366782235919,0,Not significant
1341,1,ENSG00000170464.10,DNAJC18,88.2154932149043,-0.121992168571287,0.380109064314926,0.770422398812803,0,Not significant
1342,1,ENSG00000113558.19,SKP1,80.0433828657116,0.123175271256937,0.381480711389135,0.771476617228919,0,Not significant
1343,1,ENSG00000266179.2,ENSG00000266179,50.8444330225062,0.12815743220358,0.380920897921739,0.771476617228919,0,Not significant
1344,1,ENSG00000131470.15,PSMC3IP,9.7804454603163,0.101643080710969,0.381318424406989,0.771476617228919,0,Not significant
1345,1,ENSG00000172869.15,DMXL1,254.17713288133,0.100021907536639,0.382735778635188,0.773439290952,0,Not significant
1346,1,ENSG00000244361.1,RPL30P7,390.650875115704,-0.0938272010310789,0.383871916811848,0.775158892938042,0,Not significant
1347,1,ENSG00000113318.11,MSH3,85.1903274494265,-0.121543061983852,0.385801187133875,0.776226370169661,0,Not significant
1348,1,ENSG00000248616.1,ANKRD49P3,13.9258898620521,0.111868273330645,0.385393209103809,0.776226370169661,0,Not significant
1349,1,ENSG00000048162.22,NOP16,30.5649672321723,0.125294926670453,0.386651504125195,0.776226370169661,0,Not significant
1350,1,ENSG00000111846.20,GCNT2,7.77017505739532,0.0820362991619586,0.386685248421531,0.776226370169661,0,Not significant
1351,1,ENSG00000146109.5,ABT1,51.0844600389462,0.126954298531029,0.38499572080584,0.776226370169661,0,Not significant
1352,1,ENSG00000112200.17,ZNF451,152.444313949499,-0.109232852141132,0.386385835478681,0.776226370169661,0,Not significant
1353,1,ENSG00000236548.3,RNF217-AS1,16.7326719291168,0.111991949115439,0.386563515977466,0.776226370169661,0,Not significant
1354,1,ENSG00000146872.19,TLK2,143.204693490042,0.11030174367212,0.38514280367138,0.776226370169661,0,Not significant
1355,1,ENSG00000176087.16,SLC35A4,202.055353703828,0.103878747353742,0.389791049722381,0.778990072627775,0,Not significant
1356,1,ENSG00000145996.11,CDKAL1,39.4561885913618,-0.126143824467706,0.388929305332793,0.778990072627775,0,Not significant
1357,1,ENSG00000137269.15,LRRC1,19.6880651956129,0.117606945282919,0.390641452903479,0.778990072627775,0,Not significant
1358,1,ENSG00000156535.15,CD109,790.972434304302,0.0829524485865405,0.390576551309414,0.778990072627775,0,Not significant
1359,1,ENSG00000108559.13,NUP88,79.5231754625089,0.121656646732929,0.390524632279002,0.778990072627775,0,Not significant
1360,1,ENSG00000170175.11,CHRNB1,22.787618360132,0.119927915736226,0.39018220914873,0.778990072627775,0,Not significant
1361,1,ENSG00000109118.14,PHF12,163.157977252458,-0.109882592675176,0.388887348949513,0.778990072627775,0,Not significant
1362,1,ENSG00000251550.1,ENSG00000251550,10.3762888097697,0.101323686615789,0.390340947741875,0.778990072627775,0,Not significant
1363,1,ENSG00000178927.19,CYBC1,174.775794833783,-0.108455043080709,0.390221148375594,0.778990072627775,0,Not significant
1364,1,ENSG00000203875.13,SNHG5,113.453817236585,-0.119168796996468,0.39135757465153,0.779845958873063,0,Not significant
1365,1,ENSG00000250346.1,EEF1GP2,918.64753266714,-0.0818955029797065,0.392269516073969,0.780924310538884,0,Not significant
1366,1,ENSG00000050748.18,MAPK9,183.490288893171,-0.105365064002231,0.392473365782235,0.780924310538884,0,Not significant
1367,1,ENSG00000219222.1,RPL12P47,15.1761446610301,-0.109621657448898,0.39299668302325,0.780967036996873,0,Not significant
1368,1,ENSG00000198738.4,SMIM11P1,10.4789352382142,0.100580552343979,0.393069502064651,0.780967036996873,0,Not significant
1369,1,ENSG00000249669.12,CARMN,76.4656641536008,0.120916911400735,0.393984424473352,0.78221305019618,0,Not significant
1370,1,ENSG00000176994.11,SMCR8,208.578663448778,-0.102682537973033,0.394659540267021,0.7829814820772,0,Not significant
1371,1,ENSG00000164221.13,CCDC112,31.8164518493306,0.123380130312759,0.395928348279724,0.783782411234006,0,Not significant
1372,1,ENSG00000055208.20,TAB2,337.371532132457,0.0970932504614577,0.395427411386144,0.783782411234006,0,Not significant
1373,1,ENSG00000217557.1,ENSG00000217557,27.7778494582199,0.119427437950597,0.395878773773701,0.783782411234006,0,Not significant
1374,1,ENSG00000170296.10,GABARAP,38.6776748656853,0.123604732184151,0.397342628364334,0.786009653489272,0,Not significant
1375,1,ENSG00000249360.1,TOMM40P3,32.8494298896249,0.119822221879247,0.399066748128423,0.787700378658716,0,Not significant
1376,1,ENSG00000120725.13,SIL1,194.655770960142,-0.102090477498856,0.3989406100551,0.787700378658716,0,Not significant
1377,1,ENSG00000167693.17,NXN,323.44777987351,-0.0984646851651397,0.398785982241859,0.787700378658716,0,Not significant
1378,1,ENSG00000204435.15,CSNK2B,68.0581840024509,-0.120215557537559,0.399415071714912,0.787815794572664,0,Not significant
1379,1,ENSG00000249215.1,NCOA4P4,375.540016838267,-0.0895673662054543,0.399795691694376,0.787994699075645,0,Not significant
1380,1,ENSG00000204356.14,NELFE,171.336823761024,-0.105185368655866,0.400608094947545,0.789023769614079,0,Not significant
1381,1,ENSG00000164241.14,C5orf63,11.3147997117636,0.0980657898191227,0.403394020509007,0.793935516106792,0,Not significant
1382,1,ENSG00000130347.13,RTN4IP1,10.9545773103367,-0.0949477961682978,0.40429991357522,0.795142666495983,0,Not significant
1383,1,ENSG00000044115.21,CTNNA1,1576.00277354448,0.0768983751919488,0.404824155520523,0.795598014970918,0,Not significant
1384,1,ENSG00000240376.1,ENSG00000240376,3270.15842737475,-0.0801222170522625,0.406933123737906,0.798432357732966,0,Not significant
1385,1,ENSG00000010704.19,HFE,84.8100244140609,-0.118315409492673,0.408011349085692,0.798432357732966,0,Not significant
1386,1,ENSG00000122194.20,PLG,17.5348331820035,0.110280006339091,0.408028898046758,0.798432357732966,0,Not significant
1387,1,ENSG00000070444.15,MNT,164.2328973822,0.104507183074537,0.40730564522401,0.798432357732966,0,Not significant
1388,1,ENSG00000180787.6,ZFP3,21.7241554463723,0.115169496760266,0.407613301668706,0.798432357732966,0,Not significant
1389,1,ENSG00000264920.4,SP2-DT,10.0347149259706,0.0941979232791994,0.407905505229778,0.798432357732966,0,Not significant
1390,1,ENSG00000185250.16,PPIL6,9.85825974645604,0.0920645348394925,0.408830328268607,0.799425059161204,0,Not significant
1391,1,ENSG00000132842.15,AP3B1,379.105748128878,0.0887919641476298,0.410934608832702,0.800780903465963,0,Not significant
1392,1,ENSG00000230929.5,ENSG00000230929,124.317991789212,0.108266667058223,0.410949332060374,0.800780903465963,0,Not significant
1393,1,ENSG00000175414.7,ARL10,113.524041714561,-0.113490831746609,0.409877847681131,0.800780903465963,0,Not significant
1394,1,ENSG00000266736.1,GTF2IP6,25.8801844356849,-0.11591812874676,0.410843013217586,0.800780903465963,0,Not significant
1395,1,ENSG00000136444.10,RSAD1,84.6634662224048,-0.113914545769137,0.410996821315312,0.800780903465963,0,Not significant
1396,1,ENSG00000219163.2,HMGB1P20,69.8055346946477,-0.116551231409858,0.411388404885284,0.800926078167573,0,Not significant
1397,1,ENSG00000161692.18,DBF4B,18.404141379201,-0.111186959638843,0.411660681089072,0.800926078167573,0,Not significant
1398,1,ENSG00000164615.6,CAMLG,205.721011345816,0.101363216110452,0.411964661726658,0.800944170653117,0,Not significant
1399,1,ENSG00000085231.14,AK6,46.5878883884216,0.119887536623214,0.413097020445444,0.801080696102744,0,Not significant
1400,1,ENSG00000113648.17,MACROH2A1,320.135351282324,0.0906428175256866,0.413492764183087,0.801080696102744,0,Not significant
1401,1,ENSG00000216854.2,RPL17P26,626.237859216093,-0.0825406349648922,0.41254191339846,0.801080696102744,0,Not significant
1402,1,ENSG00000167302.11,TEPSIN,39.7889820194598,0.119666508822809,0.413012560381825,0.801080696102744,0,Not significant
1403,1,ENSG00000169718.18,DUS1L,112.063153347427,0.109866741630078,0.413508541807266,0.801080696102744,0,Not significant
1404,1,ENSG00000131759.18,RARA,136.023416705741,-0.104259363553893,0.4144057966936,0.801105942683646,0,Not significant
1405,1,ENSG00000263503.1,MAPK8IP1P2,10.1998993823784,-0.0950557635973078,0.41398614510691,0.801105942683646,0,Not significant
1406,1,ENSG00000236319.2,ENSG00000236319,82.7984709384231,-0.112590917373174,0.41433741648883,0.801105942683646,0,Not significant
1407,1,ENSG00000113555.6,PCDH12,6.93743619226483,-0.0833332476831447,0.41477440550353,0.801248638350102,0,Not significant
1408,1,ENSG00000262135.1,GARS1P1,27.3556171101439,-0.11657465416278,0.415193854492259,0.801489273089461,0,Not significant
1409,1,ENSG00000262879.7,ENSG00000262879,175.921737135633,-0.107100324202996,0.415706270930072,0.801908903043248,0,Not significant
1410,1,ENSG00000188725.8,SMIM15,163.435960647158,0.103370558882621,0.417668398137053,0.802844912402058,0,Not significant
1411,1,ENSG00000248489.4,CHD1-DT,10.0550225316334,-0.0858152108006707,0.416934518910236,0.802844912402058,0,Not significant
1412,1,ENSG00000283498.1,MIR1244-2,281.873459893429,0.0961374559294307,0.416602398136554,0.802844912402058,0,Not significant
1413,1,ENSG00000213386.3,ENSG00000213386,21.2456045130586,0.112391524720623,0.417090495380799,0.802844912402058,0,Not significant
1414,1,ENSG00000141456.16,PELP1,170.498345417012,-0.0999170873435669,0.417651564528418,0.802844912402058,0,Not significant
1415,1,ENSG00000242123.1,RPL36AP47,9.31584420275607,-0.0861091649012013,0.418104347203885,0.803114922756296,0,Not significant
1416,1,ENSG00000198939.8,ZFP2,8.07760361017914,-0.0866963394105877,0.419397314177508,0.8050295903492,0,Not significant
1417,1,ENSG00000213430.6,HSPD1P1,412.309020341215,-0.086278749982454,0.42023110537171,0.806060793507627,0,Not significant
1418,1,ENSG00000137409.21,MTCH1,864.183480556237,-0.0773058052584176,0.420543252348037,0.806090662822259,0,Not significant
1419,1,ENSG00000184084.7,ENSG00000184084,7.19742905132711,-0.0826395774154185,0.421443082764514,0.806151290596069,0,Not significant
1420,1,ENSG00000164430.17,CGAS,11.8591620404911,0.0929937353086973,0.421024864390931,0.806151290596069,0,Not significant
1421,1,ENSG00000013392.8,RWDD2A,49.3603490156099,-0.11737821179991,0.421464674001845,0.806151290596069,0,Not significant
1422,1,ENSG00000157111.13,TMEM171,8.58929467494328,0.0867499898916849,0.422954214074739,0.807296035010633,0,Not significant
1423,1,ENSG00000235559.1,NOP56P1,30.5113236985553,0.114690403120003,0.422680941993513,0.807296035010633,0,Not significant
1424,1,ENSG00000175931.13,UBE2O,103.31679176505,0.10908616484548,0.422590567307134,0.807296035010633,0,Not significant
1425,1,ENSG00000243538.1,RPS26P28,6.94473003612582,0.0657704871620526,0.423702274969236,0.807540805477168,0,Not significant
1426,1,ENSG00000236603.2,RANP1,440.481820614225,0.0868127651641719,0.423973778298719,0.807540805477168,0,Not significant
1427,1,ENSG00000109083.14,IFT20,68.1154038945088,-0.113268741216448,0.423448063584387,0.807540805477168,0,Not significant
1428,1,ENSG00000216754.2,RPL6P17,35.996980551882,-0.113868649382066,0.424757468222071,0.808466945817639,0,Not significant
1429,1,ENSG00000057663.16,ATG5,116.76213180423,0.104844613971576,0.425414538727196,0.808680358391861,0,Not significant
1430,1,ENSG00000112357.14,PEX7,19.2884158157739,-0.105963168055268,0.425464647719044,0.808680358391861,0,Not significant
1431,1,ENSG00000145736.15,GTF2H2,8.86764261733352,0.0870974795784397,0.425958600972133,0.809053443355876,0,Not significant
1432,1,ENSG00000213896.4,RPL31P8,59.1222399363895,0.114167193906485,0.427826289750729,0.809207971845847,0,Not significant
1433,1,ENSG00000120733.15,KDM3B,391.971505548749,0.0861217442134772,0.427805620589451,0.809207971845847,0,Not significant
1434,1,ENSG00000249129.1,SUDS3P1,36.3458837285272,-0.113758004706577,0.427781594412161,0.809207971845847,0,Not significant
1435,1,ENSG00000111907.21,TPD52L1,42.7431719015656,-0.113851704232873,0.426479504598168,0.809207971845847,0,Not significant
1436,1,ENSG00000261868.1,MFSD1P1,127.693246723425,-0.10388457099,0.427352329536701,0.809207971845847,0,Not significant
1437,1,ENSG00000181045.15,SLC26A11,64.3853589335904,-0.113953736979904,0.427816817243964,0.809207971845847,0,Not significant
1438,1,ENSG00000146007.11,ZMAT2,250.428103289712,-0.0904188443277052,0.429550868604874,0.811904910200312,0,Not significant
1439,1,ENSG00000265262.1,TRMT112P3,57.7993099337672,0.114153457016299,0.429997856205955,0.812184970929664,0,Not significant
1440,1,ENSG00000164211.13,STARD4,61.0665139975978,-0.112512849592625,0.430855202345289,0.812306594049784,0,Not significant
1441,1,ENSG00000213661.3,ENSG00000213661,538.38456317735,-0.0851897983943326,0.432717292270288,0.812306594049784,0,Not significant
1442,1,ENSG00000253213.1,USP12P1,51.0513856265405,0.113047174403975,0.433050866364289,0.812306594049784,0,Not significant
1443,1,ENSG00000204590.13,GNL1,402.375936132942,-0.0856306411033208,0.432921224720836,0.812306594049784,0,Not significant
1444,1,ENSG00000228285.2,LYPLA2P1,53.5501590699394,0.113657832571857,0.433037845296462,0.812306594049784,0,Not significant
1445,1,ENSG00000177370.5,TIMM22,68.2675595999466,-0.113110086100496,0.430861327450885,0.812306594049784,0,Not significant
1446,1,ENSG00000230865.1,TSEN15P1,13.2955615784141,-0.0980026385110375,0.431899902512446,0.812306594049784,0,Not significant
1447,1,ENSG00000291063.1,ENSG00000291063,741.923272180442,0.0836474037746068,0.433049548849468,0.812306594049784,0,Not significant
1448,1,ENSG00000262902.1,MTCO1P40,20474.7418419847,0.0766290301019703,0.431751513619428,0.812306594049784,0,Not significant
1449,1,ENSG00000266714.11,MYO15B,26.2951677846245,0.11185243507309,0.431262138779209,0.812306594049784,0,Not significant
1450,1,ENSG00000169710.9,FASN,312.11336893039,0.0985495963809745,0.43336633819177,0.812337729107056,0,Not significant
1451,1,ENSG00000146223.16,RPL7L1,436.776640595552,0.081393641642565,0.434333560137769,0.812469797972785,0,Not significant
1452,1,ENSG00000060303.5,RPS17P5,218.568386515371,0.0925559759884573,0.434228794202032,0.812469797972785,0,Not significant
1453,1,ENSG00000255389.1,ENSG00000255389,8.04861106063473,0.0837477116476673,0.433854433345687,0.812469797972785,0,Not significant
1454,1,ENSG00000266962.3,HSD17B1-AS1,9.85690299886286,0.0891450848501149,0.43480405589909,0.812790525401463,0,Not significant
1455,1,ENSG00000240412.1,RPL5P15,6.4607806556862,0.0771114265772993,0.436311741638766,0.813705753902385,0,Not significant
1456,1,ENSG00000164309.15,CMYA5,110.846280132353,-0.105903144113315,0.436331968937478,0.813705753902385,0,Not significant
1457,1,ENSG00000253846.3,PCDHGA10,109.182945502301,-0.103246492782669,0.436427516115428,0.813705753902385,0,Not significant
1458,1,ENSG00000087111.22,PIGS,225.875803908163,0.0919304111788833,0.436491166000617,0.813705753902385,0,Not significant
1459,1,ENSG00000270612.1,ENSG00000270612,31.2400272684963,0.111262946593971,0.438175855006904,0.814858699599866,0,Not significant
1460,1,ENSG00000224936.1,SUCLA2P1,100.28540644913,-0.106025394503142,0.43824271997862,0.814858699599866,0,Not significant
1461,1,ENSG00000218363.1,SLC25A20P1,16.9386574801453,-0.10033472090933,0.438308836944446,0.814858699599866,0,Not significant
1462,1,ENSG00000264168.2,MTND1P15,36.0703952164219,-0.112296485205376,0.437553401423613,0.814858699599866,0,Not significant
1463,1,ENSG00000285967.1,NIPBL-DT,38.2787689441853,-0.111604213968247,0.439860288063423,0.815612375738034,0,Not significant
1464,1,ENSG00000250859.1,HNRNPKP1,1041.20567985726,0.0719916130986992,0.439837011601486,0.815612375738034,0,Not significant
1465,1,ENSG00000168246.6,UBTD2,145.068776579461,-0.0975955496864272,0.440214626640065,0.815612375738034,0,Not significant
1466,1,ENSG00000137414.7,FAM8A1,355.462926496887,0.0864106901307417,0.440001489359839,0.815612375738034,0,Not significant
1467,1,ENSG00000135525.19,MAP7,8.43341055328963,-0.0809351590521489,0.439031954801518,0.815612375738034,0,Not significant
1468,1,ENSG00000006695.12,COX10,37.0450467956046,0.11206900699945,0.440622313882978,0.815811613851454,0,Not significant
1469,1,ENSG00000124541.7,RRP36,95.7018381661109,-0.104839949903955,0.441725032235614,0.816185341683481,0,Not significant
1470,1,ENSG00000112159.13,MDN1,284.087716208231,0.0901105431724889,0.44131497330582,0.816185341683481,0,Not significant
1471,1,ENSG00000132522.16,GPS2,10.1969988037594,0.0879240457722822,0.441491339189779,0.816185341683481,0,Not significant
1472,1,ENSG00000164300.17,SERINC5,130.471423730661,-0.100831081967626,0.442704590794359,0.816884642076759,0,Not significant
1473,1,ENSG00000219758.6,ENSG00000219758,205.732202544582,-0.0942118046414669,0.442624987846652,0.816884642076759,0,Not significant
1474,1,ENSG00000108298.12,RPL19,3284.73386365427,-0.0752673015542965,0.443206052727845,0.817255123008333,0,Not significant
1475,1,ENSG00000152413.15,HOMER1,25.3913351182413,-0.105175605988005,0.444312893388097,0.817631986613979,0,Not significant
1476,1,ENSG00000254122.3,PCDHGB7,194.058880700404,-0.100078264009195,0.444227853838641,0.817631986613979,0,Not significant
1477,1,ENSG00000214641.3,ENSG00000214641,118.930058359122,-0.102798661408564,0.443878839646523,0.817631986613979,0,Not significant
1478,1,ENSG00000127184.13,COX7C,437.50322503474,-0.0826756980332502,0.444720981682788,0.817829247776601,0,Not significant
1479,1,ENSG00000280009.1,ENSG00000280009,13.2700489621875,0.0945109052576295,0.448337624828245,0.818389297705285,0,Not significant
1480,1,ENSG00000271585.1,SELENOTP2,14.9370405091456,-0.0959041572057031,0.446882916395495,0.818389297705285,0,Not significant
1481,1,ENSG00000253159.3,PCDHGA12,170.115627300253,-0.0980404637691441,0.445954038551235,0.818389297705285,0,Not significant
1482,1,ENSG00000048140.18,TSPAN17,178.343732434411,0.0938357878304053,0.448165427556774,0.818389297705285,0,Not significant
1483,1,ENSG00000204394.13,VARS1,202.0573463233,0.0929153288668243,0.447680182393544,0.818389297705285,0,Not significant
1484,1,ENSG00000198719.9,DLL1,43.5006992643306,-0.108739221579013,0.447461751996822,0.818389297705285,0,Not significant
1485,1,ENSG00000262519.1,TXNP4,330.429014928641,0.0882052793266541,0.44746627038544,0.818389297705285,0,Not significant
1486,1,ENSG00000180340.7,FZD2,429.145467746106,0.079798244241922,0.447403129829598,0.818389297705285,0,Not significant
1487,1,ENSG00000015532.10,XYLT2,124.792535282215,0.0989587418147602,0.448156995687096,0.818389297705285,0,Not significant
1488,1,ENSG00000153944.12,MSI2,131.551830392733,-0.0985872062473554,0.448168883553574,0.818389297705285,0,Not significant
1489,1,ENSG00000108395.14,TRIM37,166.834290861586,-0.0957297313949218,0.445518065222735,0.818389297705285,0,Not significant
1490,1,ENSG00000267203.1,SNRPGP4,52.2517833688515,0.109296144201255,0.449061330871297,0.819160199535694,0,Not significant
1491,1,ENSG00000248493.1,ENSG00000248493,15.9359593795968,0.0936679546758321,0.450465664543807,0.820548559641332,0,Not significant
1492,1,ENSG00000124635.9,H2BC11,8.13493512756759,-0.0788328916469282,0.450769982379195,0.820548559641332,0,Not significant
1493,1,ENSG00000279207.1,ENSG00000279207,26.5931497425824,-0.104745524760856,0.451030002981659,0.820548559641332,0,Not significant
1494,1,ENSG00000132478.10,UNK,69.4340123768939,-0.106408992695047,0.450664823230555,0.820548559641332,0,Not significant
1495,1,ENSG00000120727.13,PAIP2,155.918330111479,0.0934466402726797,0.452214531166383,0.821966877350625,0,Not significant
1496,1,ENSG00000161654.10,LSM12,171.032179084269,0.0922526690419006,0.452414440219476,0.821966877350625,0,Not significant
1497,1,ENSG00000251552.1,COQ10BP2,11.6739891184347,0.0904072451322721,0.452950347459172,0.822036884245699,0,Not significant
1498,1,ENSG00000244234.3,GMCL2,41.38781554787,0.10906551823209,0.45316141045456,0.822036884245699,0,Not significant
1499,1,ENSG00000213536.2,GNG5P1,53.9167897028147,0.10783741544715,0.453360297823511,0.822036884245699,0,Not significant
1500,1,ENSG00000089685.15,BIRC5,11.7326296337791,0.0888547771124094,0.454886756153515,0.824254802150169,0,Not significant
1501,1,ENSG00000124784.9,RIOK1,62.7344364041667,0.106326317804629,0.455252134635037,0.82436728976551,0,Not significant
1502,1,ENSG00000112996.11,MRPS30,102.776935140426,-0.101717404154427,0.457014535234121,0.82449468984103,0,Not significant
1503,1,ENSG00000152359.15,POC5,16.4797744022213,-0.0928061947121246,0.45589917446885,0.82449468984103,0,Not significant
1504,1,ENSG00000113712.19,CSNK1A1,595.427936591423,-0.075299575702458,0.456012777701162,0.82449468984103,0,Not significant
1505,1,ENSG00000253480.1,ENSG00000253480,24.9414881918245,-0.101967666843311,0.456838306064881,0.82449468984103,0,Not significant
1506,1,ENSG00000120256.11,LRP11,18.5061422027575,-0.0974424598808412,0.456360350388207,0.82449468984103,0,Not significant
1507,1,ENSG00000186834.4,HEXIM1,191.405104892426,0.0989921526586727,0.457142567178231,0.82449468984103,0,Not significant
1508,1,ENSG00000248626.1,GAPDHP40,992.031974599474,-0.0782358368216191,0.457593129413081,0.824671995761604,0,Not significant
1509,1,ENSG00000066651.20,TRMT11,48.5233427516575,-0.106524755704698,0.457847697426145,0.824671995761604,0,Not significant
1510,1,ENSG00000291079.1,ENSG00000291079,17.4193631232995,-0.0970467436761532,0.460762398390936,0.826220203133541,0,Not significant
1511,1,ENSG00000248587.8,GDNF-AS1,17.4634193391889,0.0970777957816677,0.460434632833588,0.826220203133541,0,Not significant
1512,1,ENSG00000047188.16,YTHDC2,146.749512649491,0.0932554397054431,0.459692585310865,0.826220203133541,0,Not significant
1513,1,ENSG00000131503.21,ANKHD1,7.49291151490968,0.0779705350184153,0.460128272066301,0.826220203133541,0,Not significant
1514,1,ENSG00000204463.14,BAG6,626.807422679391,-0.0751442057831114,0.460204225653166,0.826220203133541,0,Not significant
1515,1,ENSG00000271268.1,ENSG00000271268,39.5801141775905,0.107341028538967,0.459397633509589,0.826220203133541,0,Not significant
1516,1,ENSG00000189159.16,JPT1,96.0399981067189,0.100580365724848,0.46083510962121,0.826220203133541,0,Not significant
1517,1,ENSG00000180822.12,PSMG4,25.7763129564778,0.103571993989557,0.462013530271963,0.826697021250292,0,Not significant
1518,1,ENSG00000183137.16,CEP57L1,61.2137081988557,-0.104865247382952,0.461952145097976,0.826697021250292,0,Not significant
1519,1,ENSG00000271607.1,RBISP4,13.7789279885414,0.0914756370351072,0.462001228418798,0.826697021250292,0,Not significant
1520,1,ENSG00000219682.4,ENSG00000219682,84.3224166520392,0.102135826567749,0.462918297824899,0.827771008873734,0,Not significant
1521,1,ENSG00000226068.1,HNRNPA3P4,249.843678225436,0.0884796551454393,0.463271386754877,0.827857744378538,0,Not significant
1522,1,ENSG00000113595.15,TRIM23,89.6598593395373,0.100824678696536,0.465348474183098,0.82884479215574,0,Not significant
1523,1,ENSG00000124562.10,SNRPC,138.068933749328,-0.0938717280545456,0.464705273793324,0.82884479215574,0,Not significant
1524,1,ENSG00000219790.3,OSTCP6,22.4150957148208,0.100160883113056,0.465134752784549,0.82884479215574,0,Not significant
1525,1,ENSG00000178082.6,TWF1P1,252.681724474399,-0.088027536309117,0.46491147624124,0.82884479215574,0,Not significant
1526,1,ENSG00000068097.16,HEATR6,95.52743736016,-0.0996496553212731,0.46437627480548,0.82884479215574,0,Not significant
1527,1,ENSG00000124787.14,RPP40,10.9535555134928,0.0855258928207004,0.466023168139876,0.829502927966066,0,Not significant
1528,1,ENSG00000081059.20,TCF7,10.3334958587296,-0.0830826041656427,0.466828601021104,0.8303927601933,0,Not significant
1529,1,ENSG00000251435.1,C1GALT1P2,40.3311841872805,0.10495599497159,0.467905698203937,0.830677784270608,0,Not significant
1530,1,ENSG00000065060.18,BLTP3A,74.5064447540798,-0.102148592255959,0.467409592093164,0.830677784270608,0,Not significant
1531,1,ENSG00000231096.1,NDUFB4P3,56.4816619692195,-0.104009234428491,0.467707471728849,0.830677784270608,0,Not significant
1532,1,ENSG00000108785.7,HSD17B1P1,9.29937639216769,-0.0810227194327987,0.469198894718718,0.832429892849527,0,Not significant
1533,1,ENSG00000146021.15,KLHL3,15.3583997831989,-0.0929167690097778,0.470675468925213,0.834504843143332,0,Not significant
1534,1,ENSG00000049883.15,PTCD2,70.3686655157433,-0.101825015851807,0.471588460918113,0.835034160765753,0,Not significant
1535,1,ENSG00000185379.21,RAD51D,60.4968478461748,-0.103300367400643,0.471346453763926,0.835034160765753,0,Not significant
1536,1,ENSG00000037241.7,RPL26L1,59.8025353305457,0.103258361989816,0.472067105235528,0.835337494811305,0,Not significant
1537,1,ENSG00000220748.2,ENSG00000220748,16.6572745475516,-0.0904024021073767,0.472886749714388,0.8356997306396,0,Not significant
1538,1,ENSG00000167258.16,CDK12,246.128574202192,-0.0836169841045757,0.472616047853512,0.8356997306396,0,Not significant
1539,1,ENSG00000058729.11,RIOK2,72.3029281960531,-0.0994871702195632,0.475544935882593,0.83684092114288,0,Not significant
1540,1,ENSG00000054598.9,FOXC1,99.6575728339477,-0.0957312581221143,0.475995608567657,0.83684092114288,0,Not significant
1541,1,ENSG00000221821.4,C6orf226,9.03703675930694,-0.075400336595746,0.475254019736414,0.83684092114288,0,Not significant
1542,1,ENSG00000217824.1,SNRPEP6,37.7564851494325,0.101890756646852,0.475935379859781,0.83684092114288,0,Not significant
1543,1,ENSG00000213977.8,TAX1BP3,30.8338037686767,-0.102331167712501,0.475013221740434,0.83684092114288,0,Not significant
1544,1,ENSG00000166582.11,CENPV,15.6756066227267,-0.0910815825933736,0.475685138329226,0.83684092114288,0,Not significant
1545,1,ENSG00000189343.7,RPS2P46,3949.52427087372,-0.0753321324364249,0.47563866862048,0.83684092114288,0,Not significant
1546,1,ENSG00000214832.5,UPF3AP2,39.0254131764936,-0.102802574345445,0.474468888859752,0.83684092114288,0,Not significant
1547,1,ENSG00000172239.14,PAIP1,199.55576060946,-0.0850944834457903,0.476799506589958,0.83747865576051,0,Not significant
1548,1,ENSG00000112242.16,E2F3,69.2348507392352,-0.101431437515299,0.476974598645058,0.83747865576051,0,Not significant
1549,1,ENSG00000113048.19,MRPS27,222.334670141932,-0.0843183216586688,0.479631164195915,0.838463748319501,0,Not significant
1550,1,ENSG00000249977.1,ENSG00000249977,6.72652421960303,0.0658487161817289,0.480310286515393,0.838463748319501,0,Not significant
1551,1,ENSG00000112984.12,KIF20A,6.68426877993831,-0.0593147434614093,0.479671795149275,0.838463748319501,0,Not significant
1552,1,ENSG00000216368.2,RPL7AP36,906.246252447529,-0.0663504853140719,0.478856126848456,0.838463748319501,0,Not significant
1553,1,ENSG00000237425.1,RPSAP2,245.290405181737,-0.0851591918461514,0.480595593894315,0.838463748319501,0,Not significant
1554,1,ENSG00000112118.20,MCM3,106.47101038722,-0.0934609336064117,0.480595566948167,0.838463748319501,0,Not significant
1555,1,ENSG00000219146.1,RPS4XP8,420.645357611615,-0.0766635926721219,0.478187277073952,0.838463748319501,0,Not significant
1556,1,ENSG00000120438.12,TCP1,548.630544021214,0.0708569141555878,0.480620500324423,0.838463748319501,0,Not significant
1557,1,ENSG00000230711.2,CTAGE13P,24.7772810145335,0.0976373997684055,0.48049093654777,0.838463748319501,0,Not significant
1558,1,ENSG00000267132.1,HMGB3P27,22.0013809714489,-0.0964078291375038,0.480107202642574,0.838463748319501,0,Not significant
1559,1,ENSG00000120093.12,HOXB3,196.100632754573,-0.0871225418883899,0.482090852736235,0.840489376354771,0,Not significant
1560,1,ENSG00000273604.2,EPOP,6.84420026530572,0.0691299241438613,0.483083537553856,0.841140970577438,0,Not significant
1561,1,ENSG00000234912.12,SNHG20,12.8923463797155,0.0815276923536552,0.482896155927367,0.841140970577438,0,Not significant
1562,1,ENSG00000226981.2,ABHD17AP6,123.562947091324,0.0951892156298194,0.483471934883642,0.841278309227746,0,Not significant
1563,1,ENSG00000220831.4,NDUFA5P9,24.2872502500779,0.0946101098490604,0.484866820894157,0.843165719251643,0,Not significant
1564,1,ENSG00000164331.10,ANKRA2,85.7368028624855,-0.0949336159485913,0.487597382819541,0.847371922316824,0,Not significant
1565,1,ENSG00000249855.1,EEF1A1P19,6.30415695865042,-0.0671684250712144,0.488868575932445,0.847413768740041,0,Not significant
1566,1,ENSG00000248696.1,ENSG00000248696,9.56300842201346,-0.0757973866792565,0.488072076757216,0.847413768740041,0,Not significant
1567,1,ENSG00000203778.8,FAM229B,54.5867871261116,-0.0989190765583072,0.488740783164025,0.847413768740041,0,Not significant
1568,1,ENSG00000159202.18,UBE2Z,597.790570095278,0.0716843985253452,0.488607846728854,0.847413768740041,0,Not significant
1569,1,ENSG00000250118.1,ENSG00000250118,7.97727015270296,0.067271259657579,0.492454911642197,0.849377163185908,0,Not significant
1570,1,ENSG00000198865.10,CCDC152,36.3161012084435,-0.098792685633538,0.491387802302421,0.849377163185908,0,Not significant
1571,1,ENSG00000214244.4,SETP21,121.662225590558,0.09081737447401,0.491610548714857,0.849377163185908,0,Not significant
1572,1,ENSG00000083312.19,TNPO1,953.449894239579,0.0659423171831467,0.492501254297642,0.849377163185908,0,Not significant
1573,1,ENSG00000253537.3,PCDHGA7,51.0869822682028,0.0988984846593305,0.492497975714138,0.849377163185908,0,Not significant
1574,1,ENSG00000135338.14,LCA5,47.4241735685218,-0.0985276894142517,0.49185807528824,0.849377163185908,0,Not significant
1575,1,ENSG00000197170.10,PSMD12,143.444015854174,0.0878837322206021,0.491677649310644,0.849377163185908,0,Not significant
1576,1,ENSG00000141568.21,FOXK2,137.672465589814,0.088665328059965,0.491786549879928,0.849377163185908,0,Not significant
1577,1,ENSG00000272086.2,GOLPH3-DT,11.8055774653951,0.0805177600226508,0.49322328753699,0.849464302693913,0,Not significant
1578,1,ENSG00000248867.1,ENSG00000248867,23.9007073020258,0.0952478937322572,0.493608519533678,0.849464302693913,0,Not significant
1579,1,ENSG00000253305.3,PCDHGB6,21.4267993952472,-0.0938110213668307,0.492871421904319,0.849464302693913,0,Not significant
1580,1,ENSG00000181524.6,RPL24P4,1059.88906356671,-0.062758729575521,0.494114445385974,0.849464302693913,0,Not significant
1581,1,ENSG00000217060.1,ENSG00000217060,129.186062180571,0.0887733720384178,0.493862375551884,0.849464302693913,0,Not significant
1582,1,ENSG00000253218.1,KLF3P1,34.7682916405108,-0.0975346758300663,0.494491111337834,0.849574488379415,0,Not significant
1583,1,ENSG00000145495.17,MARCHF6,502.429372262149,-0.0691272526146953,0.496813041880382,0.850729679461605,0,Not significant
1584,1,ENSG00000271687.1,MTND5P10,391.76178841452,0.0725350714879694,0.496000371263175,0.850729679461605,0,Not significant
1585,1,ENSG00000170606.16,HSPA4,631.188758019984,0.0678323509229888,0.496939617292467,0.850729679461605,0,Not significant
1586,1,ENSG00000170310.15,STX8,100.994668988348,0.0913102161473263,0.496988041153824,0.850729679461605,0,Not significant
1587,1,ENSG00000264316.1,MTCO3P13,286.836900930238,0.0778839082235051,0.496675450961657,0.850729679461605,0,Not significant
1588,1,ENSG00000125449.7,ARMC7,34.8940274210216,0.097589419492596,0.497041475711931,0.850729679461605,0,Not significant
1589,1,ENSG00000087995.16,METTL2A,137.95670439395,0.0857096022954222,0.498268977653507,0.852293946672267,0,Not significant
1590,1,ENSG00000151882.11,CCL28,19.7457395775722,-0.0887687095695385,0.500077754291228,0.852330088333765,0,Not significant
1591,1,ENSG00000204351.13,SKIC2,203.192355106998,-0.0830766907479433,0.500033829339311,0.852330088333765,0,Not significant
1592,1,ENSG00000218730.1,ENSG00000218730,23.4458591796022,-0.0924548456018266,0.49878509206485,0.852330088333765,0,Not significant
1593,1,ENSG00000170043.12,TRAPPC1,253.230858197095,0.0782863450292627,0.499618429407061,0.852330088333765,0,Not significant
1594,1,ENSG00000167525.16,PROCA1,6.87038958943926,0.0679531377243615,0.500171630203221,0.852330088333765,0,Not significant
1595,1,ENSG00000198783.6,ZNF830,39.2956176660186,0.0971297684363839,0.499074709719892,0.852330088333765,0,Not significant
1596,1,ENSG00000112312.10,GMNN,24.3110319014174,-0.0877854857949021,0.50052877918391,0.852404274324479,0,Not significant
1597,1,ENSG00000182963.11,GJC1,85.5752528075853,-0.0922612165101135,0.501030856365996,0.852725026676755,0,Not significant
1598,1,ENSG00000161960.16,EIF4A1,10.9192136245711,0.0764508397197324,0.501581922951094,0.853128702491285,0,Not significant
1599,1,ENSG00000164329.15,TENT2,197.928318443154,0.0825254694323321,0.502009473810912,0.853185972511007,0,Not significant
1600,1,ENSG00000141252.21,VPS53,197.289170954976,0.0800416236216087,0.502243398093308,0.853185972511007,0,Not significant
1601,1,ENSG00000214892.4,USP8P1,178.191416745982,0.08239565111101,0.503595118098995,0.854947864455384,0,Not significant
1602,1,ENSG00000248426.1,ENSG00000248426,7.94219061672645,0.0696269762221621,0.508645934985244,0.855052286319521,0,Not significant
1603,1,ENSG00000214108.4,TPT1P5,224.69668839584,0.0807617658172293,0.506407015498924,0.855052286319521,0,Not significant
1604,1,ENSG00000215006.4,CHCHD2P2,285.836219279495,0.0753478317648949,0.504084402915246,0.855052286319521,0,Not significant
1605,1,ENSG00000251000.1,GGCTP1,9.75092460042005,-0.0744186500166353,0.509864944872072,0.855052286319521,0,Not significant
1606,1,ENSG00000239528.1,RPS14P8,6.37243096241774,-0.0552687773085362,0.506842625372933,0.855052286319521,0,Not significant
1607,1,ENSG00000249768.2,HSPE1P10,30.1521613850567,-0.0918637468255953,0.508787493820876,0.855052286319521,0,Not significant
1608,1,ENSG00000134516.20,DOCK2,30.7767321405398,-0.0939048031281339,0.508651292554079,0.855052286319521,0,Not significant
1609,1,ENSG00000113194.13,FAF2,335.919406429134,0.0728768314979121,0.50540739968834,0.855052286319521,0,Not significant
1610,1,ENSG00000124783.14,SSR1,576.281575478482,-0.070603987806054,0.507364184782724,0.855052286319521,0,Not significant
1611,1,ENSG00000204623.11,POLR1HASP,31.4832835958401,-0.093054350491932,0.510349649736496,0.855052286319521,0,Not significant
1612,1,ENSG00000204227.5,RING1,156.450971542065,-0.0829239004701062,0.508389082355842,0.855052286319521,0,Not significant
1613,1,ENSG00000146072.6,TNFRSF21,354.483145249275,-0.0733024025673335,0.510448644194438,0.855052286319521,0,Not significant
1614,1,ENSG00000112210.12,RAB23,302.962668998762,-0.0772564020219371,0.510577579358566,0.855052286319521,0,Not significant
1615,1,ENSG00000135297.17,MTO1,74.0078727638982,-0.0921737267869762,0.507349791430718,0.855052286319521,0,Not significant
1616,1,ENSG00000262333.1,HNRNPA1P16,75.9679614697312,0.0937862672059803,0.506676044189777,0.855052286319521,0,Not significant
1617,1,ENSG00000196388.9,INCA1,15.9069109224712,-0.0855069856280967,0.504771106867967,0.855052286319521,0,Not significant
1618,1,ENSG00000141026.6,MED9,47.7396070319246,-0.0938960757089862,0.510021845013491,0.855052286319521,0,Not significant
1619,1,ENSG00000004139.14,SARM1,22.1181844274337,-0.0893552973846725,0.508027008753238,0.855052286319521,0,Not significant
1620,1,ENSG00000136448.13,NMT1,600.690922331542,0.066818684662382,0.510400760618437,0.855052286319521,0,Not significant
1621,1,ENSG00000108433.17,GOSR2,152.576680430206,-0.0852133060579408,0.50599040026438,0.855052286319521,0,Not significant
1622,1,ENSG00000189050.16,RNFT1,27.4221537448848,-0.0941732841760339,0.505381944985698,0.855052286319521,0,Not significant
1623,1,ENSG00000213128.3,RPL32P31,54.1217387006383,-0.0949464434085558,0.504736365831012,0.855052286319521,0,Not significant
1624,1,ENSG00000250320.7,EDIL3-DT,7.59797205763343,0.0630436222385987,0.513001565375023,0.855080775977744,0,Not significant
1625,1,ENSG00000215325.4,ASS1P10,28.5018848453139,-0.0918725012116686,0.512103682152092,0.855080775977744,0,Not significant
1626,1,ENSG00000214113.11,LYRM4,72.6307514446021,-0.0912059229350131,0.511939597280382,0.855080775977744,0,Not significant
1627,1,ENSG00000217139.2,ENSG00000217139,92.6296015969729,-0.0884022911692046,0.513111385437712,0.855080775977744,0,Not significant
1628,1,ENSG00000118495.21,PLAGL1,253.819935222277,-0.0790861801597173,0.512903593279814,0.855080775977744,0,Not significant
1629,1,ENSG00000111962.8,UST,145.916276184287,0.0846472539853892,0.511479832767123,0.855080775977744,0,Not significant
1630,1,ENSG00000263266.2,RPS7P1,739.807868092773,0.0656693550328388,0.51109676044868,0.855080775977744,0,Not significant
1631,1,ENSG00000169733.12,RFNG,137.905480838685,0.0844964786373739,0.512591523640187,0.855080775977744,0,Not significant
1632,1,ENSG00000137198.10,GMPR,38.3743324769914,0.0920228401241926,0.513616936524665,0.855398795020858,0,Not significant
1633,1,ENSG00000249915.9,PDCD6,27.1384352833195,-0.0906054922144277,0.514178269129443,0.855809268520407,0,Not significant
1634,1,ENSG00000171953.16,ATPAF2,25.065562078184,-0.0838734916696561,0.515084880673823,0.856793577522308,0,Not significant
1635,1,ENSG00000249541.1,ENSG00000249541,44.3512589847667,-0.0929947624260988,0.515906524573595,0.857635433511334,0,Not significant
1636,1,ENSG00000205464.13,ATP6AP1L,19.8145066725605,-0.0871743060656063,0.516799161013311,0.857686531722212,0,Not significant
1637,1,ENSG00000178913.9,TAF7,358.679980102538,0.0707926857773599,0.517515052253285,0.857686531722212,0,Not significant
1638,1,ENSG00000137337.16,MDC1,89.6951005267478,-0.0886550381713174,0.517194860017018,0.857686531722212,0,Not significant
1639,1,ENSG00000108349.17,CASC3,381.097527373603,-0.0696572281244394,0.517446074974442,0.857686531722212,0,Not significant
1640,1,ENSG00000265666.1,RARA-AS1,6.92534675328982,-0.0597938457515747,0.516747071824521,0.857686531722212,0,Not significant
1641,1,ENSG00000113583.8,C5orf15,318.824366372881,0.0732224062473709,0.518552983422075,0.858359932363703,0,Not significant
1642,1,ENSG00000108963.19,DPH1,62.5690466449126,0.0914469689791345,0.518258023858135,0.858359932363703,0,Not significant
1643,1,ENSG00000198937.9,CCDC167,16.345697504793,-0.081627815807944,0.518948684215559,0.8584921020681,0,Not significant
1644,1,ENSG00000244363.3,RPL7P23,128.241545598585,-0.0828503599038876,0.5199567898,0.859502082295259,0,Not significant
1645,1,ENSG00000167363.14,FN3K,19.8968353333841,-0.0851826611892489,0.520191657606954,0.859502082295259,0,Not significant
1646,1,ENSG00000164180.14,TMEM161B,63.144554788348,0.0905225666764811,0.521833023342012,0.861230802631046,0,Not significant
1647,1,ENSG00000158373.9,H2BC5,21.9570326771647,-0.0845832832446872,0.521871645302918,0.861230802631046,0,Not significant
1648,1,ENSG00000145723.17,GIN1,14.3058281475497,-0.080312422616752,0.522477259442896,0.861579266140469,0,Not significant
1649,1,ENSG00000276855.1,ENSG00000276855,19.6957371226279,0.0851163924711785,0.523033770835825,0.861579266140469,0,Not significant
1650,1,ENSG00000214226.9,C17orf67,6.36525275595175,-0.0493506943625264,0.522904996298514,0.861579266140469,0,Not significant
1651,1,ENSG00000253731.3,PCDHGA6,28.5070838579446,-0.0893357454558467,0.52578332647981,0.864184655888336,0,Not significant
1652,1,ENSG00000113734.18,BNIP1,26.5169652193932,-0.0867717164252379,0.525321508828463,0.864184655888336,0,Not significant
1653,1,ENSG00000181222.19,POLR2A,1318.96074660991,0.0611772970766301,0.52620515286799,0.864184655888336,0,Not significant
1654,1,ENSG00000109103.12,UNC119,84.2952980192686,-0.0880345154085481,0.526022819108929,0.864184655888336,0,Not significant
1655,1,ENSG00000264943.1,SH3GL1P2,30.1298078890827,0.0892134873289459,0.525085637970971,0.864184655888336,0,Not significant
1656,1,ENSG00000076382.17,SPAG5,10.5322654185223,-0.0732035409544938,0.526645570912938,0.864385665302757,0,Not significant
1657,1,ENSG00000249206.2,GCNT1P2,10.6200389586797,0.0718761983106458,0.527504787091448,0.864756813241184,0,Not significant
1658,1,ENSG00000217239.3,ENSG00000217239,198.577011894941,0.0756301139959625,0.527508019261914,0.864756813241184,0,Not significant
1659,1,ENSG00000161956.14,SENP3,42.0527933675452,-0.089550489313441,0.528861344323134,0.866452763032114,0,Not significant
1660,1,ENSG00000262877.5,ENSG00000262877,9.07182311636395,0.0685455743233724,0.529240348462505,0.866551365735595,0,Not significant
1661,1,ENSG00000276620.1,ENSG00000276620,15.9970709506673,0.0804646621232213,0.530028025097996,0.866719296090329,0,Not significant
1662,1,ENSG00000170291.16,ELP5,72.9911314632028,0.0872909782443933,0.530299554598314,0.866719296090329,0,Not significant
1663,1,ENSG00000108479.13,GALK1,36.8908368581274,0.0890264421367649,0.530172387173773,0.866719296090329,0,Not significant
1664,1,ENSG00000250347.1,ENSG00000250347,26.1451713861016,-0.0864786688666058,0.531332134186004,0.866843181703217,0,Not significant
1665,1,ENSG00000279821.1,ENSG00000279821,9.56021082536832,-0.0654258700644026,0.530872381070932,0.866843181703217,0,Not significant
1666,1,ENSG00000172469.17,MANEA,103.477891902015,0.0838006050361252,0.531277877885515,0.866843181703217,0,Not significant
1667,1,ENSG00000251141.6,MRPS30-DT,12.7387603761076,-0.074546117374113,0.53321707038624,0.869261708804665,0,Not significant
1668,1,ENSG00000213701.4,SETP22,126.701145839649,0.0818089103901145,0.534015720289795,0.869261708804665,0,Not significant
1669,1,ENSG00000237285.1,HNRNPA1P2,131.165592502955,0.0814773008139388,0.533867573804101,0.869261708804665,0,Not significant
1670,1,ENSG00000216913.2,ENSG00000216913,9.92498658834755,-0.0641447736116053,0.534413655413022,0.869261708804665,0,Not significant
1671,1,ENSG00000171634.19,BPTF,382.079103387277,-0.0664724180637128,0.534411885500186,0.869261708804665,0,Not significant
1672,1,ENSG00000250526.1,CCT6P2,210.697634882968,0.071780000434778,0.534986008528077,0.869614297455531,0,Not significant
1673,1,ENSG00000129255.16,MPDU1,130.27757935528,-0.0804788017142892,0.535270316277816,0.869614297455531,0,Not significant
1674,1,ENSG00000108578.15,BLMH,80.1635474693427,-0.0857406954143095,0.535600791276466,0.869631392287595,0,Not significant
1675,1,ENSG00000151881.15,TMEM267,40.1756291583081,-0.08725724082414,0.538256477617686,0.873421555919325,0,Not significant
1676,1,ENSG00000087206.17,UIMC1,83.8319638688331,0.0833426218940458,0.538882510533657,0.873915670423913,0,Not significant
1677,1,ENSG00000249778.1,TRMT112P2,6.17849696173188,-0.0551561273787367,0.539997043942906,0.874361170318189,0,Not significant
1678,1,ENSG00000178338.11,ZNF354B,30.6896387224958,-0.0861789590649792,0.54012229763217,0.874361170318189,0,Not significant
1679,1,ENSG00000239809.1,ENSG00000239809,157.880528239109,-0.0762397211978967,0.539773861603193,0.874361170318189,0,Not significant
1680,1,ENSG00000249958.1,CCT7P2,33.6874623217912,0.0850066247573627,0.543675781172059,0.875017804810266,0,Not significant
1681,1,ENSG00000133302.13,SLF1,26.9171515249519,0.082488195158331,0.54182460714909,0.875017804810266,0,Not significant
1682,1,ENSG00000113615.13,SEC24A,199.627200474373,0.0748800283133565,0.543128047477907,0.875017804810266,0,Not significant
1683,1,ENSG00000131495.9,NDUFA2,94.215474266779,0.0816705348101862,0.544401895026805,0.875017804810266,0,Not significant
1684,1,ENSG00000081791.9,DELE1,207.263468681588,-0.0712938841014459,0.544911830676772,0.875017804810266,0,Not significant
1685,1,ENSG00000120137.7,PANK3,209.299117750459,-0.0714196830839652,0.544989819281155,0.875017804810266,0,Not significant
1686,1,ENSG00000064995.19,TAF11,68.5439871931137,0.085522459413704,0.541650077139095,0.875017804810266,0,Not significant
1687,1,ENSG00000118482.12,PHF3,389.12649794709,-0.0640406864756974,0.544809893380329,0.875017804810266,0,Not significant
1688,1,ENSG00000111875.8,ASF1A,56.6917012943902,-0.0871822226450678,0.542920118377086,0.875017804810266,0,Not significant
1689,1,ENSG00000217372.2,TUBB4BP7,10.5192037908012,-0.0648118852642667,0.545035004982995,0.875017804810266,0,Not significant
1690,1,ENSG00000215712.11,TMEM242,78.8101209377086,0.0839431485341102,0.544517051359826,0.875017804810266,0,Not significant
1691,1,ENSG00000161920.11,MED11,25.0990651776495,-0.0845088034939743,0.542829810032926,0.875017804810266,0,Not significant
1692,1,ENSG00000263870.1,ENSG00000263870,21.6591847288708,0.0784679355178189,0.540919051908415,0.875017804810266,0,Not significant
1693,1,ENSG00000131471.7,AOC3,56.7679791228321,0.0883440519203238,0.543270509341423,0.875017804810266,0,Not significant
1694,1,ENSG00000250253.3,ENSG00000250253,72.3931972897054,-0.0837784295961325,0.547098990509231,0.877295018409493,0,Not significant
1695,1,ENSG00000169976.7,SF3B5,167.982248303535,-0.075829207956118,0.546952345411655,0.877295018409493,0,Not significant
1696,1,ENSG00000217241.1,CBX3P9,161.408782231542,0.0740121455295194,0.547722209581646,0.877776512761152,0,Not significant
1697,1,ENSG00000187626.9,ZKSCAN4,29.9693554276625,-0.0836459558633459,0.549077861113988,0.87943054007532,0,Not significant
1698,1,ENSG00000250480.3,C12orf29P1,10.7866356189896,0.0668645708050934,0.552868512223862,0.880247331101946,0,Not significant
1699,1,ENSG00000228367.3,ENSG00000228367,80.8958899674871,0.0824380185587132,0.553511811666038,0.880247331101946,0,Not significant
1700,1,ENSG00000243859.3,RPL5P17,892.10724376589,-0.0588017217381494,0.550737145366427,0.880247331101946,0,Not significant
1701,1,ENSG00000124802.12,EEF1E1,12.3502315193073,0.069816620907189,0.553797989766125,0.880247331101946,0,Not significant
1702,1,ENSG00000204194.1,RPL12P1,185.325853263952,-0.0765172686051824,0.552898532801231,0.880247331101946,0,Not significant
1703,1,ENSG00000174231.18,PRPF8,1541.76060386452,0.0544468504946104,0.551146452008487,0.880247331101946,0,Not significant
1704,1,ENSG00000175106.17,TVP23C,9.67929048477843,-0.0663642138947749,0.552336762484826,0.880247331101946,0,Not significant
1705,1,ENSG00000108306.13,FBXL20,103.110681142671,-0.0792698201143012,0.553474149634067,0.880247331101946,0,Not significant
1706,1,ENSG00000073605.19,GSDMB,38.0609218098835,-0.0841056921268682,0.552862904602511,0.880247331101946,0,Not significant
1707,1,ENSG00000182742.6,HOXB4,49.9323433363819,0.0851037015549078,0.55072689919444,0.880247331101946,0,Not significant
1708,1,ENSG00000125447.18,GGA3,122.181180093632,0.078175124469543,0.553733109192249,0.880247331101946,0,Not significant
1709,1,ENSG00000129646.16,QRICH2,12.1629028408634,-0.0705463269562037,0.551204890927171,0.880247331101946,0,Not significant
1710,1,ENSG00000141542.11,RAB40B,56.9381426501718,-0.0840028082037689,0.551795487869261,0.880247331101946,0,Not significant
1711,1,ENSG00000271230.1,ENSG00000271230,35.2354317506539,-0.0831523443537682,0.554559672287356,0.88094283417711,0,Not significant
1712,1,ENSG00000066379.15,POLR1H,11.9796689295448,-0.0685994769953399,0.555371302945345,0.881202102396643,0,Not significant
1713,1,ENSG00000266826.3,IGBP1C,108.079990371034,0.0802193808214435,0.555189650971467,0.881202102396643,0,Not significant
1714,1,ENSG00000227087.4,RBMX2P5,29.1943892740598,-0.081313900641927,0.555924751625589,0.881565621305922,0,Not significant
1715,1,ENSG00000164366.4,CCDC127,190.892410350885,0.0707655699780477,0.560030067655357,0.881723476771202,0,Not significant
1716,1,ENSG00000124279.12,FASTKD3,22.1896927636752,-0.0795145046840271,0.559446570516357,0.881723476771202,0,Not significant
1717,1,ENSG00000132837.15,DMGDH,26.86541742318,-0.0794849734337385,0.562482541341395,0.881723476771202,0,Not significant
1718,1,ENSG00000239615.1,ENSG00000239615,81.03974223001,0.0808977751504595,0.559710855323016,0.881723476771202,0,Not significant
1719,1,ENSG00000212802.4,RPL15P3,2798.94149329188,-0.0522808109438521,0.563485533168351,0.881723476771202,0,Not significant
1720,1,ENSG00000165097.16,KDM1B,128.961547191052,-0.0756846352215941,0.561697144303469,0.881723476771202,0,Not significant
1721,1,ENSG00000204619.8,PPP1R11,196.87375501129,-0.0710924036802429,0.560374921869811,0.881723476771202,0,Not significant
1722,1,ENSG00000204444.11,APOM,8.76013217771125,-0.0632814012493362,0.561721832364484,0.881723476771202,0,Not significant
1723,1,ENSG00000124614.17,RPS10,45.0587022991258,-0.0833401482027146,0.558266866647723,0.881723476771202,0,Not significant
1724,1,ENSG00000112624.14,BICRAL,107.055296185219,-0.0763035016801824,0.562324100622327,0.881723476771202,0,Not significant
1725,1,ENSG00000198087.7,CD2AP,119.407360928052,0.0761699307599808,0.560075209687506,0.881723476771202,0,Not significant
1726,1,ENSG00000005700.15,IBTK,240.77653287253,0.0667812906566357,0.563136060956101,0.881723476771202,0,Not significant
1727,1,ENSG00000218766.1,ENSG00000218766,29.8277446159237,0.0802687595130263,0.56248926542033,0.881723476771202,0,Not significant
1728,1,ENSG00000217648.1,PARLP2,57.9625610159082,0.0821688921335165,0.562817236392894,0.881723476771202,0,Not significant
1729,1,ENSG00000111981.5,ULBP1,7.87983744251859,-0.0595388700487192,0.559404275795178,0.881723476771202,0,Not significant
1730,1,ENSG00000290976.1,ENSG00000290976,13.4304339001656,0.0683841469531714,0.560678981823182,0.881723476771202,0,Not significant
1731,1,ENSG00000276293.5,PIP4K2B,443.969627055291,-0.062265213863715,0.558073035859707,0.881723476771202,0,Not significant
1732,1,ENSG00000161714.12,PLCD3,443.176797820529,-0.0584013678889232,0.561435671091737,0.881723476771202,0,Not significant
1733,1,ENSG00000280022.1,ENSG00000280022,11.7903916841153,-0.0687375856615657,0.557547137517306,0.881723476771202,0,Not significant
1734,1,ENSG00000073969.19,NSF,158.583049149303,-0.0730702089265169,0.563336766975828,0.881723476771202,0,Not significant
1735,1,ENSG00000136450.13,SRSF1,159.098116275166,0.0755959072832851,0.556391254770043,0.881723476771202,0,Not significant
1736,1,ENSG00000109062.12,NHERF1,39.6626964491408,-0.0822527214130508,0.562892837067734,0.881723476771202,0,Not significant
1737,1,ENSG00000265136.1,ENSG00000265136,39.7514243738364,-0.083390821887947,0.557343623094708,0.881723476771202,0,Not significant
1738,1,ENSG00000220871.1,DNAJC19P6,7.24619911511631,0.0592843051339458,0.564012640004196,0.882040480743041,0,Not significant
1739,1,ENSG00000290589.1,ENSG00000290589,7.52086114416145,-0.0564885695646935,0.565103307216554,0.882797598652536,0,Not significant
1740,1,ENSG00000232362.1,ATP5MGP2,217.340052882597,0.0681578018053058,0.565146365583301,0.882797598652536,0,Not significant
1741,1,ENSG00000272047.4,GTF2H5,152.292577287868,0.0726363307770453,0.565814949314426,0.88333430915371,0,Not significant
1742,1,ENSG00000223361.5,FTH1P10,7823.13023990687,0.0609510026712125,0.567166240072837,0.884808919115487,0,Not significant
1743,1,ENSG00000291102.1,GUSBP1,12.3325333914933,-0.0673698067024449,0.567736112927671,0.884808919115487,0,Not significant
1744,1,ENSG00000271913.9,TAGAP-AS1,8.47786411193026,0.0577685593181499,0.567709265855378,0.884808919115487,0,Not significant
1745,1,ENSG00000164346.10,NSA2,320.261975430946,-0.0629281439971194,0.570662134775767,0.88542135050991,0,Not significant
1746,1,ENSG00000164219.10,PGGT1B,77.0990969387202,0.0786012327140341,0.570838205793855,0.88542135050991,0,Not significant
1747,1,ENSG00000224431.1,ENSG00000224431,6.01735963766462,-0.0532560281519265,0.571154495081641,0.88542135050991,0,Not significant
1748,1,ENSG00000164609.10,SLU7,243.765127727841,0.0670364235755813,0.571386699335682,0.88542135050991,0,Not significant
1749,1,ENSG00000197903.8,H2BC12,107.355619393459,-0.0774580732442831,0.569750530535784,0.88542135050991,0,Not significant
1750,1,ENSG00000185345.25,PRKN,12.5031792715611,0.0680017491143473,0.568535923974952,0.88542135050991,0,Not significant
1751,1,ENSG00000074370.18,ATP2A3,14.3813653604704,0.0698536230339235,0.569646737819165,0.88542135050991,0,Not significant
1752,1,ENSG00000091536.20,MYO15A,9.61606137822668,-0.0620950077001502,0.571176322336846,0.88542135050991,0,Not significant
1753,1,ENSG00000267691.1,SHC1P2,243.45769375369,-0.0665844985879146,0.569686058528961,0.88542135050991,0,Not significant
1754,1,ENSG00000173894.11,CBX2,6.65597280019995,-0.0555776877334226,0.570473197868483,0.88542135050991,0,Not significant
1755,1,ENSG00000245146.7,MALINC1,7.71751177469537,-0.0546464199304849,0.572919882279305,0.887112527458994,0,Not significant
1756,1,ENSG00000231889.9,TRAF3IP2-AS1,22.3052504088837,0.0761211685312533,0.573371349331576,0.887112527458994,0,Not significant
1757,1,ENSG00000178502.6,KLHL11,18.9645756889826,-0.0722090192619457,0.573457215138135,0.887112527458994,0,Not significant
1758,1,ENSG00000291104.1,BTN2A3P,16.2656941217643,-0.0707648848680522,0.574206760168346,0.887262066024767,0,Not significant
1759,1,ENSG00000278535.5,DHRS11,9.16171457836742,-0.0590755395203766,0.574185523724062,0.887262066024767,0,Not significant
1760,1,ENSG00000112992.18,NNT,329.872059583425,-0.0621074344410304,0.575215115459072,0.887670049285781,0,Not significant
1761,1,ENSG00000248827.1,ENSG00000248827,125.796588962992,-0.0721036157731541,0.575307876794782,0.887670049285781,0,Not significant
1762,1,ENSG00000158406.6,H4C8,9.5937457966141,-0.0572099930124253,0.575450561751857,0.887670049285781,0,Not significant
1763,1,ENSG00000196586.17,MYO6,307.446090756163,0.0689752795951833,0.57714989839907,0.888509424356523,0,Not significant
1764,1,ENSG00000231028.11,AHI1-DT,11.1718763837298,0.0622423927177271,0.577129578474908,0.888509424356523,0,Not significant
1765,1,ENSG00000037042.9,TUBG2,80.7925270494752,-0.076800797568853,0.57730229706167,0.888509424356523,0,Not significant
1766,1,ENSG00000172992.13,DCAKD,105.459675220441,-0.0751189006160344,0.576971462408933,0.888509424356523,0,Not significant
1767,1,ENSG00000250914.1,ENSG00000250914,50.7701701215694,-0.0784023636995954,0.579298852819163,0.889116384369327,0,Not significant
1768,1,ENSG00000183474.16,GTF2H2C,16.4531964067006,-0.0690082659678563,0.579332272523208,0.889116384369327,0,Not significant
1769,1,ENSG00000219463.1,RPSAP42,8.82694600975781,0.0577332046146465,0.578824638529724,0.889116384369327,0,Not significant
1770,1,ENSG00000175662.18,TOM1L2,288.038605204701,0.0634470087207925,0.578056026371185,0.889116384369327,0,Not significant
1771,1,ENSG00000159217.10,IGF2BP1,27.4786924670898,0.0772150046045229,0.579076857415351,0.889116384369327,0,Not significant
1772,1,ENSG00000145592.14,RPL37,2480.20185293744,-0.0509212625042163,0.583072242907355,0.889561295131185,0,Not significant
1773,1,ENSG00000270307.1,MTATP6P2,2598.21726831777,0.0548117431157446,0.582962977846715,0.889561295131185,0,Not significant
1774,1,ENSG00000217539.2,IQCB2P,28.4462397511482,-0.0754886600619779,0.582169553067003,0.889561295131185,0,Not significant
1775,1,ENSG00000217227.1,TFGP1,182.935806728812,0.0671287451836038,0.583222306079386,0.889561295131185,0,Not significant
1776,1,ENSG00000112651.12,MRPL2,11.6677143519712,-0.0646978483124004,0.580535694047465,0.889561295131185,0,Not significant
1777,1,ENSG00000178409.14,BEND3,15.517225876877,-0.0699549379765076,0.581067629130913,0.889561295131185,0,Not significant
1778,1,ENSG00000129219.14,PLD2,143.735906227304,0.0706797601080456,0.582770848432788,0.889561295131185,0,Not significant
1779,1,ENSG00000141027.23,NCOR1,564.071960255641,0.0558821717245767,0.581973601309364,0.889561295131185,0,Not significant
1780,1,ENSG00000263535.2,AK4P1,56.3255496961104,-0.0777462885064439,0.58136299725791,0.889561295131185,0,Not significant
1781,1,ENSG00000275029.1,HMGB1P24,277.257076397395,-0.0644775888052398,0.582262541068015,0.889561295131185,0,Not significant
1782,1,ENSG00000267170.1,CALM2P1,362.033766907579,-0.0605436751565276,0.58240505337772,0.889561295131185,0,Not significant
1783,1,ENSG00000255987.1,TOMM20P2,18.3146982284008,0.0709400790755895,0.583610687493131,0.889654429953074,0,Not significant
1784,1,ENSG00000205571.15,SMN2,9.66783469542128,-0.059810607293589,0.585712288169979,0.890647286194411,0,Not significant
1785,1,ENSG00000112855.17,HARS2,96.5231342479195,-0.0726863642136284,0.585285237015774,0.890647286194411,0,Not significant
1786,1,ENSG00000197498.13,RPF2,85.9830239672281,0.0746432666391723,0.585382438701504,0.890647286194411,0,Not significant
1787,1,ENSG00000198920.11,KIAA0753,91.1297568227967,-0.0733039176123906,0.58622810706468,0.890647286194411,0,Not significant
1788,1,ENSG00000175155.11,YPEL2,120.712575477813,0.0717200001180839,0.585923148662244,0.890647286194411,0,Not significant
1789,1,ENSG00000141551.15,CSNK1D,554.134501333035,-0.0551049362244513,0.584908361152591,0.890647286194411,0,Not significant
1790,1,ENSG00000284263.1,ENSG00000284263,31.7559757341194,0.0752989227048816,0.586612662222154,0.890733640178668,0,Not significant
1791,1,ENSG00000168566.13,SNRNP48,62.9749099184325,0.0759680961844815,0.587452119821671,0.891510252191682,0,Not significant
1792,1,ENSG00000271207.1,MTCO1P22,6229.28329021823,0.0508970374064875,0.590696850483881,0.893504678823097,0,Not significant
1793,1,ENSG00000175749.11,EIF3KP1,71.140022780429,0.0753274215084252,0.59106748069313,0.893504678823097,0,Not significant
1794,1,ENSG00000204628.12,RACK1,3840.83735647042,-0.0487781917342987,0.589418179160445,0.893504678823097,0,Not significant
1795,1,ENSG00000135535.17,CD164,1396.60729921336,-0.0510095480057172,0.590779649482098,0.893504678823097,0,Not significant
1796,1,ENSG00000120262.10,CCDC170,23.5198160100742,0.0712776598337767,0.590376562412035,0.893504678823097,0,Not significant
1797,1,ENSG00000167720.13,SRR,37.3745228430718,-0.0752516615253241,0.589746743499583,0.893504678823097,0,Not significant
1798,1,ENSG00000108439.11,PNPO,51.3367266557521,-0.0757906750137328,0.590887536189618,0.893504678823097,0,Not significant
1799,1,ENSG00000280136.2,ENSG00000280136,32.8572273699943,-0.07395537234147,0.591889566991219,0.894196924600918,0,Not significant
1800,1,ENSG00000040531.16,CTNS,107.503163984791,-0.0714447180965213,0.592183393775442,0.894196924600918,0,Not significant
1801,1,ENSG00000118402.6,ELOVL4,20.5460629428805,-0.0705155883043511,0.593267192167918,0.895336051256191,0,Not significant
1802,1,ENSG00000235546.2,ENSG00000235546,70.2720058694515,0.0743080929184373,0.593793973294593,0.895633751062544,0,Not significant
1803,1,ENSG00000184349.14,EFNA5,48.2001881220787,0.0750326452102758,0.595065095143089,0.895897371781162,0,Not significant
1804,1,ENSG00000145868.17,FBXO38,173.467796970637,-0.0663650922428654,0.594637487533676,0.895897371781162,0,Not significant
1805,1,ENSG00000112234.9,FBXL4,122.08433865071,0.0687364115724598,0.595287216128322,0.895897371781162,0,Not significant
1806,1,ENSG00000164418.22,GRIK2,6.7724024646616,-0.0460604528556992,0.594882438385691,0.895897371781162,0,Not significant
1807,1,ENSG00000290450.1,ENSG00000290450,19.7979610308163,-0.0692716975750101,0.596538586097493,0.896966901697976,0,Not significant
1808,1,ENSG00000267080.8,ASB16-AS1,29.9868577479144,-0.0735828194718883,0.596987904772494,0.896966901697976,0,Not significant
1809,1,ENSG00000182612.11,TSPAN10,13.6681254577287,0.0638657386310538,0.596887943591608,0.896966901697976,0,Not significant
1810,1,ENSG00000214140.11,PRCD,9.40803919745189,-0.0574550770047559,0.59865117301286,0.898968999032571,0,Not significant
1811,1,ENSG00000213664.4,RPS16P8,107.056427452806,0.0704178469389722,0.599089649702652,0.89913068354048,0,Not significant
1812,1,ENSG00000120327.7,PCDHB14,18.1044917279293,-0.0664205937424132,0.600710478112004,0.89967583735964,0,Not significant
1813,1,ENSG00000276547.2,PCDHGB5,101.341042231552,-0.0702350713355142,0.600758863880326,0.89967583735964,0,Not significant
1814,1,ENSG00000272325.2,NUDT3,11.6746570523285,-0.060388309839118,0.601107917823807,0.89967583735964,0,Not significant
1815,1,ENSG00000225190.12,PLEKHM1,281.658353927989,-0.0608092365288356,0.600855976812941,0.89967583735964,0,Not significant
1816,1,ENSG00000133193.13,FAM104A,70.2791244920947,-0.0729343397994522,0.600248573554903,0.89967583735964,0,Not significant
1817,1,ENSG00000171530.15,TBCA,194.540536963839,-0.0623748746619373,0.602760980971448,0.900662092512587,0,Not significant
1818,1,ENSG00000108561.8,C1QBP,123.800251111989,0.0688396726861347,0.602146903262631,0.900662092512587,0,Not significant
1819,1,ENSG00000154265.16,ABCA5,86.4632706909448,-0.0714078143565945,0.602674166132976,0.900662092512587,0,Not significant
1820,1,ENSG00000141295.14,SCRN2,70.7002778547694,-0.0720195766104717,0.603374326144664,0.901083196956702,0,Not significant
1821,1,ENSG00000262580.5,ENSG00000262580,11.5902518692997,-0.0566415677209678,0.604585536821132,0.902396204876351,0,Not significant
1822,1,ENSG00000130449.6,ZSWIM6,125.210591219346,-0.0663006098756517,0.605454206092922,0.902701334152804,0,Not significant
1823,1,ENSG00000185158.13,LRRC37B,25.9501262258829,-0.0703448015896802,0.605346896153914,0.902701334152804,0,Not significant
1824,1,ENSG00000095015.6,MAP3K1,64.7437835178168,-0.0721019130838512,0.606548690041312,0.903837357199718,0,Not significant
1825,1,ENSG00000213461.3,RPL32P15,12.6449213134375,-0.0610975066035945,0.607332069964233,0.904508803376869,0,Not significant
1826,1,ENSG00000241907.1,RPS20P4,6.04652299830513,0.0452614688887031,0.610377202765288,0.904665451094155,0,Not significant
1827,1,ENSG00000275765.6,ENSG00000275765,6.10351657632172,-0.0480314216569575,0.610765674303817,0.904665451094155,0,Not significant
1828,1,ENSG00000124532.15,MRS2,62.2480040317937,-0.0711781847444164,0.609949570853371,0.904665451094155,0,Not significant
1829,1,ENSG00000219797.2,PPIAP9,9.71178058114413,0.0549768300561098,0.610362614664114,0.904665451094155,0,Not significant
1830,1,ENSG00000112237.13,CCNC,110.874701819564,0.0683190421705598,0.609619022806588,0.904665451094155,0,Not significant
1831,1,ENSG00000277161.2,PIGW,18.5462338327102,0.0668954676105148,0.610524208650462,0.904665451094155,0,Not significant
1832,1,ENSG00000273559.5,CWC25,83.3091455796178,-0.0696069065325006,0.609865116157172,0.904665451094155,0,Not significant
1833,1,ENSG00000172057.10,ORMDL3,321.080695945199,0.0581762539300303,0.608118432546653,0.904665451094155,0,Not significant
1834,1,ENSG00000185829.19,ARL17A,11.4918425168592,-0.0520197810510114,0.610046672317433,0.904665451094155,0,Not significant
1835,1,ENSG00000130935.10,NOL11,102.02972495778,-0.0678566974746488,0.609292102247625,0.904665451094155,0,Not significant
1836,1,ENSG00000074356.17,NCBP3,214.728262086021,0.060801596512142,0.611143935001178,0.904732688089979,0,Not significant
1837,1,ENSG00000113522.14,RAD50,26.9722484535404,0.0698060743800222,0.611590458495344,0.904900852580482,0,Not significant
1838,1,ENSG00000244331.1,ENSG00000244331,431.136518368784,0.0538498410107782,0.61312241656594,0.906639934402226,0,Not significant
1839,1,ENSG00000216613.2,ENSG00000216613,26.8310070384416,0.0694842847415275,0.613432979899078,0.906639934402226,0,Not significant
1840,1,ENSG00000159210.10,SNF8,137.42028583089,0.0650112298839285,0.614118379569217,0.907159649820181,0,Not significant
1841,1,ENSG00000250182.3,EEF1A1P13,17.0471508887608,0.0641609490189919,0.614774380383396,0.907635397002755,0,Not significant
1842,1,ENSG00000213523.12,SRA1,93.4501392006167,0.0682991703481441,0.616734602036329,0.908330305783398,0,Not significant
1843,1,ENSG00000233913.7,RPL10P9,4254.57256694295,0.040174201884798,0.616225214177966,0.908330305783398,0,Not significant
1844,1,ENSG00000234284.7,ZNF879,15.0004975951207,-0.0617307220879203,0.61691602077857,0.908330305783398,0,Not significant
1845,1,ENSG00000261882.1,ENSG00000261882,12.0685097978555,-0.058013291529258,0.616775259776056,0.908330305783398,0,Not significant
1846,1,ENSG00000177728.17,TMEM94,232.349704742643,0.0592577774288508,0.616174303802622,0.908330305783398,0,Not significant
1847,1,ENSG00000176788.9,BASP1,992.195524017966,-0.0491100159251097,0.617535753733627,0.908737114217759,0,Not significant
1848,1,ENSG00000240083.2,RPS3AP22,44.2009679988198,0.0696470488495907,0.618014008439958,0.908737114217759,0,Not significant
1849,1,ENSG00000185261.16,KIAA0825,19.917200868316,0.0663541527090505,0.619788274992936,0.908737114217759,0,Not significant
1850,1,ENSG00000213630.3,BOLA3P3,20.2128022282367,0.065477336514347,0.621985473127569,0.908737114217759,0,Not significant
1851,1,ENSG00000113312.12,TTC1,143.860059533927,0.0623261130312712,0.619799593746478,0.908737114217759,0,Not significant
1852,1,ENSG00000111845.5,PAK1IP1,38.6289977216173,-0.0685742512947078,0.622105646070886,0.908737114217759,0,Not significant
1853,1,ENSG00000204305.16,AGER,6.17111316065795,-0.0464111069680245,0.622207420735559,0.908737114217759,0,Not significant
1854,1,ENSG00000213435.3,ATP6V0CP3,158.717494908919,0.0610946949321517,0.62135920055986,0.908737114217759,0,Not significant
1855,1,ENSG00000198225.5,FKBP1C,802.903852995195,0.0483921587450223,0.621547226447995,0.908737114217759,0,Not significant
1856,1,ENSG00000228506.4,PNISR-AS1,15.6386244060652,0.0620409082476996,0.61883257680421,0.908737114217759,0,Not significant
1857,1,ENSG00000175826.12,CTDNEP1,225.337958274123,-0.0573193269245739,0.621382127454294,0.908737114217759,0,Not significant
1858,1,ENSG00000141504.12,SAT2,142.990453456281,-0.0630819316277968,0.621596565989546,0.908737114217759,0,Not significant
1859,1,ENSG00000126653.18,NSRP1,152.456184846891,-0.0619088567034277,0.621914584748642,0.908737114217759,0,Not significant
1860,1,ENSG00000068137.15,PLEKHH3,75.1712801379101,-0.0679588282200632,0.621706557472587,0.908737114217759,0,Not significant
1861,1,ENSG00000258890.8,CEP95,71.9895617610097,-0.0694403989548605,0.618990771595653,0.908737114217759,0,Not significant
1862,1,ENSG00000224282.3,ENSG00000224282,430.362292156069,-0.0546578156649059,0.622834694445333,0.908872619223998,0,Not significant
1863,1,ENSG00000225165.3,RTRAFP2,125.904730577531,0.0634726026772214,0.624306541608243,0.908872619223998,0,Not significant
1864,1,ENSG00000158987.22,RAPGEF6,47.4306834700335,-0.0695390992807194,0.623764423270162,0.908872619223998,0,Not significant
1865,1,ENSG00000280047.1,ENSG00000280047,8.41333155556954,0.0486921946039052,0.62373441443205,0.908872619223998,0,Not significant
1866,1,ENSG00000262095.1,MTATP6P25,7.03342354583033,-0.0424471044550543,0.624233015329743,0.908872619223998,0,Not significant
1867,1,ENSG00000240445.6,FOXO3B,28.116098578658,-0.0676199372876079,0.623889700539973,0.908872619223998,0,Not significant
1868,1,ENSG00000175906.5,ARL4D,35.5786229590137,-0.0692625782279817,0.624845147002394,0.909169758861086,0,Not significant
1869,1,ENSG00000251062.1,ENSG00000251062,47.9568063491415,0.0701234288259803,0.625338636740027,0.909400970925304,0,Not significant
1870,1,ENSG00000236761.6,CTAGE9,28.9946912613876,0.0665580670288022,0.626214465201597,0.910187655838471,0,Not significant
1871,1,ENSG00000204228.4,HSD17B8,13.6295656494511,-0.0564794652211897,0.627069786452255,0.910943709020432,0,Not significant
1872,1,ENSG00000291110.1,TRIM16L,13.005699394834,-0.0583107387120264,0.628169269237662,0.912053458220067,0,Not significant
1873,1,ENSG00000065029.15,ZNF76,83.6763121758135,0.0662588100168953,0.628775722038755,0.912446563001248,0,Not significant
1874,1,ENSG00000131469.15,RPL27,1571.46078146227,-0.0453832942843941,0.629613573154381,0.913174862237784,0,Not significant
1875,1,ENSG00000112039.6,FANCE,26.7652630180487,0.0662114953899707,0.632404519108198,0.915269160242855,0,Not significant
1876,1,ENSG00000153976.3,HS3ST3A1,28.1908448941178,0.0668242208113259,0.631743312200524,0.915269160242855,0,Not significant
1877,1,ENSG00000108443.14,RPS6KB1,146.917995065335,0.0616566268821011,0.631553434536731,0.915269160242855,0,Not significant
1878,1,ENSG00000177303.10,CASKIN2,66.4030600416835,0.0668826184648937,0.632077428888886,0.915269160242855,0,Not significant
1879,1,ENSG00000250860.1,ENSG00000250860,10.4913715569418,-0.0538747379574386,0.633642669589874,0.915598498641827,0,Not significant
1880,1,ENSG00000251306.1,NDUFB4P2,13.2966389152499,0.0567825699894575,0.633585011454391,0.915598498641827,0,Not significant
1881,1,ENSG00000120253.14,NUP43,95.1563710454043,0.0655843665535075,0.633554778397246,0.915598498641827,0,Not significant
1882,1,ENSG00000152684.11,PELO,83.0123212703751,-0.0644606192334769,0.636097562917433,0.917183153191323,0,Not significant
1883,1,ENSG00000213730.3,POLD2P1,98.589631432523,-0.0624068529573767,0.637742252709029,0.917183153191323,0,Not significant
1884,1,ENSG00000217385.1,PSMC1P11,122.479332631363,-0.0599687602963902,0.637351002381102,0.917183153191323,0,Not significant
1885,1,ENSG00000213654.10,GPSM3,20.9392410557877,-0.0616329500404838,0.638190854575633,0.917183153191323,0,Not significant
1886,1,ENSG00000183239.5,RPL29P16,34.7252575020333,0.065678205655378,0.637691234171228,0.917183153191323,0,Not significant
1887,1,ENSG00000216817.1,R3HDM2P2,33.0831545972383,0.0661514975807603,0.636523005098978,0.917183153191323,0,Not significant
1888,1,ENSG00000219773.1,RPSAP45,1605.53069974554,-0.0427824613657975,0.638451260426042,0.917183153191323,0,Not significant
1889,1,ENSG00000135521.9,LTV1,48.1631622963583,0.066513391840148,0.638201170704366,0.917183153191323,0,Not significant
1890,1,ENSG00000125686.12,MED1,290.388437055929,-0.0523408216618228,0.638420560485716,0.917183153191323,0,Not significant
1891,1,ENSG00000167900.12,TK1,11.9073646305043,0.0558681176416596,0.635120429107691,0.917183153191323,0,Not significant
1892,1,ENSG00000176155.21,CCDC57,88.1310945976979,-0.0635450775094139,0.636090644548734,0.917183153191323,0,Not significant
1893,1,ENSG00000263874.2,LASP1NB,10.5627749318595,0.0522403026099468,0.639103290795554,0.917634835912475,0,Not significant
1894,1,ENSG00000220771.2,BOLA2P3,11.7012939958614,-0.0536257169412164,0.640092282946215,0.918569601398,0,Not significant
1895,1,ENSG00000278311.5,GGNBP2,294.852805908281,0.0541943449749147,0.641189213323069,0.919658196206914,0,Not significant
1896,1,ENSG00000218187.2,ENSG00000218187,49.8729386336765,0.0657250760487708,0.641680244770668,0.919877059750356,0,Not significant
1897,1,ENSG00000214132.4,ENSG00000214132,9.74620377525827,0.0496056071605746,0.651557616438321,0.920463072739781,0,Not significant
1898,1,ENSG00000224993.3,RPL29P12,302.100551579769,-0.0509990818637485,0.651285377221193,0.920463072739781,0,Not significant
1899,1,ENSG00000039123.16,MTREX,254.643553071634,0.0513415875343741,0.647656914722034,0.920463072739781,0,Not significant
1900,1,ENSG00000068796.19,KIF2A,146.804640797581,-0.0580666832172669,0.648102241275313,0.920463072739781,0,Not significant
1901,1,ENSG00000164347.18,GFM2,75.133292371166,-0.0611887302375365,0.653683005041184,0.920463072739781,0,Not significant
1902,1,ENSG00000213757.3,RPS3AP20,1106.96343014679,-0.0408458164192226,0.653965807081832,0.920463072739781,0,Not significant
1903,1,ENSG00000152348.16,ATG10,20.2320449919775,0.0581278124577004,0.651348163127789,0.920463072739781,0,Not significant
1904,1,ENSG00000177879.17,AP3S1,455.305331189585,0.0482384398085011,0.649784507397417,0.920463072739781,0,Not significant
1905,1,ENSG00000173926.6,MARCHF3,9.9684781319059,-0.0468847938424831,0.649272438046349,0.920463072739781,0,Not significant
1906,1,ENSG00000072364.13,AFF4,707.456069389819,-0.044507144161969,0.650407664110717,0.920463072739781,0,Not significant
1907,1,ENSG00000253873.6,PCDHGA11,86.3259164749291,0.0620702924910344,0.645914429907812,0.920463072739781,0,Not significant
1908,1,ENSG00000177556.12,ATOX1,129.141804579063,-0.0584191989180266,0.64694195780437,0.920463072739781,0,Not significant
1909,1,ENSG00000082515.18,MRPL22,46.3880117939894,-0.0638856403090071,0.65036241664598,0.920463072739781,0,Not significant
1910,1,ENSG00000231989.5,PPP1R2B,102.025696241715,0.0598728793606063,0.6542800177423,0.920463072739781,0,Not significant
1911,1,ENSG00000247679.3,ENSG00000247679,14.3160865692836,-0.056886547274149,0.64494141182106,0.920463072739781,0,Not significant
1912,1,ENSG00000231228.4,ARPP19P1,40.6287456858729,0.0636177050745469,0.65248884112472,0.920463072739781,0,Not significant
1913,1,ENSG00000183718.6,TRIM52,34.8337724966174,0.0644750584836624,0.646330638535231,0.920463072739781,0,Not significant
1914,1,ENSG00000124588.22,NQO2,56.1547339743653,-0.0626723054497049,0.653931206999075,0.920463072739781,0,Not significant
1915,1,ENSG00000172201.12,ID4,11.2348401894939,0.0504362012456319,0.646441493417296,0.920463072739781,0,Not significant
1916,1,ENSG00000216676.2,RPL8P1,200.743637290292,0.0544797099906221,0.648126913867051,0.920463072739781,0,Not significant
1917,1,ENSG00000234127.9,TRIM26,179.995080815595,0.0542704162707949,0.65565952946093,0.920463072739781,0,Not significant
1918,1,ENSG00000204427.12,ABHD16A,9.43260072922568,0.0505676990733012,0.644003255400611,0.920463072739781,0,Not significant
1919,1,ENSG00000218749.1,RPL36P9,50.3395386732805,-0.0634292486949288,0.651909525060555,0.920463072739781,0,Not significant
1920,1,ENSG00000137168.8,PPIL1,56.8351251255796,-0.062923677331926,0.651009066631768,0.920463072739781,0,Not significant
1921,1,ENSG00000124596.17,OARD1,64.6981007182767,-0.0621399738268628,0.65588724179347,0.920463072739781,0,Not significant
1922,1,ENSG00000218350.1,LYPLA1P3,39.5012108145349,0.0635061020788529,0.654243224222442,0.920463072739781,0,Not significant
1923,1,ENSG00000219253.1,RPS6P7,21.9106293645762,-0.0595290101876372,0.644783707653695,0.920463072739781,0,Not significant
1924,1,ENSG00000135336.16,ORC3,142.259784333504,0.0575432465656024,0.650125414460944,0.920463072739781,0,Not significant
1925,1,ENSG00000118412.13,CASP8AP2,82.6123094558487,0.0620575544784211,0.648298041281252,0.920463072739781,0,Not significant
1926,1,ENSG00000187472.4,ENSG00000187472,328.777320036761,0.0540207773681808,0.644362187674234,0.920463072739781,0,Not significant
1927,1,ENSG00000218208.1,RPS27AP11,1138.21182927452,0.0428228085478725,0.649498965550767,0.920463072739781,0,Not significant
1928,1,ENSG00000120437.9,ACAT2,30.5721294035823,0.0641123830664987,0.646440888322815,0.920463072739781,0,Not significant
1929,1,ENSG00000167842.16,MIS12,52.6971302038274,0.0646698945551474,0.648281009324652,0.920463072739781,0,Not significant
1930,1,ENSG00000266876.1,ENSG00000266876,54.6402469058171,-0.0624125777866915,0.655837150850072,0.920463072739781,0,Not significant
1931,1,ENSG00000172171.11,TEFM,15.779366391685,0.0583310817723086,0.645929217166517,0.920463072739781,0,Not significant
1932,1,ENSG00000006042.12,TMEM98,637.925994117614,-0.0442212642904707,0.655182012461678,0.920463072739781,0,Not significant
1933,1,ENSG00000278540.5,ACACA,244.849552704816,-0.0532535169183622,0.65574484607557,0.920463072739781,0,Not significant
1934,1,ENSG00000267121.7,FMNL1-DT,12.8446879987201,-0.0554451174638146,0.643493899875558,0.920463072739781,0,Not significant
1935,1,ENSG00000271919.1,ENSG00000271919,28.5165905081748,-0.0617392103509638,0.648510130826043,0.920463072739781,0,Not significant
1936,1,ENSG00000178607.17,ERN1,76.5220301563457,0.0612290715394381,0.652119288126645,0.920463072739781,0,Not significant
1937,1,ENSG00000182173.14,TSEN54,18.6351605487088,-0.0571535340848463,0.655973867511757,0.920463072739781,0,Not significant
1938,1,ENSG00000091009.8,RBM27,59.19012637383,0.0632503057047688,0.656335436941629,0.920495210323708,0,Not significant
1939,1,ENSG00000249689.1,ENSG00000249689,8.40563360138952,-0.0455930833790157,0.657281996535721,0.921347326758169,0,Not significant
1940,1,ENSG00000112578.10,BYSL,37.0225255707773,0.0625618764749702,0.658008520573195,0.921890288102033,0,Not significant
1941,1,ENSG00000124789.12,NUP153,220.367424394338,-0.0520194986001634,0.65846167074925,0.922049882069275,0,Not significant
1942,1,ENSG00000176783.15,RUFY1,204.424451996521,-0.0523726645935414,0.659374934580139,0.922378318162027,0,Not significant
1943,1,ENSG00000154079.6,SDHAF4,25.193868955071,-0.05975194198571,0.659217473653224,0.922378318162027,0,Not significant
1944,1,ENSG00000006125.18,AP2B1,1376.71808427523,0.0431713032794186,0.659822299973256,0.92252932681446,0,Not significant
1945,1,ENSG00000154122.14,ANKH,144.699591896078,-0.0545496955464842,0.666921970340257,0.923228084860717,0,Not significant
1946,1,ENSG00000177034.18,MTX3,118.644896090422,-0.0566309183668623,0.662606541071302,0.923228084860717,0,Not significant
1947,1,ENSG00000245937.10,SLC12A2-DT,66.9080242011427,-0.0609736884519039,0.661251920713419,0.923228084860717,0,Not significant
1948,1,ENSG00000164284.15,GRPEL2,42.5159613253691,-0.0590233489463271,0.672982042642648,0.923228084860717,0,Not significant
1949,1,ENSG00000156427.8,FGF18,8.92813412312155,0.0433650532509142,0.67185438902391,0.923228084860717,0,Not significant
1950,1,ENSG00000169223.16,LMAN2,418.548909835029,0.0453982011040558,0.673848320744405,0.923228084860717,0,Not significant
1951,1,ENSG00000175309.15,PHYKPL,124.535125746419,-0.0552539669853064,0.674953424402869,0.923228084860717,0,Not significant
1952,1,ENSG00000218574.1,HNRNPA1P37,68.3352633357345,-0.057679412705824,0.675267635284439,0.923228084860717,0,Not significant
1953,1,ENSG00000217414.2,DDX18P3,73.2869377270822,0.05896411104351,0.665889759773548,0.923228084860717,0,Not significant
1954,1,ENSG00000187837.4,H1-2,42.4392151128648,0.0594880931900589,0.670635660699532,0.923228084860717,0,Not significant
1955,1,ENSG00000204220.12,PFDN6,48.9591636085898,0.0611520909847028,0.663485154277212,0.923228084860717,0,Not significant
1956,1,ENSG00000204209.13,DAXX,184.651414146075,-0.0565934232526774,0.66377113265928,0.923228084860717,0,Not significant
1957,1,ENSG00000187762.5,HSPE1P11,6.31315698060143,-0.0366193661559366,0.675154428392885,0.923228084860717,0,Not significant
1958,1,ENSG00000237719.1,ENSG00000237719,35.5135125316112,0.0598732360828388,0.670541878211142,0.923228084860717,0,Not significant
1959,1,ENSG00000124688.14,MAD2L1BP,52.3957014968582,0.0612586335842606,0.668749451755814,0.923228084860717,0,Not significant
1960,1,ENSG00000153291.16,SLC25A27,97.4217566639136,0.0567201631575368,0.673393163720776,0.923228084860717,0,Not significant
1961,1,ENSG00000218965.1,NACAP7,40.0675055058241,0.0609233894953837,0.666631179676006,0.923228084860717,0,Not significant
1962,1,ENSG00000225093.1,RPL3P7,2195.72559780605,-0.0392026347143948,0.66748184066259,0.923228084860717,0,Not significant
1963,1,ENSG00000218180.2,SLC25A5P7,151.827832809945,0.0532173390447355,0.666731102177923,0.923228084860717,0,Not significant
1964,1,ENSG00000131018.25,SYNE1,658.40381834687,0.0447974903733109,0.66329038361984,0.923228084860717,0,Not significant
1965,1,ENSG00000196689.13,TRPV1,15.6482894566692,0.0531704721163947,0.669420906662393,0.923228084860717,0,Not significant
1966,1,ENSG00000083457.12,ITGAE,47.5945458787647,0.059736302272613,0.673178973037682,0.923228084860717,0,Not significant
1967,1,ENSG00000108590.11,MED31,15.979319318136,-0.0492177615406837,0.672944368352598,0.923228084860717,0,Not significant
1968,1,ENSG00000233223.5,ENSG00000233223,15.5717618741764,0.0532116013771485,0.671954087552476,0.923228084860717,0,Not significant
1969,1,ENSG00000141499.18,WRAP53,19.622234310187,-0.0549409885912958,0.66998793287186,0.923228084860717,0,Not significant
1970,1,ENSG00000283879.1,MTND6P35,32.5476925047114,0.0604530716769734,0.662294437994561,0.923228084860717,0,Not significant
1971,1,ENSG00000178691.11,SUZ12,139.846196283522,-0.0544931767422435,0.667468460244447,0.923228084860717,0,Not significant
1972,1,ENSG00000276810.1,ENSG00000276810,59.6519587418977,0.0583769948011601,0.674167434949389,0.923228084860717,0,Not significant
1973,1,ENSG00000141698.17,NT5C3B,130.260851098919,0.0560760320633972,0.665960866654763,0.923228084860717,0,Not significant
1974,1,ENSG00000168256.18,NKIRAS2,117.262230845175,0.0570640406025632,0.664880487819272,0.923228084860717,0,Not significant
1975,1,ENSG00000183978.8,COA3,78.5041183051652,0.060127942291484,0.661796407443706,0.923228084860717,0,Not significant
1976,1,ENSG00000240305.1,RPL6P26,473.090150617019,-0.0438196429098477,0.66374744137277,0.923228084860717,0,Not significant
1977,1,ENSG00000120071.15,KANSL1,201.072752969423,-0.0523792988460845,0.667186375541433,0.923228084860717,0,Not significant
1978,1,ENSG00000167182.16,SP2,68.081079127814,-0.0578803843350767,0.675163440859626,0.923228084860717,0,Not significant
1979,1,ENSG00000120075.6,HOXB5,17.9143896970326,-0.0537283635952777,0.669853913662835,0.923228084860717,0,Not significant
1980,1,ENSG00000167107.13,ACSF2,83.1700908082141,0.0602247811530574,0.661408261918756,0.923228084860717,0,Not significant
1981,1,ENSG00000262623.1,ENSG00000262623,13.2348028222754,-0.0505231766035253,0.673762688773558,0.923228084860717,0,Not significant
1982,1,ENSG00000011143.19,MKS1,31.1256155878256,-0.0607636096168218,0.661757451024889,0.923228084860717,0,Not significant
1983,1,ENSG00000068489.13,PRR11,27.7192524838941,-0.0578634778701208,0.671446350237244,0.923228084860717,0,Not significant
1984,1,ENSG00000141376.24,BCAS3,139.337266831049,-0.0547712062547564,0.673812276543827,0.923228084860717,0,Not significant
1985,1,ENSG00000264907.1,PRELID3BP3,9.62648395237627,-0.0428624731285672,0.669700950236326,0.923228084860717,0,Not significant
1986,1,ENSG00000136463.9,TACO1,8.4703922050022,-0.0403457805516023,0.671282186977575,0.923228084860717,0,Not significant
1987,1,ENSG00000198231.14,DDX42,601.522928966323,-0.0439959451840553,0.664848328483666,0.923228084860717,0,Not significant
1988,1,ENSG00000125458.7,NT5C,43.3278161699672,0.0594014975354863,0.673957847254826,0.923228084860717,0,Not significant
1989,1,ENSG00000244086.1,ENSG00000244086,201.151011080832,-0.0502329100749058,0.679013544042133,0.926245843094627,0,Not significant
1990,1,ENSG00000198863.8,RUNDC1,60.0761525975806,0.0579996154369007,0.679178795175714,0.926245843094627,0,Not significant
1991,1,ENSG00000204652.6,RPS26P8,494.057379458068,-0.0435320902397612,0.678285823196791,0.926245843094627,0,Not significant
1992,1,ENSG00000187775.17,DNAH17,9.53083681339311,-0.0459216970976411,0.678235505303852,0.926245843094627,0,Not significant
1993,1,ENSG00000183684.8,ALYREF,81.6977715159956,0.0567138135476512,0.678756774350547,0.926245843094627,0,Not significant
1994,1,ENSG00000164494.12,PDSS2,67.2372067220946,-0.0569821318953398,0.679782701346951,0.92660450464444,0,Not significant
1995,1,ENSG00000071539.14,TRIP13,9.19907516057897,0.0436507660267201,0.691398849946157,0.927544928764451,0,Not significant
1996,1,ENSG00000170561.13,IRX2,10.7754575276192,-0.0430198730769927,0.690355654631575,0.927544928764451,0,Not significant
1997,1,ENSG00000155545.20,MIER3,88.5730307360644,-0.0552751978696387,0.68156978664652,0.927544928764451,0,Not significant
1998,1,ENSG00000250802.7,ZBED3-AS1,7.2869207528117,-0.0348663720960906,0.685254074811997,0.927544928764451,0,Not significant
1999,1,ENSG00000290550.1,ENSG00000290550,7.69902119440376,0.0413510243217385,0.687442606295233,0.927544928764451,0,Not significant
2000,1,ENSG00000244245.1,ENSG00000244245,1431.58105449248,-0.0345531845514152,0.684904757422647,0.927544928764451,0,Not significant
2001,1,ENSG00000224032.9,EPB41L4A-AS1,73.4583659621363,-0.0540865347571704,0.694284452989825,0.927544928764451,0,Not significant
2002,1,ENSG00000155858.6,LSM11,25.558701973428,0.0533570142619438,0.695070162550693,0.927544928764451,0,Not significant
2003,1,ENSG00000113282.14,CLINT1,328.108597181052,0.0446402795199754,0.688312338013388,0.927544928764451,0,Not significant
2004,1,ENSG00000251122.1,NIFKP2,21.0368820507551,0.0519024786885567,0.695141638560154,0.927544928764451,0,Not significant
2005,1,ENSG00000146083.12,RNF44,72.4598906496597,0.0549067194774656,0.692818357173975,0.927544928764451,0,Not significant
2006,1,ENSG00000183258.12,DDX41,204.17045159773,-0.0502797407169795,0.687431790343897,0.927544928764451,0,Not significant
2007,1,ENSG00000249876.1,ENSG00000249876,6.15129958214637,0.037666702539219,0.688285631807761,0.927544928764451,0,Not significant
2008,1,ENSG00000145949.12,MYLK4,10.2334267019794,0.045854195971697,0.685185372913235,0.927544928764451,0,Not significant
2009,1,ENSG00000111802.14,TDP2,147.360982652865,0.0523196620730069,0.688648391452702,0.927544928764451,0,Not significant
2010,1,ENSG00000204564.12,C6orf136,25.7892928972581,-0.0530251896178883,0.695146806436051,0.927544928764451,0,Not significant
2011,1,ENSG00000146112.12,PPP1R18,406.043161886263,-0.0426806650655063,0.689428408228071,0.927544928764451,0,Not significant
2012,1,ENSG00000204439.4,C6orf47,57.0695221958118,0.0565389235519623,0.689784511271772,0.927544928764451,0,Not significant
2013,1,ENSG00000240053.9,LY6G5B,9.73829295012925,0.0422149311865722,0.69458570717106,0.927544928764451,0,Not significant
2014,1,ENSG00000221988.13,PPT2,29.5035835655548,-0.0550301780139762,0.685910402688838,0.927544928764451,0,Not significant
2015,1,ENSG00000168394.13,TAP1,111.628545902664,-0.0524197413341153,0.68896041639383,0.927544928764451,0,Not significant
2016,1,ENSG00000227057.10,WDR46,127.077501199359,0.0531480009058286,0.684605209453775,0.927544928764451,0,Not significant
2017,1,ENSG00000124641.16,MED20,49.4969650514687,-0.0561074646983874,0.68902167700401,0.927544928764451,0,Not significant
2018,1,ENSG00000124571.18,XPO5,114.144320423111,0.0528594783137619,0.688673603284839,0.927544928764451,0,Not significant
2019,1,ENSG00000172432.19,GTPBP2,161.158777696482,-0.0492933312038804,0.691008714999398,0.927544928764451,0,Not significant
2020,1,ENSG00000213309.3,RPL9P18,1343.50690410072,-0.0377464027323056,0.683318868959939,0.927544928764451,0,Not significant
2021,1,ENSG00000218748.1,DBIP1,75.3775444255465,0.055438080325727,0.685837693763364,0.927544928764451,0,Not significant
2022,1,ENSG00000135317.14,SNX14,57.2546910106352,0.0557745436444653,0.692268443115139,0.927544928764451,0,Not significant
2023,1,ENSG00000025156.13,HSF2,52.8158990205638,-0.0553663544836736,0.69149605475362,0.927544928764451,0,Not significant
2024,1,ENSG00000118518.17,RNF146,212.034369546004,0.0467542677204356,0.69442850350774,0.927544928764451,0,Not significant
2025,1,ENSG00000219487.2,ENSG00000219487,74.3353775349254,0.0569721158537699,0.686618034960053,0.927544928764451,0,Not significant
2026,1,ENSG00000220745.2,C11orf98P2,13.8208738244444,-0.048227839914206,0.684656071206519,0.927544928764451,0,Not significant
2027,1,ENSG00000146457.16,WTAP,255.840575241793,0.0482838347387885,0.687458495617945,0.927544928764451,0,Not significant
2028,1,ENSG00000112592.15,TBP,45.8934942218226,0.0559409258580382,0.692134865813657,0.927544928764451,0,Not significant
2029,1,ENSG00000175061.20,SNHG29,1424.18617026979,-0.036022081355803,0.690666225442214,0.927544928764451,0,Not significant
2030,1,ENSG00000109111.15,SUPT6H,767.326488193096,0.0385601785141868,0.689281658247881,0.927544928764451,0,Not significant
2031,1,ENSG00000198720.13,ANKRD13B,60.9683004764289,0.0559790873731414,0.69073584831062,0.927544928764451,0,Not significant
2032,1,ENSG00000186566.13,GPATCH8,284.301204630324,-0.0442013969031807,0.690840700073281,0.927544928764451,0,Not significant
2033,1,ENSG00000239672.8,NME1,21.1230437672633,-0.0510666274471923,0.693370827022343,0.927544928764451,0,Not significant
2034,1,ENSG00000167447.13,SMG8,82.4502411716721,0.0542258548456371,0.69491766429567,0.927544928764451,0,Not significant
2035,1,ENSG00000136490.9,LIMD2,11.8961010307045,-0.0467128913103096,0.683739016433881,0.927544928764451,0,Not significant
2036,1,ENSG00000129667.13,RHBDF2,12.5701256935597,-0.0480980599557944,0.682333191996667,0.927544928764451,0,Not significant
2037,1,ENSG00000175866.16,BAIAP2,47.8765784695273,-0.0562940104040977,0.690645383127469,0.927544928764451,0,Not significant
2038,1,ENSG00000204713.11,TRIM27,180.28087801074,-0.0481382667834845,0.696161340699941,0.927722665251245,0,Not significant
2039,1,ENSG00000161970.15,RPL26,850.45997752523,-0.040962579041992,0.695787212491493,0.927722665251245,0,Not significant
2040,1,ENSG00000167920.12,KRT10-AS1,32.1305349539004,0.0540661839657394,0.69630398716429,0.927722665251245,0,Not significant
2041,1,ENSG00000251544.1,MTND5P12,86.0719460838019,-0.0525198491196525,0.696686440553004,0.927777435288126,0,Not significant
2042,1,ENSG00000240184.7,PCDHGC3,512.188547709967,0.039681434201797,0.697704781119975,0.927996194205444,0,Not significant
2043,1,ENSG00000092820.19,EZR,311.521721626544,0.0445178048682002,0.697555053213297,0.927996194205444,0,Not significant
2044,1,ENSG00000198265.12,HELZ,229.203840545979,0.0467436186604868,0.697874989314175,0.927996194205444,0,Not significant
2045,1,ENSG00000152582.14,SPEF2,28.9833209464698,0.0542989044641634,0.699520403512803,0.928746141526878,0,Not significant
2046,1,ENSG00000183323.13,CCDC125,60.8477091052424,0.054048742659576,0.69969736431997,0.928746141526878,0,Not significant
2047,1,ENSG00000251453.1,HAUS1P1,45.8898437028282,-0.0531650283204526,0.700147477552823,0.928746141526878,0,Not significant
2048,1,ENSG00000261934.3,PCDHGA9,19.7531278399581,-0.0500685862908362,0.700067478349893,0.928746141526878,0,Not significant
2049,1,ENSG00000094804.12,CDC6,6.3712439129705,0.0362663479948643,0.700054125036007,0.928746141526878,0,Not significant
2050,1,ENSG00000239552.2,HOXB-AS2,7.37465969465342,-0.0387304563954765,0.700749111064964,0.929090772621743,0,Not significant
2051,1,ENSG00000156639.12,ZFAND3,411.473522756498,-0.0406723571852158,0.702400622914705,0.93052141621294,0,Not significant
2052,1,ENSG00000232389.1,ENSG00000232389,178.010859090887,0.0476559582162534,0.702681151405915,0.93052141621294,0,Not significant
2053,1,ENSG00000213078.3,ENSG00000213078,54.2042383916315,-0.0530981218011044,0.702855212466948,0.93052141621294,0,Not significant
2054,1,ENSG00000186328.4,ENSG00000186328,33.3310621734992,-0.0529452057956692,0.703550118021261,0.930799205972642,0,Not significant
2055,1,ENSG00000091947.10,TMEM101,75.6925310896656,-0.0519742699872668,0.704009667001261,0.930799205972642,0,Not significant
2056,1,ENSG00000188878.20,FBF1,11.9344877389149,-0.0446239406713576,0.704092408932948,0.930799205972642,0,Not significant
2057,1,ENSG00000235821.1,IFITM4P,242.318618747993,0.0438315311353162,0.706613359407766,0.932770816352748,0,Not significant
2058,1,ENSG00000168116.14,KIAA1586,40.9664067109842,-0.0526650177762396,0.706475386876452,0.932770816352748,0,Not significant
2059,1,ENSG00000260027.5,HOXB7,15.4566644884772,0.0448525019225763,0.706074362318731,0.932770816352748,0,Not significant
2060,1,ENSG00000250728.1,ENSG00000250728,10.1471885796656,0.0406895768795698,0.708159296384123,0.933451487668305,0,Not significant
2061,1,ENSG00000197417.9,SHPK,6.75559510626606,-0.0343970610903048,0.707606742092634,0.933451487668305,0,Not significant
2062,1,ENSG00000198740.9,ZNF652,64.2321051508756,-0.0518227111941457,0.707886671918835,0.933451487668305,0,Not significant
2063,1,ENSG00000076351.13,SLC46A1,7.95127862242464,-0.0378460416848688,0.708591520432342,0.933568469478966,0,Not significant
2064,1,ENSG00000237107.3,RPL36AP5,75.5590416422633,-0.0511310663612559,0.70920438646616,0.933923218224333,0,Not significant
2065,1,ENSG00000081853.15,PCDHGA2,42.97911441383,0.0526873189560389,0.710297234258854,0.934909386302937,0,Not significant
2066,1,ENSG00000225921.7,NOL7,121.85548865809,0.0480094308985354,0.711876797209044,0.936305930040335,0,Not significant
2067,1,ENSG00000001561.7,ENPP4,25.6956654892897,0.048955901646069,0.712391708360343,0.936305930040335,0,Not significant
2068,1,ENSG00000146243.14,IRAK1BP1,24.9744410240611,-0.0492586662066857,0.712346061741751,0.936305930040335,0,Not significant
2069,1,ENSG00000124587.14,PEX6,129.009253495907,0.0481950239795189,0.713476153541771,0.93665926316304,0,Not significant
2070,1,ENSG00000129197.15,RPAIN,75.7337359653277,-0.0489518968901611,0.713694383374045,0.93665926316304,0,Not significant
2071,1,ENSG00000177885.15,GRB2,368.791666207282,0.0402301861604629,0.713160628441643,0.93665926316304,0,Not significant
2072,1,ENSG00000267280.6,TBX2-AS1,25.645434462884,0.0497854493237387,0.714392881348066,0.93712348045562,0,Not significant
2073,1,ENSG00000175832.13,ETV4,9.22575604512606,0.0364478763069363,0.71498084470576,0.937442323159795,0,Not significant
2074,1,ENSG00000151883.19,PARP8,72.0271771065408,-0.0502336938066465,0.715690624872343,0.93763918812458,0,Not significant
2075,1,ENSG00000250574.1,ENSG00000250574,8.68175741508224,-0.0359458798190008,0.721299162640185,0.93763918812458,0,Not significant
2076,1,ENSG00000113273.17,ARSB,343.614215880938,0.0384206923906799,0.719349101126396,0.93763918812458,0,Not significant
2077,1,ENSG00000164611.13,PTTG1,17.4332938107515,-0.0450243817764057,0.716719264301854,0.93763918812458,0,Not significant
2078,1,ENSG00000164466.13,SFXN1,148.834439508366,-0.0447695747692895,0.721198074982885,0.93763918812458,0,Not significant
2079,1,ENSG00000213347.11,MXD3,9.57926690285074,-0.0386287423679864,0.718750516702292,0.93763918812458,0,Not significant
2080,1,ENSG00000169230.10,PRELID1,83.5740317002975,0.0498323476659274,0.715927844815415,0.93763918812458,0,Not significant
2081,1,ENSG00000213760.11,ATP6V1G2,13.2120623576813,0.0414535261239199,0.722030471208515,0.93763918812458,0,Not significant
2082,1,ENSG00000204387.14,SNHG32,226.714866347571,-0.0435775425338777,0.721852170475836,0.93763918812458,0,Not significant
2083,1,ENSG00000112167.11,SAYSD1,60.2299550174207,-0.0492553178343026,0.721785985845418,0.93763918812458,0,Not significant
2084,1,ENSG00000112144.16,CILK1,133.803805474077,0.0470050056083659,0.72082534889615,0.93763918812458,0,Not significant
2085,1,ENSG00000214460.3,TPT1P6,939.50787519645,0.0329002399086764,0.721345437926305,0.93763918812458,0,Not significant
2086,1,ENSG00000225177.6,NHSL1-AS1,12.6814247721923,-0.0429316115028179,0.718762759550513,0.93763918812458,0,Not significant
2087,1,ENSG00000171861.11,MRM3,28.7198465195287,-0.0494113172336528,0.719370349441065,0.93763918812458,0,Not significant
2088,1,ENSG00000187824.9,TMEM220,25.2405038984873,-0.0482410792724554,0.720798479383498,0.93763918812458,0,Not significant
2089,1,ENSG00000108474.17,PIGL,34.1028732910883,-0.0496989207429179,0.718531455992415,0.93763918812458,0,Not significant
2090,1,ENSG00000177427.13,MIEF2,31.6156697938631,-0.0482092390681337,0.717734355173915,0.93763918812458,0,Not significant
2091,1,ENSG00000005243.10,COPZ2,196.744315133209,-0.0428572276465411,0.720102539452537,0.93763918812458,0,Not significant
2092,1,ENSG00000108848.16,LUC7L3,621.987359621703,-0.0361081291580779,0.720553764964918,0.93763918812458,0,Not significant
2093,1,ENSG00000141582.15,CBX4,60.6685026901696,0.0506683812048861,0.718856024950683,0.93763918812458,0,Not significant
2094,1,ENSG00000221886.4,FAM200C,15.7353946205609,-0.044168972791588,0.723110304654713,0.938262552405104,0,Not significant
2095,1,ENSG00000135334.9,AKIRIN2,148.533012309784,-0.0441944297341996,0.723891306988044,0.938262552405104,0,Not significant
2096,1,ENSG00000123545.6,NDUFAF4,29.5594549908099,0.048743912770152,0.723458781808099,0.938262552405104,0,Not significant
2097,1,ENSG00000224011.1,RPL36AP46,29.6611933815466,-0.0486533388152902,0.723708299619952,0.938262552405104,0,Not significant
2098,1,ENSG00000185296.8,ENSG00000185296,9.2420548198925,-0.0358593229735356,0.725076360560416,0.939047013935052,0,Not significant
2099,1,ENSG00000153037.15,SRP19,52.4808081269689,0.0495805783847549,0.725533012974102,0.939047013935052,0,Not significant
2100,1,ENSG00000120314.19,WDR55,93.6689458789642,-0.0469022898333179,0.725385746621476,0.939047013935052,0,Not significant
2101,1,ENSG00000228007.1,RPL36AP7,585.944941250424,-0.0353344919311688,0.726241089951097,0.939516079241828,0,Not significant
2102,1,ENSG00000177738.6,ANXA2R-OT1,12.5270711532441,0.0403919373643142,0.728824216246304,0.940022777530855,0,Not significant
2103,1,ENSG00000155542.12,SETD9,11.5006894508736,-0.0368159762798016,0.728433734618344,0.940022777530855,0,Not significant
2104,1,ENSG00000217128.13,FNIP1,322.421072878202,-0.0402137208458154,0.728095139195005,0.940022777530855,0,Not significant
2105,1,ENSG00000133706.20,LARS1,388.685078385481,-0.0377256071640393,0.727298404756866,0.940022777530855,0,Not significant
2106,1,ENSG00000111850.11,SMIM8,24.4793607104323,-0.0464176932443247,0.727986257738963,0.940022777530855,0,Not significant
2107,1,ENSG00000025796.14,SEC63,699.839799031255,-0.031079398490251,0.728978717194597,0.940022777530855,0,Not significant
2108,1,ENSG00000112378.12,PERP,1354.99849839076,-0.0337825866676249,0.72905372149928,0.940022777530855,0,Not significant
2109,1,ENSG00000251066.1,ENSG00000251066,147.383529852558,0.0440926283071593,0.729781723562225,0.940069537745085,0,Not significant
2110,1,ENSG00000112763.17,BTN2A1,115.619814253522,0.0451579316161089,0.729630110332229,0.940069537745085,0,Not significant
2111,1,ENSG00000227077.3,ENSG00000227077,637.613557065051,-0.0369485122957534,0.730398944105212,0.940418915242996,0,Not significant
2112,1,ENSG00000113504.21,SLC12A7,112.591166946786,0.0447087080172244,0.732954546977416,0.94049057529195,0,Not significant
2113,1,ENSG00000244073.1,RPS4XP6,1202.45387635341,-0.0322500950590834,0.734199224384075,0.94049057529195,0,Not significant
2114,1,ENSG00000153914.16,SREK1,320.32877837101,-0.0389028202588285,0.733549439991368,0.94049057529195,0,Not significant
2115,1,ENSG00000242602.1,RPL35AP13,111.352636219957,0.0450398852689893,0.733700325061965,0.94049057529195,0,Not significant
2116,1,ENSG00000250071.1,ARPC1AP3,219.578034988344,0.0403004924132003,0.73426085385192,0.94049057529195,0,Not significant
2117,1,ENSG00000152409.9,JMY,187.901994280831,0.0434725906753682,0.733863099685163,0.94049057529195,0,Not significant
2118,1,ENSG00000213414.3,ENSG00000213414,295.335303226188,0.0399621276881296,0.733618040961921,0.94049057529195,0,Not significant
2119,1,ENSG00000137338.6,PGBD1,33.9799383491613,-0.0472483058977691,0.733657080336358,0.94049057529195,0,Not significant
2120,1,ENSG00000257178.5,ENSG00000257178,7.30171477985037,0.0344340844146784,0.732294574900897,0.94049057529195,0,Not significant
2121,1,ENSG00000132481.7,TRIM47,14.2492823323731,-0.0413380819606759,0.734104485690069,0.94049057529195,0,Not significant
2122,1,ENSG00000169660.17,HEXD,34.2184276014934,-0.0476599741105504,0.731657712865746,0.94049057529195,0,Not significant
2123,1,ENSG00000196911.12,KPNA5,43.0577222919692,-0.0473175038008786,0.735256999368647,0.940655391514613,0,Not significant
2124,1,ENSG00000218226.1,TATDN2P2,21.6373554209914,0.0450961239740942,0.735412541120392,0.940655391514613,0,Not significant
2125,1,ENSG00000185624.16,P4HB,3020.93685136819,-0.0310341520581555,0.735427780341631,0.940655391514613,0,Not significant
2126,1,ENSG00000177839.7,PCDHB9,7.87187043755713,-0.0339163632066012,0.736173101791418,0.941134900100062,0,Not significant
2127,1,ENSG00000239264.9,TXNDC5,28.5377363819915,-0.0456448720648996,0.73649519224166,0.941134900100062,0,Not significant
2128,1,ENSG00000179409.11,GEMIN4,100.500202566078,0.0451509974671479,0.737473520488697,0.941942212729454,0,Not significant
2129,1,ENSG00000113161.17,HMGCR,81.5573002777208,0.0456540659646978,0.738173646868469,0.942393598961249,0,Not significant
2130,1,ENSG00000196390.6,ENSG00000196390,30.0777816695335,-0.0457498481160595,0.738848774308947,0.942494838243818,0,Not significant
2131,1,ENSG00000250329.1,POGLUT2P1,33.4948804864,-0.0461692900452516,0.738946468100653,0.942494838243818,0,Not significant
2132,1,ENSG00000250045.2,CBX3P3,21.8578763895998,-0.0436340531201104,0.740342695869017,0.943395640510183,0,Not significant
2133,1,ENSG00000286760.3,ENSG00000286760,7.81191971897517,-0.0333072280520096,0.740346909936799,0.943395640510183,0,Not significant
2134,1,ENSG00000251593.1,MSNP1,987.540023030855,0.0320442045508888,0.741225599063609,0.944072717082891,0,Not significant
2135,1,ENSG00000277172.1,GAPDHP41,22.2241171229374,0.0435360350358042,0.74245021316371,0.944747040907755,0,Not significant
2136,1,ENSG00000111832.13,RWDD1,176.317527654746,-0.0401428623108293,0.742374054264243,0.944747040907755,0,Not significant
2137,1,ENSG00000232615.4,PPP4R2P5,33.9806934272352,-0.043969372670013,0.751062285564715,0.9449218641672,0,Not significant
2138,1,ENSG00000124275.15,MTRR,107.12935362137,-0.041777532544564,0.749976435360052,0.9449218641672,0,Not significant
2139,1,ENSG00000230571.2,ENSG00000230571,11.4011811889614,0.035249295996628,0.752196806540808,0.9449218641672,0,Not significant
2140,1,ENSG00000164187.7,LMBRD2,98.233739591121,0.0436786762288544,0.746024116171694,0.9449218641672,0,Not significant
2141,1,ENSG00000251215.1,GOLGA5P1,64.308314359711,0.044733841782489,0.747396364832422,0.9449218641672,0,Not significant
2142,1,ENSG00000182383.8,RPL27AP5,61.0765219181388,-0.044740844324883,0.747385282400228,0.9449218641672,0,Not significant
2143,1,ENSG00000254170.1,ENSG00000254170,27.2140115882669,0.0441558569240661,0.74859408511046,0.9449218641672,0,Not significant
2144,1,ENSG00000248323.8,LUCAT1,10.3918920378833,0.0351833419261633,0.750278496861774,0.9449218641672,0,Not significant
2145,1,ENSG00000151422.14,FER,176.575362817275,-0.039256157151129,0.749633730967865,0.9449218641672,0,Not significant
2146,1,ENSG00000092421.17,SEMA6A,9.64551310390102,0.0329340653789255,0.749987039425112,0.9449218641672,0,Not significant
2147,1,ENSG00000250847.1,ENSG00000250847,14.7688161662239,0.0381462335599485,0.751751090148397,0.9449218641672,0,Not significant
2148,1,ENSG00000250539.1,KRT8P33,9.16317154275884,-0.0335618743797231,0.745476623588972,0.9449218641672,0,Not significant
2149,1,ENSG00000113272.14,THG1L,46.3087941701902,-0.0446097621181423,0.748348326256206,0.9449218641672,0,Not significant
2150,1,ENSG00000051596.10,THOC3,13.2538837141335,-0.0378580712131674,0.744405929080781,0.9449218641672,0,Not significant
2151,1,ENSG00000187566.6,NHLRC1,9.88324351880612,-0.0319221070406155,0.751042414604416,0.9449218641672,0,Not significant
2152,1,ENSG00000158691.15,ZSCAN12,48.8544144517194,-0.04477227349708,0.748145504620556,0.9449218641672,0,Not significant
2153,1,ENSG00000204257.15,HLA-DMA,55.7721188554981,-0.043862350721795,0.751691331906705,0.9449218641672,0,Not significant
2154,1,ENSG00000196284.18,SUPT3H,19.4199442989595,0.0416110971285699,0.751560477692172,0.9449218641672,0,Not significant
2155,1,ENSG00000112335.15,SNX3,701.358080512043,0.0310540147981577,0.752057803184761,0.9449218641672,0,Not significant
2156,1,ENSG00000184786.6,DYNLT2,8.89654263426486,0.0347462772351435,0.747276127838738,0.9449218641672,0,Not significant
2157,1,ENSG00000273611.5,ZNHIT3,55.4587244862808,-0.0453888020939362,0.743826596468023,0.9449218641672,0,Not significant
2158,1,ENSG00000168259.17,DNAJC7,216.27565611337,-0.0380149400638927,0.748259380715688,0.9449218641672,0,Not significant
2159,1,ENSG00000204650.14,LINC02210,31.6062057897472,-0.0446849587433358,0.745394428351525,0.9449218641672,0,Not significant
2160,1,ENSG00000178852.16,EFCAB13,11.4708520791877,0.0360870227417497,0.752321896268514,0.9449218641672,0,Not significant
2161,1,ENSG00000141179.14,PCTP,41.7275619084233,0.0451055111864737,0.749326855863751,0.9449218641672,0,Not significant
2162,1,ENSG00000181038.14,METTL23,34.6970848034525,-0.0446900763823034,0.747524870220913,0.9449218641672,0,Not significant
2163,1,ENSG00000181396.13,OGFOD3,107.280422424853,-0.0424178801230303,0.748861679167091,0.9449218641672,0,Not significant
2164,1,ENSG00000141560.15,FN3KRP,89.7761660236655,-0.0424556087049226,0.749610565228334,0.9449218641672,0,Not significant
2165,1,ENSG00000169696.16,ASPSCR1,50.5524358381867,-0.0438646381666189,0.75300808269763,0.945346867793145,0,Not significant
2166,1,ENSG00000228672.4,PROB1,8.30240304990173,0.0330809167073192,0.754572721886472,0.946434773348286,0,Not significant
2167,1,ENSG00000254245.3,PCDHGA3,15.2897259152569,0.0351099830490486,0.754294026730072,0.946434773348286,0,Not significant
2168,1,ENSG00000196670.14,ZFP62,77.6442019946268,-0.0425527902996889,0.754919274694291,0.946434773348286,0,Not significant
2169,1,ENSG00000233101.10,HOXB-AS3,16.7596468317502,0.0389321875361982,0.755854970807533,0.947170959269191,0,Not significant
2170,1,ENSG00000145494.12,NDUFS6,84.7746761959865,0.0427567540852782,0.756348791025124,0.947218778248347,0,Not significant
2171,1,ENSG00000164151.12,ICE1,248.234828069372,0.036356694419626,0.757733518590826,0.947218778248347,0,Not significant
2172,1,ENSG00000250669.1,ENSG00000250669,10.9353813372017,0.0338784116372667,0.760772109240671,0.947218778248347,0,Not significant
2173,1,ENSG00000250080.1,ENSG00000250080,6.37541446524311,-0.0289906759784894,0.759573879529272,0.947218778248347,0,Not significant
2174,1,ENSG00000132570.15,PCBD2,22.8190175947253,0.0410443654328813,0.759967251305139,0.947218778248347,0,Not significant
2175,1,ENSG00000243056.2,EIF4EBP3,9.77976168723584,0.033704173095563,0.75987872096668,0.947218778248347,0,Not significant
2176,1,ENSG00000169228.14,RAB24,25.0750355816628,0.041385162477009,0.760396907302593,0.947218778248347,0,Not significant
2177,1,ENSG00000145982.13,FARS2,29.7193143648582,0.0417308145916452,0.760514447512223,0.947218778248347,0,Not significant
2178,1,ENSG00000219940.2,SPTLC1P3,9.7931706479358,-0.0330009237191786,0.760598508424553,0.947218778248347,0,Not significant
2179,1,ENSG00000220130.1,ENSG00000220130,21.7141709875405,-0.0394108512167242,0.759689387194935,0.947218778248347,0,Not significant
2180,1,ENSG00000029363.17,BCLAF1,663.265113866812,-0.0302151310159826,0.758246873109686,0.947218778248347,0,Not significant
2181,1,ENSG00000005156.12,LIG3,72.5326334777604,-0.0412388945866535,0.76001348025694,0.947218778248347,0,Not significant
2182,1,ENSG00000062725.10,APPBP2,351.218378259619,-0.0357876659575923,0.757092572174007,0.947218778248347,0,Not significant
2183,1,ENSG00000227036.10,LINC00511,6.74596114401596,0.03008856263922,0.758006030636385,0.947218778248347,0,Not significant
2184,1,ENSG00000145740.20,SLC30A5,209.462526969622,0.0352335974466668,0.761661756625672,0.947303402409566,0,Not significant
2185,1,ENSG00000226040.3,ENSG00000226040,39.6494671861697,0.0427827756540006,0.761801787191663,0.947303402409566,0,Not significant
2186,1,ENSG00000204574.14,ABCF1,305.431410817057,0.0347195148544018,0.761885665072595,0.947303402409566,0,Not significant
2187,1,ENSG00000037474.15,NSUN2,151.218258976718,0.0371886542410664,0.765678528118051,0.947747688011972,0,Not significant
2188,1,ENSG00000228212.1,OFD1P17,86.953789377781,-0.0396262733208745,0.770279896695145,0.947747688011972,0,Not significant
2189,1,ENSG00000287263.3,ENSG00000287263,16.3392985452123,0.0365691682249197,0.764038022450402,0.947747688011972,0,Not significant
2190,1,ENSG00000178996.14,SNX18,783.532346212579,-0.0303490756209045,0.767093477136125,0.947747688011972,0,Not significant
2191,1,ENSG00000273860.1,ENSG00000273860,7.90918094883881,0.0304550567331854,0.76819323113021,0.947747688011972,0,Not significant
2192,1,ENSG00000172062.17,SMN1,11.5287171703791,0.0346708001844662,0.765533828017063,0.947747688011972,0,Not significant
2193,1,ENSG00000245275.9,SAP30L-AS1,16.5783733158557,0.036297467149736,0.768045014172449,0.947747688011972,0,Not significant
2194,1,ENSG00000253439.1,CDC42P5,255.587553115377,-0.0337270887265826,0.766931460350311,0.947747688011972,0,Not significant
2195,1,ENSG00000220472.1,ENSG00000220472,2193.60516837161,-0.0263268325921512,0.769696505648635,0.947747688011972,0,Not significant
2196,1,ENSG00000237154.2,MCFD2P1,64.9730077483332,0.0410035731478897,0.767774858575516,0.947747688011972,0,Not significant
2197,1,ENSG00000186577.14,SMIM29,61.6953989886659,0.0418276080295521,0.7688439795872,0.947747688011972,0,Not significant
2198,1,ENSG00000232422.1,KNOP1P4,15.9694610991815,0.0368962056100963,0.771309008786785,0.947747688011972,0,Not significant
2199,1,ENSG00000132429.10,POPDC3,23.4799362083512,0.0394002277552137,0.765384802145346,0.947747688011972,0,Not significant
2200,1,ENSG00000155115.7,GTF3C6,76.8472941521015,-0.0399581945743916,0.768748176981375,0.947747688011972,0,Not significant
2201,1,ENSG00000266875.2,RN7SL408P,19.3572908363634,0.0333196928497643,0.771088116432565,0.947747688011972,0,Not significant
2202,1,ENSG00000219806.1,ATP5PBP6,119.068129329011,-0.0376506448215472,0.770046401669038,0.947747688011972,0,Not significant
2203,1,ENSG00000074755.15,ZZEF1,376.098724075081,0.0334875093608085,0.766979975205426,0.947747688011972,0,Not significant
2204,1,ENSG00000183011.14,NAA38,63.962908458067,0.0410575855650263,0.770208979588029,0.947747688011972,0,Not significant
2205,1,ENSG00000271029.1,ENSG00000271029,280.082881918085,-0.0333313119425343,0.770397878487283,0.947747688011972,0,Not significant
2206,1,ENSG00000233966.1,UBE2SP1,38.8463650413131,0.0422224735902165,0.764489112959624,0.947747688011972,0,Not significant
2207,1,ENSG00000278845.5,MRPL45,123.367188997367,-0.0367892663625289,0.770701827002492,0.947747688011972,0,Not significant
2208,1,ENSG00000277791.5,PSMB3,169.243703284877,0.0361804795453357,0.766442541681482,0.947747688011972,0,Not significant
2209,1,ENSG00000186395.9,KRT10,33.4442928715964,0.0401789356320336,0.76271064308115,0.947747688011972,0,Not significant
2210,1,ENSG00000289293.1,ENSG00000289293,6.52510460535039,0.0282729172415503,0.764861606365779,0.947747688011972,0,Not significant
2211,1,ENSG00000008283.16,CYB561,103.83111963264,-0.0385719724842016,0.769670603348591,0.947747688011972,0,Not significant
2212,1,ENSG00000161547.17,SRSF2,279.01648176122,0.0331883281313657,0.770512814578424,0.947747688011972,0,Not significant
2213,1,ENSG00000243664.1,RPS29P12,121.115328082581,0.0385520828211687,0.773514627508689,0.947886725684679,0,Not significant
2214,1,ENSG00000230438.9,SERPINB9P1,17.1172740338486,-0.0314507121954158,0.772605875734489,0.947886725684679,0,Not significant
2215,1,ENSG00000137221.14,TJAP1,120.352580438599,0.0375594525311654,0.772306520557227,0.947886725684679,0,Not significant
2216,1,ENSG00000085382.12,HACE1,63.8213841060514,0.0405611552602455,0.7728483839046,0.947886725684679,0,Not significant
2217,1,ENSG00000141279.18,NPEPPS,705.628170207825,0.0301990432803631,0.773355735591791,0.947886725684679,0,Not significant
2218,1,ENSG00000159640.17,ACE,21.3711840447138,0.0381603414243885,0.773199804801961,0.947886725684679,0,Not significant
2219,1,ENSG00000198677.13,SKIC3,605.078314024433,0.029259576863516,0.773884771731959,0.947912938065554,0,Not significant
2220,1,ENSG00000161526.15,SAP30BP,136.487542715897,0.0363275547942353,0.776119063270279,0.950221447733612,0,Not significant
2221,1,ENSG00000108773.11,KAT2A,103.749799567079,0.0375799126257206,0.77660415933087,0.950387260270736,0,Not significant
2222,1,ENSG00000204469.13,PRRC2A,871.972065873001,0.0272203534634091,0.778107247718603,0.951369995186308,0,Not significant
2223,1,ENSG00000123552.18,USP45,47.3026463313745,-0.0394677196404733,0.77796614453905,0.951369995186308,0,Not significant
2224,1,ENSG00000108587.16,GOSR1,133.110617197232,-0.035491216167247,0.779316654452767,0.952420263850099,0,Not significant
2225,1,ENSG00000249226.1,SUCLG2P4,29.2968484178105,0.0384040847341235,0.780848715380492,0.953046212608581,0,Not significant
2226,1,ENSG00000243678.12,NME2,30.8689667805437,-0.0375299011294483,0.780750681741517,0.953046212608581,0,Not significant
2227,1,ENSG00000141378.15,PTRH2,38.3812641045012,0.0387269707141747,0.780880763605338,0.953046212608581,0,Not significant
2228,1,ENSG00000219582.3,HNRNPA1P58,27.99616265968,0.0383901358160081,0.781432719579548,0.953143068504538,0,Not significant
2229,1,ENSG00000171302.17,CANT1,283.382637260475,-0.0313831674098146,0.781661478917077,0.953143068504538,0,Not significant
2230,1,ENSG00000243592.1,RPL17P22,336.874525924382,-0.0297966561749085,0.783723285054708,0.95394531517183,0,Not significant
2231,1,ENSG00000113716.13,HMGXB3,215.405063718186,0.03336377066386,0.782735520030273,0.95394531517183,0,Not significant
2232,1,ENSG00000251211.1,ENSG00000251211,62.8245643093343,0.038414611502995,0.783537394126999,0.95394531517183,0,Not significant
2233,1,ENSG00000228432.2,DHFRP2,7.9672073330102,-0.027397979872404,0.783654629114144,0.95394531517183,0,Not significant
2234,1,ENSG00000226432.3,AKTIPP2,54.0252660823253,-0.0375262941996801,0.786666036249186,0.95404287527024,0,Not significant
2235,1,ENSG00000243914.1,RPL5P14,42.5273571965573,-0.0379459440043517,0.78542991497635,0.95404287527024,0,Not significant
2236,1,ENSG00000251108.1,YBX1P5,46.4119463816288,-0.0375992874555808,0.78696251889473,0.95404287527024,0,Not significant
2237,1,ENSG00000213655.4,ENSG00000213655,9.8154162945563,-0.0295622715910087,0.786424807751269,0.95404287527024,0,Not significant
2238,1,ENSG00000113108.20,APBB3,62.3784875139517,0.037950326580888,0.786823604457623,0.95404287527024,0,Not significant
2239,1,ENSG00000253261.1,ENSG00000253261,6.36701889397053,-0.0252449100822181,0.785562584293692,0.95404287527024,0,Not significant
2240,1,ENSG00000278970.4,HEIH,18.4647617358072,0.0354161920212417,0.785068086718976,0.95404287527024,0,Not significant
2241,1,ENSG00000204348.10,DXO,47.8476596241734,-0.0378493229293704,0.785560771116217,0.95404287527024,0,Not significant
2242,1,ENSG00000024048.11,UBR2,274.989039781018,0.0307431935656485,0.78569181198327,0.95404287527024,0,Not significant
2243,1,ENSG00000204580.14,DDR1,133.489131874274,-0.0345765921847482,0.787441684222934,0.954198171073534,0,Not significant
2244,1,ENSG00000063438.20,AHRR,8.98514250385604,-0.0275621323745957,0.788297329442017,0.954276373472352,0,Not significant
2245,1,ENSG00000254158.1,ENSG00000254158,41.3304711543335,-0.0378729852202301,0.788910600144361,0.954276373472352,0,Not significant
2246,1,ENSG00000218069.2,RSL24D1P1,60.534989272435,0.0376204262404795,0.788845731442939,0.954276373472352,0,Not significant
2247,1,ENSG00000213131.3,YWHAZP4,517.278942529306,0.0273326377377934,0.788634987802607,0.954276373472352,0,Not significant
2248,1,ENSG00000250492.1,INTS6P1,84.7281301221291,-0.0337454309297604,0.800721585384585,0.954507114334347,0,Not significant
2249,1,ENSG00000249266.1,MTHFD2P6,27.1429261169352,-0.0311428988215251,0.805237222709689,0.954507114334347,0,Not significant
2250,1,ENSG00000289056.2,ENSG00000289056,11.4739815150364,-0.0284607225763067,0.797811771432231,0.954507114334347,0,Not significant
2251,1,ENSG00000177058.12,SLC38A9,61.5809220301335,-0.036515537413762,0.791249781335555,0.954507114334347,0,Not significant
2252,1,ENSG00000249777.1,SAP18P1,12.0625251141346,0.0303144440364981,0.791689379468763,0.954507114334347,0,Not significant
2253,1,ENSG00000242706.2,RPS27AP9,10.9030802555124,-0.0294087222824522,0.792880502446899,0.954507114334347,0,Not significant
2254,1,ENSG00000152422.16,XRCC4,23.0490359166462,0.033848688545881,0.797072555798487,0.954507114334347,0,Not significant
2255,1,ENSG00000248309.9,MEF2C-AS1,6.98721837244886,0.0254502279236496,0.791724002401288,0.954507114334347,0,Not significant
2256,1,ENSG00000153922.12,CHD1,124.33073230648,0.0323204265195346,0.80237329035105,0.954507114334347,0,Not significant
2257,1,ENSG00000168916.16,ZNF608,107.602513188139,-0.0328618534385847,0.802411458301775,0.954507114334347,0,Not significant
2258,1,ENSG00000112981.5,NME5,6.7775874381373,0.0228649741480599,0.801664629169379,0.954507114334347,0,Not significant
2259,1,ENSG00000120709.11,FAM53C,229.26138954459,-0.0291997603843343,0.799410474153436,0.954507114334347,0,Not significant
2260,1,ENSG00000241458.1,RPL7P19,47.6036746965999,-0.0360917538140666,0.795349869556307,0.954507114334347,0,Not significant
2261,1,ENSG00000281398.4,SNHG4,28.4669358997483,-0.0336226465273113,0.797944431199514,0.954507114334347,0,Not significant
2262,1,ENSG00000254221.3,PCDHGB1,16.252228011842,-0.0320371001452504,0.796881956093465,0.954507114334347,0,Not significant
2263,1,ENSG00000239602.1,RPL35AP16,70.6031872282054,0.0356509996814012,0.804004416375015,0.954507114334347,0,Not significant
2264,1,ENSG00000086589.12,RBM22,100.430056293684,-0.033880558826946,0.799611909041253,0.954507114334347,0,Not significant
2265,1,ENSG00000253119.1,HNRNPA3P7,16.7430211702498,-0.0322193654925046,0.796112653934411,0.954507114334347,0,Not significant
2266,1,ENSG00000253295.2,ENSG00000253295,9.49874438446845,0.0289617643678665,0.791619401673901,0.954507114334347,0,Not significant
2267,1,ENSG00000113742.14,CPEB4,119.482630792799,0.0343472312032189,0.796883805006269,0.954507114334347,0,Not significant
2268,1,ENSG00000169131.13,ZNF354A,33.5786578201205,0.0347166007897018,0.804509481187953,0.954507114334347,0,Not significant
2269,1,ENSG00000291008.1,ENSG00000291008,6.0202777731117,0.0228193610479121,0.804011819895193,0.954507114334347,0,Not significant
2270,1,ENSG00000213588.6,ZBTB9,23.775182348156,0.0350496656108756,0.793249755835296,0.954507114334347,0,Not significant
2271,1,ENSG00000096070.19,BRPF3,195.239930776289,0.0305823478117319,0.801243109533267,0.954507114334347,0,Not significant
2272,1,ENSG00000001084.13,GCLC,121.971433294122,0.0376968025913981,0.793418640444418,0.954507114334347,0,Not significant
2273,1,ENSG00000220666.2,RCC2P7,62.2782846931783,-0.0350552451009648,0.797115294832166,0.954507114334347,0,Not significant
2274,1,ENSG00000218890.1,NUFIP1P1,19.6068262682869,0.0327401839333906,0.803792698284534,0.954507114334347,0,Not significant
2275,1,ENSG00000112365.6,ZBTB24,48.5530554105354,0.0351207395735713,0.802886526197391,0.954507114334347,0,Not significant
2276,1,ENSG00000146350.14,TBC1D32,26.3665966330314,-0.0354500138358408,0.793566910483236,0.954507114334347,0,Not significant
2277,1,ENSG00000220848.5,RPS18P9,21.8331653815661,0.0340252983522617,0.795455589024466,0.954507114334347,0,Not significant
2278,1,ENSG00000275419.1,ENSG00000275419,6.04882094695009,-0.0209052657697902,0.803364526027306,0.954507114334347,0,Not significant
2279,1,ENSG00000108958.4,ENSG00000108958,135.212362758254,0.0315047605635998,0.804464006866255,0.954507114334347,0,Not significant
2280,1,ENSG00000108528.14,SLC25A11,104.259440197903,0.0331524544949682,0.805113219773429,0.954507114334347,0,Not significant
2281,1,ENSG00000215067.12,ALOX12-AS1,17.1515429221995,0.0321918294281787,0.800826644108322,0.954507114334347,0,Not significant
2282,1,ENSG00000205544.4,TMEM256,24.4768183402064,0.0354126565764139,0.792793288857922,0.954507114334347,0,Not significant
2283,1,ENSG00000154957.14,ZNF18,34.8520438560639,-0.0353910381563268,0.798418132882114,0.954507114334347,0,Not significant
2284,1,ENSG00000006744.19,ELAC2,184.288535262281,0.0313524669281554,0.802530461544138,0.954507114334347,0,Not significant
2285,1,ENSG00000226478.3,UPF3AP1,61.8790795216975,0.0353457161009814,0.801313575742495,0.954507114334347,0,Not significant
2286,1,ENSG00000243655.2,ENSG00000243655,51.7700991211534,0.035542308817359,0.800016816284978,0.954507114334347,0,Not significant
2287,1,ENSG00000239256.1,RPL35AP35,285.46235039492,0.0296355759134013,0.796981256986166,0.954507114334347,0,Not significant
2288,1,ENSG00000267315.1,UFM1P2,36.3783608622478,0.0367163466167586,0.792482662646492,0.954507114334347,0,Not significant
2289,1,ENSG00000131748.16,STARD3,158.891731220531,0.0316458664174073,0.798929466743074,0.954507114334347,0,Not significant
2290,1,ENSG00000008838.21,MED24,218.815279669208,0.0311249693534588,0.791828275845132,0.954507114334347,0,Not significant
2291,1,ENSG00000141569.12,TRIM65,67.2894124717208,0.0358577612877023,0.798770038999635,0.954507114334347,0,Not significant
2292,1,ENSG00000161533.12,ACOX1,167.117270202533,-0.0328080503597284,0.796875266574889,0.954507114334347,0,Not significant
2293,1,ENSG00000225663.8,MCRIP1,241.945483669099,-0.0280565678216772,0.805255633984054,0.954507114334347,0,Not significant
2294,1,ENSG00000151388.11,ADAMTS12,185.763944376774,0.0314624758213653,0.80585717819186,0.95480375341128,0,Not significant
2295,1,ENSG00000262209.3,PCDHGB3,34.8362852695902,-0.0335288039364795,0.807158122562286,0.955928443191413,0,Not significant
2296,1,ENSG00000176108.9,CHMP6,43.4493566255028,-0.0337702842714619,0.807915212356732,0.956408339366549,0,Not significant
2297,1,ENSG00000180658.4,OR2A4,13.0013282944494,0.0285547241613942,0.808277913021226,0.956421143923244,0,Not significant
2298,1,ENSG00000186493.14,IRX2-DT,21.17234366161,0.0303042954243185,0.811919758051533,0.957378508625972,0,Not significant
2299,1,ENSG00000113638.14,TTC33,54.9869693981636,-0.0328554843233209,0.812803847842532,0.957378508625972,0,Not significant
2300,1,ENSG00000185305.12,ARL15,135.986839896119,-0.0311162931860353,0.814827062028215,0.957378508625972,0,Not significant
2301,1,ENSG00000250461.1,ENSG00000250461,36.3410826411848,-0.0325356725920441,0.814598814533766,0.957378508625972,0,Not significant
2302,1,ENSG00000164251.5,F2RL1,9.63239322103922,0.0237732288132582,0.819972380107838,0.957378508625972,0,Not significant
2303,1,ENSG00000271480.1,MTND3P19,15.3619102023363,0.0288133292119167,0.819948573957382,0.957378508625972,0,Not significant
2304,1,ENSG00000240611.1,RPL6P15,64.5718067959537,0.0321214996340522,0.818661146451025,0.957378508625972,0,Not significant
2305,1,ENSG00000171720.10,HDAC3,166.974887770411,-0.028358284549565,0.818097298165509,0.957378508625972,0,Not significant
2306,1,ENSG00000164587.13,RPS14,1874.94991723198,-0.0212037405988307,0.814678165549522,0.957378508625972,0,Not significant
2307,1,ENSG00000253646.1,RPL6P32,226.828487597143,0.0277123214655945,0.817050029889982,0.957378508625972,0,Not significant
2308,1,ENSG00000251667.1,BRCC3P1,32.2147345307345,-0.031842379567138,0.814171153045544,0.957378508625972,0,Not significant
2309,1,ENSG00000169258.7,GPRIN1,13.8982312391685,-0.0270612873788093,0.817108546738481,0.957378508625972,0,Not significant
2310,1,ENSG00000137285.11,TUBB2B,26.1721633445926,0.0308109284602651,0.817900772340192,0.957378508625972,0,Not significant
2311,1,ENSG00000230056.1,DDX6P1,74.5375555305127,-0.0313215684851621,0.819313695326368,0.957378508625972,0,Not significant
2312,1,ENSG00000204568.12,MRPS18B,120.105645575114,-0.0298059869011876,0.815651602484413,0.957378508625972,0,Not significant
2313,1,ENSG00000244731.10,C4A,21.2054431664597,-0.0282938184795142,0.814717905377806,0.957378508625972,0,Not significant
2314,1,ENSG00000124574.15,ABCC10,109.5463881706,0.0309707795558993,0.815174475986822,0.957378508625972,0,Not significant
2315,1,ENSG00000168216.13,LMBRD1,198.070641477158,-0.0266935187390153,0.818543967825359,0.957378508625972,0,Not significant
2316,1,ENSG00000216352.1,ENSG00000216352,11.2236777196513,-0.0274173417936892,0.811239369986537,0.957378508625972,0,Not significant
2317,1,ENSG00000220237.1,RPS24P12,6.17827959992319,-0.0214313927704677,0.820006316439022,0.957378508625972,0,Not significant
2318,1,ENSG00000173214.7,MFSD4B,27.4532835179884,-0.0317632472951185,0.814521850601744,0.957378508625972,0,Not significant
2319,1,ENSG00000220660.2,ENSG00000220660,112.722794432125,0.0312767183355576,0.816582479719589,0.957378508625972,0,Not significant
2320,1,ENSG00000213076.3,ENSG00000213076,49.2083004821509,-0.0330293747262623,0.810767766563043,0.957378508625972,0,Not significant
2321,1,ENSG00000185722.18,ANKFY1,429.099200442323,0.0240410917954443,0.818479192537388,0.957378508625972,0,Not significant
2322,1,ENSG00000170037.14,CNTROB,106.813998387897,-0.0310191142371738,0.81108363033382,0.957378508625972,0,Not significant
2323,1,ENSG00000265519.1,ENSG00000265519,22.6544182539959,-0.0303983096792623,0.812210266878198,0.957378508625972,0,Not significant
2324,1,ENSG00000228331.2,RPL17P43,263.929496485343,-0.0263202436128124,0.816837273908538,0.957378508625972,0,Not significant
2325,1,ENSG00000108666.11,C17orf75,36.4125732456414,-0.0314124359223781,0.818821812974685,0.957378508625972,0,Not significant
2326,1,ENSG00000198496.12,NBR2,24.7248056521991,0.0314338185204446,0.813415128220652,0.957378508625972,0,Not significant
2327,1,ENSG00000267253.1,WHSC1L2P,97.9344817321586,-0.0308511080685616,0.817233780066224,0.957378508625972,0,Not significant
2328,1,ENSG00000168591.16,TMUB2,187.154332886971,-0.0287347926075854,0.811480037077385,0.957378508625972,0,Not significant
2329,1,ENSG00000249947.2,XBP1P1,16.6836366257869,-0.0267266246608984,0.821523697279393,0.957915662464775,0,Not significant
2330,1,ENSG00000141338.15,ABCA8,835.168164207909,0.0244293007381193,0.821480846169192,0.957915662464775,0,Not significant
2331,1,ENSG00000172809.13,RPL38,780.754607198963,-0.0223419930140352,0.821468482921558,0.957915662464775,0,Not significant
2332,1,ENSG00000161955.17,TNFSF13,7.68810595926991,0.0222597237612422,0.822066834250272,0.958137931171629,0,Not significant
2333,1,ENSG00000005379.17,TSPOAP1,29.8911599795514,-0.0305015977809223,0.822721545568127,0.958489996079798,0,Not significant
2334,1,ENSG00000213326.4,RPS7P11,216.141838127337,0.0267841409638277,0.823264625537117,0.958711761872273,0,Not significant
2335,1,ENSG00000127022.16,CANX,2927.34326149065,0.0181834017763253,0.825814136144234,0.959296486012637,0,Not significant
2336,1,ENSG00000226976.3,COX6A1P2,260.752103461654,-0.0260200814166391,0.826023689078041,0.959296486012637,0,Not significant
2337,1,ENSG00000112640.16,PPP2R5D,158.933483459751,-0.0276839844958506,0.826237333979243,0.959296486012637,0,Not significant
2338,1,ENSG00000008018.9,PSMB1,305.620471598174,0.0228243187180008,0.825521076884073,0.959296486012637,0,Not significant
2339,1,ENSG00000108651.10,UTP6,114.190200617706,0.0288466453009386,0.825440095638584,0.959296486012637,0,Not significant
2340,1,ENSG00000278053.5,DDX52,115.385749426358,-0.0282858478807683,0.825717720438861,0.959296486012637,0,Not significant
2341,1,ENSG00000263883.1,EEF1DP7,56.1200546615864,-0.0305392837657794,0.824722644403904,0.959296486012637,0,Not significant
2342,1,ENSG00000113575.12,PPP2CA,58.4462622455214,0.0311524638901179,0.827200294425104,0.960004440754668,0,Not significant
2343,1,ENSG00000172716.17,SLFN11,202.267939762682,-0.0287592940250895,0.829196050454412,0.961909886954798,0,Not significant
2344,1,ENSG00000164236.12,ANKRD33B,509.699864791419,0.022363457268806,0.829955702167168,0.962279370050207,0,Not significant
2345,1,ENSG00000197815.4,ENSG00000197815,6.2888528660727,-0.0199856367792612,0.830222635308218,0.962279370050207,0,Not significant
2346,1,ENSG00000251568.1,ALG3P1,19.8405813541137,-0.026274867277746,0.83889622467554,0.963448946914388,0,Not significant
2347,1,ENSG00000249774.1,ENSG00000249774,413.083926784549,0.0220483884327003,0.837512332484107,0.963448946914388,0,Not significant
2348,1,ENSG00000250672.1,ENSG00000250672,23.7794780458314,-0.0265079313381718,0.839774661318106,0.963448946914388,0,Not significant
2349,1,ENSG00000164190.19,NIPBL,353.942916379583,-0.0224268412412631,0.837882228749584,0.963448946914388,0,Not significant
2350,1,ENSG00000249514.1,LYSETP1,8.57996199807841,-0.0216404199764272,0.837189253187941,0.963448946914388,0,Not significant
2351,1,ENSG00000113391.19,FAM172A,209.879047560184,-0.023888118765939,0.840093452607468,0.963448946914388,0,Not significant
2352,1,ENSG00000229738.1,ENSG00000229738,50.0954059996822,-0.028466252934563,0.836382017681968,0.963448946914388,0,Not significant
2353,1,ENSG00000177733.7,HNRNPA0,425.908052154289,0.0223322933593618,0.838999961687988,0.963448946914388,0,Not significant
2354,1,ENSG00000262576.3,PCDHGA4,71.010367668938,0.0293507721917661,0.83453243944534,0.963448946914388,0,Not significant
2355,1,ENSG00000253512.1,ENSG00000253512,13.2253000225531,0.0251723602387786,0.833408451625894,0.963448946914388,0,Not significant
2356,1,ENSG00000146066.3,HIGD2A,106.923976877956,0.0271844525453291,0.838299650129149,0.963448946914388,0,Not significant
2357,1,ENSG00000113300.13,CNOT6,122.289483838082,-0.027086989162467,0.833620821955806,0.963448946914388,0,Not significant
2358,1,ENSG00000196821.10,ILRUN,395.61753799015,0.0216977958058208,0.836637215814791,0.963448946914388,0,Not significant
2359,1,ENSG00000219470.1,ENSG00000219470,616.485483731822,-0.0206350742302356,0.834120368298073,0.963448946914388,0,Not significant
2360,1,ENSG00000083123.15,BCKDHB,70.9136784412566,0.0280054892488601,0.839619153445956,0.963448946914388,0,Not significant
2361,1,ENSG00000146282.19,RARS2,217.391695194133,0.0240115347987245,0.839872659009042,0.963448946914388,0,Not significant
2362,1,ENSG00000135299.18,ANKRD6,22.0758352254501,-0.0273033797540748,0.834007475945315,0.963448946914388,0,Not significant
2363,1,ENSG00000174292.13,TNK1,19.4644078136175,0.0265229572842178,0.835979308705879,0.963448946914388,0,Not significant
2364,1,ENSG00000244045.13,TMEM199,17.0682051745278,-0.023838850292334,0.839782060263979,0.963448946914388,0,Not significant
2365,1,ENSG00000171475.14,WIPF2,201.899948452748,0.0242253071446559,0.837555528796845,0.963448946914388,0,Not significant
2366,1,ENSG00000141696.13,P3H4,86.4907685559968,-0.0281471199810339,0.834557340616693,0.963448946914388,0,Not significant
2367,1,ENSG00000108469.15,RECQL5,77.1019599232184,-0.0283371347160751,0.836829397526582,0.963448946914388,0,Not significant
2368,1,ENSG00000287737.3,ENSG00000287737,7.95977805877564,0.0205461500012846,0.838121681124399,0.963448946914388,0,Not significant
2369,1,ENSG00000141556.22,TBCD,340.412014617433,-0.0222721032029077,0.838703810636828,0.963448946914388,0,Not significant
2370,1,ENSG00000175711.9,B3GNTL1,10.262106004708,0.0234959086557352,0.836420935369549,0.963448946914388,0,Not significant
2371,1,ENSG00000157593.20,SLC35B2,347.463741484072,0.0217625189480079,0.840466375860454,0.963470101049647,0,Not significant
2372,1,ENSG00000091542.9,ALKBH5,305.208056645571,-0.0233907017446642,0.841086586910067,0.963774596636409,0,Not significant
2373,1,ENSG00000170571.12,EMB,45.8941048069435,-0.0270703000752426,0.841836953422357,0.964227913780853,0,Not significant
2374,1,ENSG00000204267.19,TAP2,55.8708513957434,-0.027306601431867,0.842344161597083,0.964402456285119,0,Not significant
2375,1,ENSG00000214278.4,ENSG00000214278,25.0340305085334,0.0270967595886518,0.843663545260138,0.964420061035818,0,Not significant
2376,1,ENSG00000145819.18,ARHGAP26,98.0224801433933,0.0268496795941934,0.843778846631043,0.964420061035818,0,Not significant
2377,1,ENSG00000218261.1,RPA3P2,6.66765631491979,0.0197387165305492,0.843182268895385,0.964420061035818,0,Not significant
2378,1,ENSG00000186743.2,TPI1P3,734.315741080279,0.0271557686857608,0.843736151220621,0.964420061035818,0,Not significant
2379,1,ENSG00000250786.4,SNHG18,68.8174267573746,-0.026757399695208,0.844749324837225,0.965123440482378,0,Not significant
2380,1,ENSG00000225580.2,PA2G4P5,218.428444283178,0.02315728551645,0.846521649821153,0.965841609921447,0,Not significant
2381,1,ENSG00000112110.10,MRPL18,119.234069099124,0.0252311834636918,0.846332122341136,0.965841609921447,0,Not significant
2382,1,ENSG00000130023.16,ERMARD,87.9117804487315,0.0263496895349124,0.847154671836913,0.965841609921447,0,Not significant
2383,1,ENSG00000121067.19,SPOP,181.577197808479,0.0232268693224746,0.846973271561516,0.965841609921447,0,Not significant
2384,1,ENSG00000078687.18,TNRC6C,81.4400487438079,-0.0258591447514743,0.84604807683372,0.965841609921447,0,Not significant
2385,1,ENSG00000198755.11,RPL10A,2025.34043058254,-0.0174741921402606,0.847620790722451,0.965967844521434,0,Not significant
2386,1,ENSG00000250330.1,ENSG00000250330,6.59808966234084,-0.0174735504881215,0.848163305773269,0.96618099961934,0,Not significant
2387,1,ENSG00000221990.5,EXOC3-AS1,12.6173399035661,-0.0216940491048217,0.85223889644964,0.966572391417311,0,Not significant
2388,1,ENSG00000162685.6,LSP1P3,28.7022734398805,-0.0246145431070955,0.854228369388668,0.966572391417311,0,Not significant
2389,1,ENSG00000198961.10,PJA2,698.783647857334,-0.0184558494247053,0.856219438130596,0.966572391417311,0,Not significant
2390,1,ENSG00000151292.19,CSNK1G3,160.533724485597,-0.0236301010752837,0.849652605206149,0.966572391417311,0,Not significant
2391,1,ENSG00000031003.11,FAM13B,245.82937468397,-0.0215648005715391,0.850918589344078,0.966572391417311,0,Not significant
2392,1,ENSG00000220685.3,ENSG00000220685,15.9687689060545,0.02336701502062,0.853592428828752,0.966572391417311,0,Not significant
2393,1,ENSG00000112667.13,DNPH1,28.656099178804,-0.0252821849943679,0.85308190719823,0.966572391417311,0,Not significant
2394,1,ENSG00000096080.12,MRPS18A,29.2826261503828,-0.0253793985820317,0.851494187827666,0.966572391417311,0,Not significant
2395,1,ENSG00000096093.16,EFHC1,138.682393920974,0.0244728858872233,0.849723530203731,0.966572391417311,0,Not significant
2396,1,ENSG00000214558.5,ZC3H11C,651.728951773266,-0.0175751122634272,0.855456815933839,0.966572391417311,0,Not significant
2397,1,ENSG00000082269.17,FAM135A,43.9771530013566,0.0258395311955761,0.853755156854185,0.966572391417311,0,Not significant
2398,1,ENSG00000220515.2,PGAM1P10,465.362138056999,0.021210840099512,0.852766274579528,0.966572391417311,0,Not significant
2399,1,ENSG00000228834.1,ATP5MFP2,159.325370062343,0.0223179634362009,0.855235823484876,0.966572391417311,0,Not significant
2400,1,ENSG00000219532.2,SELENOKP2,26.0411296123013,0.0258220653503842,0.852135412432401,0.966572391417311,0,Not significant
2401,1,ENSG00000179859.10,RNF227,15.0535692359505,0.0222645618043611,0.853316867923438,0.966572391417311,0,Not significant
2402,1,ENSG00000109063.15,MYH3,7.2321166059857,0.0174616016867892,0.856330507186492,0.966572391417311,0,Not significant
2403,1,ENSG00000188895.12,MSL1,462.367409946136,0.0192432455550033,0.855912825141402,0.966572391417311,0,Not significant
2404,1,ENSG00000136449.16,MYCBPAP,8.41868427076962,-0.0187011470738951,0.853489587696989,0.966572391417311,0,Not significant
2405,1,ENSG00000121060.19,TRIM25,320.065457147388,0.0200345432807942,0.854891805302385,0.966572391417311,0,Not significant
2406,1,ENSG00000239246.3,ENSG00000239246,12.2566661285585,0.0227091415063047,0.84905274198849,0.966572391417311,0,Not significant
2407,1,ENSG00000129657.16,SEC14L1,236.741505846447,0.0213856856872391,0.85523127383731,0.966572391417311,0,Not significant
2408,1,ENSG00000240270.1,RPL12P37,9.28038629299489,0.0189869246912251,0.853276411262895,0.966572391417311,0,Not significant
2409,1,ENSG00000272316.1,ENSG00000272316,20.8963289250454,0.0231169512741593,0.85758820272643,0.966947882537,0,Not significant
2410,1,ENSG00000217027.1,TPT1P4,8191.52853788186,-0.0147111526204692,0.857730443265897,0.966947882537,0,Not significant
2411,1,ENSG00000238083.10,LRRC37A2,16.9169389377967,-0.0225408598635753,0.857320316156749,0.966947882537,0,Not significant
2412,1,ENSG00000270264.1,NDUFB8P2,58.2950752496652,-0.0244021644188267,0.858555864541662,0.967477130938739,0,Not significant
2413,1,ENSG00000030110.14,BAK1,36.2906629731494,0.0236193773488182,0.859100881237394,0.967690093329149,0,Not significant
2414,1,ENSG00000132912.13,DCTN4,299.164674290698,-0.0193988642559357,0.859899385606111,0.96806514108417,0,Not significant
2415,1,ENSG00000231500.7,RPS18,4239.37347126236,-0.0157870955214779,0.860146179440129,0.96806514108417,0,Not significant
2416,1,ENSG00000180104.16,EXOC3,182.880899884633,0.0198251794696301,0.864478760429525,0.96853083441106,0,Not significant
2417,1,ENSG00000164252.13,AGGF1,67.5879940155211,-0.0232311438843687,0.865548711105395,0.96853083441106,0,Not significant
2418,1,ENSG00000197575.6,RPS17P2,1659.39554629785,-0.0179971577900555,0.864985957298924,0.96853083441106,0,Not significant
2419,1,ENSG00000250405.2,ENSG00000250405,35.7729853605127,0.0238322428789167,0.865327166710417,0.96853083441106,0,Not significant
2420,1,ENSG00000113068.10,PFDN1,158.983155328635,-0.0218067122471564,0.861113732896835,0.96853083441106,0,Not significant
2421,1,ENSG00000112852.7,PCDHB2,7.91111267757289,0.0164411118718963,0.862639163734207,0.96853083441106,0,Not significant
2422,1,ENSG00000220635.2,KRASP1,8.82678505539072,-0.0180803787268584,0.864269176880251,0.96853083441106,0,Not significant
2423,1,ENSG00000164414.19,SLC35A1,34.9878688661175,-0.0231384527525295,0.865533007281954,0.96853083441106,0,Not significant
2424,1,ENSG00000219642.2,BMPR1AP1,97.335221250899,0.0232445702539826,0.861378281850241,0.96853083441106,0,Not significant
2425,1,ENSG00000112425.16,EPM2A,21.9343473728508,-0.0219874048235584,0.865077787581151,0.96853083441106,0,Not significant
2426,1,ENSG00000243053.2,RPL31P58,20.8282079506828,0.0225158849268589,0.864325325687037,0.96853083441106,0,Not significant
2427,1,ENSG00000235183.3,SRP14P3,303.552437361676,0.0198100782254391,0.863508467732967,0.96853083441106,0,Not significant
2428,1,ENSG00000213246.7,SUPT4H1,7.09576772645612,0.0162520160309501,0.864361249937966,0.96853083441106,0,Not significant
2429,1,ENSG00000185298.13,CCDC137,75.8517606048712,0.0232199289570854,0.864731994728025,0.96853083441106,0,Not significant
2430,1,ENSG00000264112.1,ENSG00000264112,29.6532629146497,-0.0215045793628093,0.867125939544621,0.969896421268428,0,Not significant
2431,1,ENSG00000232578.4,ENSG00000232578,13.5437652270496,0.019843613840273,0.867945344967167,0.970014575501957,0,Not significant
2432,1,ENSG00000153982.11,GDPD1,6.26426624564146,-0.0159352016667297,0.867703937828265,0.970014575501957,0,Not significant
2433,1,ENSG00000253485.3,PCDHGA5,23.6983356457302,-0.0205101633046469,0.868345625640492,0.970063054044742,0,Not significant
2434,1,ENSG00000134057.15,CCNB1,22.1665755405347,-0.0206904131071276,0.869356840102658,0.970395027268594,0,Not significant
2435,1,ENSG00000168438.15,CDC40,118.588280721455,-0.0209343451427189,0.869334966135002,0.970395027268594,0,Not significant
2436,1,ENSG00000213117.4,MEMO1P2,57.6845152964736,-0.0223681980793008,0.869859426409463,0.970557438826322,0,Not significant
2437,1,ENSG00000135314.14,KHDC1,11.0692324694166,-0.0179345561015474,0.870622316546614,0.971010035442633,0,Not significant
2438,1,ENSG00000113296.14,THBS4,7.40426521841958,0.0160249882975385,0.875259014348866,0.971529596401798,0,Not significant
2439,1,ENSG00000250273.1,PSMC1P5,23.1339855865078,0.0214477727231142,0.87382676952803,0.971529596401798,0,Not significant
2440,1,ENSG00000214485.6,RPL7P1,1949.59590982739,0.0143858086209826,0.873958124334035,0.971529596401798,0,Not significant
2441,1,ENSG00000155868.8,MED7,33.2432694062095,-0.0214283673503575,0.875377476669611,0.971529596401798,0,Not significant
2442,1,ENSG00000291097.1,HLA-L,9.05686184290376,-0.0160328672723129,0.87373997238222,0.971529596401798,0,Not significant
2443,1,ENSG00000180113.16,TDRD6,10.7715418730554,-0.0174966941054558,0.87390753604952,0.971529596401798,0,Not significant
2444,1,ENSG00000213130.3,EEF1DP5,140.717677742335,-0.019833093388593,0.872829444831636,0.971529596401798,0,Not significant
2445,1,ENSG00000220113.2,MTCYBP4,15.4589744692447,0.0197136945620662,0.874916229590168,0.971529596401798,0,Not significant
2446,1,ENSG00000009844.16,VTA1,171.345006683027,0.0190819884901626,0.873615335690742,0.971529596401798,0,Not significant
2447,1,ENSG00000263345.1,SGSM2-AS1,6.04454538363632,-0.0141684644009455,0.874642009688349,0.971529596401798,0,Not significant
2448,1,ENSG00000170160.19,CCDC144A,24.4442900974589,0.0205697972143858,0.874049783009421,0.971529596401798,0,Not significant
2449,1,ENSG00000237888.1,RPL29P31,46.1809299410809,-0.021366037603265,0.871934813483653,0.971529596401798,0,Not significant
2450,1,ENSG00000108671.11,PSMD11,201.379190506336,0.0193708193496744,0.875826591964844,0.97163129671855,0,Not significant
2451,1,ENSG00000164253.14,WDR41,115.493824018967,-0.020015155659138,0.877207206932057,0.972369163312126,0,Not significant
2452,1,ENSG00000198315.11,ZKSCAN8,281.067869177555,0.0174999681650344,0.876933402221092,0.972369163312126,0,Not significant
2453,1,ENSG00000146232.17,NFKBIE,16.8092946414266,0.0194977020848415,0.877931851428084,0.972775691879956,0,Not significant
2454,1,ENSG00000245556.5,SCAMP1-AS1,18.8457507831835,0.019428211412664,0.880956066588711,0.973157680458886,0,Not significant
2455,1,ENSG00000164176.13,EDIL3,533.423048915694,-0.0166735102273628,0.880547110949329,0.973157680458886,0,Not significant
2456,1,ENSG00000249448.1,MTCO1P24,345.052740091335,0.0148963070859753,0.885060032676885,0.973157680458886,0,Not significant
2457,1,ENSG00000164405.11,UQCRQ,170.990773603474,0.013948924769043,0.884368011704782,0.973157680458886,0,Not significant
2458,1,ENSG00000204390.10,HSPA1L,13.8936221842006,0.0184501666803071,0.880047542498587,0.973157680458886,0,Not significant
2459,1,ENSG00000137218.10,FRS3,13.8372874058017,-0.0168123068266137,0.884724243816498,0.973157680458886,0,Not significant
2460,1,ENSG00000124749.18,COL21A1,20.2012661608413,-0.0172388841161078,0.88507939149903,0.973157680458886,0,Not significant
2461,1,ENSG00000217680.1,UBE2V1P15,37.4830002966708,0.0204595437243916,0.884236271995772,0.973157680458886,0,Not significant
2462,1,ENSG00000065615.14,CYB5R4,59.8345298327947,-0.0202444365188981,0.882802993440245,0.973157680458886,0,Not significant
2463,1,ENSG00000216809.1,ENSG00000216809,11.2773147081898,-0.0173086977836841,0.878892539471787,0.973157680458886,0,Not significant
2464,1,ENSG00000111906.18,HDDC2,122.269138449945,0.019362224305156,0.883361876283453,0.973157680458886,0,Not significant
2465,1,ENSG00000219553.2,ENSG00000219553,41.4145158935141,0.0208741679595667,0.882160087279483,0.973157680458886,0,Not significant
2466,1,ENSG00000167695.15,TLCD3A,89.3923731156308,-0.019485871432367,0.883806919485679,0.973157680458886,0,Not significant
2467,1,ENSG00000256806.6,C17orf100,8.15689855908067,-0.0148816751930902,0.880214832322212,0.973157680458886,0,Not significant
2468,1,ENSG00000006740.18,ARHGAP44,7.31066292123887,0.0141848688962488,0.884468522501864,0.973157680458886,0,Not significant
2469,1,ENSG00000108599.15,AKAP10,135.834533526763,0.0191971301864984,0.880585638064584,0.973157680458886,0,Not significant
2470,1,ENSG00000125691.14,RPL23,2376.77671349851,-0.0119725430592319,0.884923959253072,0.973157680458886,0,Not significant
2471,1,ENSG00000214087.9,ARL16,79.0043412562951,0.0198102842974721,0.883791406348186,0.973157680458886,0,Not significant
2472,1,ENSG00000260563.3,ENSG00000260563,12.9547023866338,-0.017346428564213,0.879668814531367,0.973157680458886,0,Not significant
2473,1,ENSG00000082068.9,WDR70,127.140977207027,0.0173603301936355,0.894821344051677,0.973295419880575,0,Not significant
2474,1,ENSG00000049860.14,HEXB,883.238509674087,0.0131637305081394,0.892881423458502,0.973295419880575,0,Not significant
2475,1,ENSG00000153140.9,CETN3,50.7591408997934,-0.0187751241202693,0.890691012299282,0.973295419880575,0,Not significant
2476,1,ENSG00000249761.1,ENSG00000249761,16.419875493675,0.0179882736719175,0.887083376105416,0.973295419880575,0,Not significant
2477,1,ENSG00000146094.16,DOK3,9.79443309155065,0.0142802475666192,0.892695789042362,0.973295419880575,0,Not significant
2478,1,ENSG00000177932.7,ZNF354C,159.256406769264,-0.0170430728544549,0.892400272531473,0.973295419880575,0,Not significant
2479,1,ENSG00000112739.17,PRPF4B,350.339613715562,0.0149080593938763,0.891527126064367,0.973295419880575,0,Not significant
2480,1,ENSG00000189134.4,NKAPL,12.3173235439749,0.015988716032881,0.89415866547214,0.973295419880575,0,Not significant
2481,1,ENSG00000204344.16,STK19,34.718854612542,0.0181265644861491,0.895905860474172,0.973295419880575,0,Not significant
2482,1,ENSG00000231925.14,TAPBP,231.16225191508,0.0165934615712109,0.889016713787176,0.973295419880575,0,Not significant
2483,1,ENSG00000161896.12,IP6K3,7.30467878963136,0.011976693045231,0.89469863740879,0.973295419880575,0,Not significant
2484,1,ENSG00000220483.4,SLC25A51P1,20.4161914072694,-0.0170450185241438,0.893379662705015,0.973295419880575,0,Not significant
2485,1,ENSG00000217272.1,RAB1AP2,33.9516334580032,0.0192468233229591,0.889608747837056,0.973295419880575,0,Not significant
2486,1,ENSG00000230202.1,RPL29P4,1683.51081637284,-0.00867052238718918,0.886860596307024,0.973295419880575,0,Not significant
2487,1,ENSG00000146374.14,RSPO3,15.6177840213563,-0.015948925852742,0.888658074098872,0.973295419880575,0,Not significant
2488,1,ENSG00000260212.1,ENSG00000260212,11.9798763806673,0.0139520021198659,0.895814460656175,0.973295419880575,0,Not significant
2489,1,ENSG00000216642.1,ENSG00000216642,163.447885619397,0.0160663474219206,0.895402067361819,0.973295419880575,0,Not significant
2490,1,ENSG00000218792.2,HSPD1P16,6.22630645531927,0.0115498019020392,0.888729244628155,0.973295419880575,0,Not significant
2491,1,ENSG00000112584.14,FAM120B,208.158241064645,0.0172350546395631,0.890622775379261,0.973295419880575,0,Not significant
2492,1,ENSG00000011295.16,TTC19,404.742476564661,0.0151464402062441,0.886993343138762,0.973295419880575,0,Not significant
2493,1,ENSG00000128482.16,RNF112,6.79220957654326,-0.0118367740911542,0.890262323565616,0.973295419880575,0,Not significant
2494,1,ENSG00000087095.13,NLK,36.9465910993909,0.0183965193345733,0.895947439492715,0.973295419880575,0,Not significant
2495,1,ENSG00000160602.14,NEK8,20.1583545566578,0.0184984352420116,0.889334957920057,0.973295419880575,0,Not significant
2496,1,ENSG00000154760.14,SLFN13,9.09182467217743,-0.012533898491979,0.892367663722515,0.973295419880575,0,Not significant
2497,1,ENSG00000161395.14,PGAP3,81.1197478599221,0.0193704533508077,0.888607628308341,0.973295419880575,0,Not significant
2498,1,ENSG00000289926.1,ENSG00000289926,12.1384510783478,0.0161949648303462,0.889873552386798,0.973295419880575,0,Not significant
2499,1,ENSG00000108370.17,RGS9,15.6910781074427,-0.0164054553630852,0.894886276659844,0.973295419880575,0,Not significant
2500,1,ENSG00000167862.10,MRPL58,43.5643459549806,-0.01955820280313,0.887536626626857,0.973295419880575,0,Not significant
2501,1,ENSG00000108669.18,CYTH1,65.628487684553,-0.0184356354876315,0.892743275020419,0.973295419880575,0,Not significant
2502,1,ENSG00000173818.17,ENDOV,78.5464677347298,-0.0180460695413247,0.893519061479276,0.973295419880575,0,Not significant
2503,1,ENSG00000213940.4,RPL13AP13,145.74533443211,0.0162346834399197,0.897809458935844,0.974310213422715,0,Not significant
2504,1,ENSG00000131023.13,LATS1,148.427327561127,-0.0158697718624002,0.897801417442046,0.974310213422715,0,Not significant
2505,1,ENSG00000184557.4,SOCS3,226.013041064099,-0.0154167035652448,0.897956984777005,0.974310213422715,0,Not significant
2506,1,ENSG00000152620.13,NADK2,59.3245904888377,-0.0172059105355641,0.899930127340134,0.974506010402584,0,Not significant
2507,1,ENSG00000145882.11,PCYOX1L,35.2191694810374,0.0178068915346676,0.899468892325534,0.974506010402584,0,Not significant
2508,1,ENSG00000223908.5,ENSG00000223908,20.8677883266225,0.0169540080999664,0.899701276344449,0.974506010402584,0,Not significant
2509,1,ENSG00000183153.7,GJD3,38.8088217457817,0.017681912716977,0.899175317428814,0.974506010402584,0,Not significant
2510,1,ENSG00000013306.16,SLC25A39,193.686008107062,-0.014101798941478,0.899043939913276,0.974506010402584,0,Not significant
2511,1,ENSG00000164663.15,USP49,23.9559092311216,0.0168200901706233,0.900361011241337,0.97458432041177,0,Not significant
2512,1,ENSG00000248120.1,ENSG00000248120,13.3543109719188,-0.0146053996444847,0.900724379040332,0.974589515219595,0,Not significant
2513,1,ENSG00000145781.9,COMMD10,44.8898087699402,-0.0170037435788202,0.901855844417833,0.975043548996788,0,Not significant
2514,1,ENSG00000108384.16,RAD51C,39.0324670581938,-0.0169415056771678,0.90209323725846,0.975043548996788,0,Not significant
2515,1,ENSG00000256525.8,POLG2,29.164201423436,-0.0162179701507722,0.902220208140884,0.975043548996788,0,Not significant
2516,1,ENSG00000220868.2,MRPL35P1,12.3682410458576,0.0143809677046348,0.902900363908156,0.975170249337871,0,Not significant
2517,1,ENSG00000213880.3,RPL7AP7,177.481753714159,0.0142061539109999,0.903055010148425,0.975170249337871,0,Not significant
2518,1,ENSG00000151304.6,SRFBP1,29.9068199487879,0.0174919578516813,0.903880521508018,0.975674049824778,0,Not significant
2519,1,ENSG00000249109.1,ENSG00000249109,6.27179824128905,-0.0105213544164304,0.904338152852603,0.97578050792115,0,Not significant
2520,1,ENSG00000230795.3,HLA-K,7.50905409822732,-0.0113921906721924,0.90607442050544,0.977265982116582,0,Not significant
2521,1,ENSG00000271045.1,NDUFB9P1,8.13108548901309,-0.0122378604576057,0.907348758314711,0.978082734932623,0,Not significant
2522,1,ENSG00000240828.1,RPL21P4,33.1376549563898,-0.0160210606200209,0.907911236289554,0.978082734932623,0,Not significant
2523,1,ENSG00000270870.1,ENSG00000270870,49.3814622846895,0.0164028990108917,0.907605754766769,0.978082734932623,0,Not significant
2524,1,ENSG00000133030.22,MPRIP,958.991974048806,0.0109688670477122,0.908772740740196,0.978622943475378,0,Not significant
2525,1,ENSG00000122008.16,POLK,150.216398497176,-0.0139191705935467,0.910063111014066,0.979624370588606,0,Not significant
2526,1,ENSG00000231389.8,HLA-DPA1,9.57092442590946,0.0110816110986133,0.911285312126978,0.980163624203057,0,Not significant
2527,1,ENSG00000048544.6,MRPS10,153.873982823301,-0.013500033610911,0.911147806512068,0.980163624203057,0,Not significant
2528,1,ENSG00000163597.17,SNHG16,109.465997145206,-0.0137544120311562,0.911766918248876,0.980293704034987,0,Not significant
2529,1,ENSG00000291055.1,ENSG00000291055,51.5070286983773,-0.0147725078696763,0.912275204125506,0.980452354611754,0,Not significant
2530,1,ENSG00000204438.11,GPANK1,62.648344202143,-0.0149769378313472,0.912797311013005,0.980625727799742,0,Not significant
2531,1,ENSG00000145741.17,BTF3,1118.0010490229,-0.0139618918145605,0.913719564054685,0.980841143404674,0,Not significant
2532,1,ENSG00000108771.13,DHX58,56.7455188044624,0.01539127190054,0.913669376556564,0.980841143404674,0,Not significant
2533,1,ENSG00000204231.11,RXRB,219.15008685518,-0.0124344412823287,0.914410358311388,0.981195165373215,0,Not significant
2534,1,ENSG00000247872.2,SPCS2P3,48.0279135663098,-0.014133153959692,0.918841799474451,0.981449082242573,0,Not significant
2535,1,ENSG00000251102.1,CTBP2P4,107.131395719913,0.0139710222426624,0.915286306637143,0.981449082242573,0,Not significant
2536,1,ENSG00000218459.1,RPS27P15,1129.67192912782,-0.00867113687166934,0.917595496652596,0.981449082242573,0,Not significant
2537,1,ENSG00000219329.1,ENSG00000219329,80.5365990328533,0.0140440096990567,0.918804110873077,0.981449082242573,0,Not significant
2538,1,ENSG00000072778.20,ACADVL,666.912863499319,0.0104719535060372,0.918601028040791,0.981449082242573,0,Not significant
2539,1,ENSG00000132591.12,ERAL1,97.7267257931697,0.0144113657188314,0.916548544839104,0.981449082242573,0,Not significant
2540,1,ENSG00000067596.12,DHX8,217.690410959334,0.0121580066564803,0.918157236717743,0.981449082242573,0,Not significant
2541,1,ENSG00000263189.1,ENSG00000263189,38.5469744340217,-0.0139956427069898,0.918844449849492,0.981449082242573,0,Not significant
2542,1,ENSG00000108406.10,DHX40,286.559043469984,-0.0115957280913056,0.918622195489054,0.981449082242573,0,Not significant
2543,1,ENSG00000271605.6,MILR1,10.7845262512498,-0.0111108060580857,0.918980100922498,0.981449082242573,0,Not significant
2544,1,ENSG00000141570.11,CBX8,30.73322272959,0.0140130128277421,0.918701888587898,0.981449082242573,0,Not significant
2545,1,ENSG00000204237.5,OXLD1,47.3634006999167,0.0148945189292287,0.915567173411777,0.981449082242573,0,Not significant
2546,1,ENSG00000137166.18,FOXP4,73.7750146490415,0.0139083705639773,0.919393551754386,0.981504977874478,0,Not significant
2547,1,ENSG00000055147.19,FAM114A2,106.734104988606,0.0133081957710305,0.920869557377742,0.981641904035082,0,Not significant
2548,1,ENSG00000220695.1,ENSG00000220695,42.5099212155376,0.0139214680951885,0.921066149789398,0.981641904035082,0,Not significant
2549,1,ENSG00000228283.3,KATNBL1P6,39.9699742823207,0.0139981749314319,0.92132762957818,0.981641904035082,0,Not significant
2550,1,ENSG00000167723.15,TRPV3,7.89521607350968,0.010552259260156,0.920455441863385,0.981641904035082,0,Not significant
2551,1,ENSG00000108591.10,DRG2,85.6152740215519,0.0134760778991088,0.920007106837158,0.981641904035082,0,Not significant
2552,1,ENSG00000028310.18,BRD9,106.935926307679,0.0123850801618535,0.925187520843446,0.982298349341534,0,Not significant
2553,1,ENSG00000170445.16,HARS1,197.090847657155,0.0119452841680177,0.922976567230526,0.982298349341534,0,Not significant
2554,1,ENSG00000240869.3,RN7SL128P,35.7801899902731,-0.0124015477218581,0.924594313250819,0.982298349341534,0,Not significant
2555,1,ENSG00000272462.4,LINC02980,16.1124033106866,0.0124643709075979,0.923392153823424,0.982298349341534,0,Not significant
2556,1,ENSG00000112697.17,TMEM30A,1262.10606642934,-0.00876110790795273,0.923026232011294,0.982298349341534,0,Not significant
2557,1,ENSG00000135537.17,AFG1L,12.03084774618,0.0110300497161525,0.925196384957442,0.982298349341534,0,Not significant
2558,1,ENSG00000220557.1,HMGB1P13,14.9929949352038,-0.0111556575742862,0.924127059886989,0.982298349341534,0,Not significant
2559,1,ENSG00000216480.2,RPL21P69,336.126568325069,-0.0106847115433444,0.923478328461194,0.982298349341534,0,Not significant
2560,1,ENSG00000188522.16,FAM83G,44.1622630731248,0.0134831202190288,0.923902752529355,0.982298349341534,0,Not significant
2561,1,ENSG00000153015.17,CWC27,102.10692105664,-0.0120462342362127,0.925816450012391,0.982506033483095,0,Not significant
2562,1,ENSG00000111860.14,CEP85L,80.7898377114551,-0.0125671107558094,0.926458975442391,0.982506033483095,0,Not significant
2563,1,ENSG00000007202.16,BLTP2,1015.24861119759,-0.00864714553109504,0.926476439962168,0.982506033483095,0,Not significant
2564,1,ENSG00000291113.1,ENSG00000291113,10.4315373113392,0.0104219851176936,0.927490016775183,0.983197295473848,0,Not significant
2565,1,ENSG00000253772.1,ENSG00000253772,6.5764071984597,-0.00816941505395982,0.928418086883803,0.983797411364592,0,Not significant
2566,1,ENSG00000270587.1,FAM136DP,9.26408338852948,0.00977877053879952,0.929284956352392,0.984332233579814,0,Not significant
2567,1,ENSG00000151876.13,FBXO4,26.0792048624177,-0.0108158103670538,0.932969690484928,0.984420770783499,0,Not significant
2568,1,ENSG00000113593.12,PPWD1,124.958221474122,-0.00986150323955081,0.935781850143229,0.984420770783499,0,Not significant
2569,1,ENSG00000112893.10,MAN2A1,411.612775248727,-0.00746647706101843,0.943596524139126,0.984420770783499,0,Not significant
2570,1,ENSG00000061455.11,PRDM6,186.159584727787,-0.0082339098047194,0.937466285637028,0.984420770783499,0,Not significant
2571,1,ENSG00000164403.15,SHROOM1,51.6646295039391,-0.0113354267016597,0.932790641813415,0.984420770783499,0,Not significant
2572,1,ENSG00000213433.5,RPLP1P6,842.86191206856,-0.007633292745525,0.936124177588459,0.984420770783499,0,Not significant
2573,1,ENSG00000072803.18,FBXW11,335.414267421671,0.0105430385986616,0.931786645613839,0.984420770783499,0,Not significant
2574,1,ENSG00000254200.1,RPL7AP33,264.4252663096,-0.00931477334328207,0.934579308127311,0.984420770783499,0,Not significant
2575,1,ENSG00000145912.10,NHP2,74.4542528213579,-0.0103549319722994,0.938290355361314,0.984420770783499,0,Not significant
2576,1,ENSG00000216657.1,GLRX3P2,108.890714293408,0.0101535081013828,0.943189567496722,0.984420770783499,0,Not significant
2577,1,ENSG00000274750.3,H3C6,8.24965603967593,0.0071025156010059,0.94346580098221,0.984420770783499,0,Not significant
2578,1,ENSG00000290032.1,ENSG00000290032,34.4098715389979,0.0102381386293308,0.938910494352501,0.984420770783499,0,Not significant
2579,1,ENSG00000223501.9,VPS52,145.881303477627,-0.0105730721561237,0.932490914754781,0.984420770783499,0,Not significant
2580,1,ENSG00000137200.13,CMTR1,254.506109697991,-0.00966007981272007,0.933429960228102,0.984420770783499,0,Not significant
2581,1,ENSG00000137161.18,CNPY3,114.714715079621,-0.0100017492697683,0.93845553891113,0.984420770783499,0,Not significant
2582,1,ENSG00000198945.8,L3MBTL3,52.2086940827107,-0.0108848154200453,0.935743796764022,0.984420770783499,0,Not significant
2583,1,ENSG00000112339.15,HBS1L,213.205586650599,-0.00808850094637857,0.94371764068426,0.984420770783499,0,Not significant
2584,1,ENSG00000213109.4,RPL7AP37,8.67619737490713,-0.00687205336623594,0.94385597081008,0.984420770783499,0,Not significant
2585,1,ENSG00000226445.2,THBS2-AS1,10.7319238163017,-0.00915229550222764,0.93096975732737,0.984420770783499,0,Not significant
2586,1,ENSG00000167740.10,CYB5D2,108.361150063422,0.0101536775668131,0.939619301379938,0.984420770783499,0,Not significant
2587,1,ENSG00000263272.1,ENSG00000263272,9.78901234439529,0.00835626735987017,0.93786523202602,0.984420770783499,0,Not significant
2588,1,ENSG00000215041.10,NEURL4,59.3503639097241,0.0109589765372239,0.938002215019032,0.984420770783499,0,Not significant
2589,1,ENSG00000072818.12,ACAP1,11.7789944841685,-0.00810692395556745,0.942593357887533,0.984420770783499,0,Not significant
2590,1,ENSG00000108947.5,EFNB3,19.1949723668941,-0.00956987342726669,0.94150268790473,0.984420770783499,0,Not significant
2591,1,ENSG00000178971.17,CTC1,52.4701966934765,0.0117852343598662,0.934709820926361,0.984420770783499,0,Not significant
2592,1,ENSG00000178921.14,PFAS,50.8797684916166,-0.0118166537039729,0.933523590612695,0.984420770783499,0,Not significant
2593,1,ENSG00000215030.5,RPL13P12,3511.83728705045,0.00715370289024719,0.940864412704568,0.984420770783499,0,Not significant
2594,1,ENSG00000092871.17,RFFL,51.6220716361833,-0.0114509226817605,0.93188898169607,0.984420770783499,0,Not significant
2595,1,ENSG00000274512.6,TBC1D3L,7.32787859592742,-0.00566013822410774,0.942311856498008,0.984420770783499,0,Not significant
2596,1,ENSG00000131475.7,VPS25,101.689001061107,0.0106917365193362,0.936574156501703,0.984420770783499,0,Not significant
2597,1,ENSG00000161653.11,NAGS,9.47656186805462,-0.00808061784003559,0.939174391544634,0.984420770783499,0,Not significant
2598,1,ENSG00000004897.12,CDC27,324.274326230431,0.00705606828832479,0.942745498333441,0.984420770783499,0,Not significant
2599,1,ENSG00000261040.9,WFDC21P,7.69958516520123,-0.00740737359242762,0.932632411798665,0.984420770783499,0,Not significant
2600,1,ENSG00000270553.1,ENSG00000270553,61.8265959401791,0.0103378887418064,0.942037157469303,0.984420770783499,0,Not significant
2601,1,ENSG00000266943.1,RPSAP66,38.7304481842869,0.01099717112741,0.938406451777823,0.984420770783499,0,Not significant
2602,1,ENSG00000120063.10,GNA13,251.168219061493,0.00886804346406368,0.942752027011745,0.984420770783499,0,Not significant
2603,1,ENSG00000123700.5,KCNJ2,172.359519140519,-0.0108444326240513,0.931767977417013,0.984420770783499,0,Not significant
2604,1,ENSG00000133195.12,SLC39A11,49.3620131064605,-0.0107567869669291,0.935929529868562,0.984420770783499,0,Not significant
2605,1,ENSG00000125454.12,SLC25A19,11.9105957192707,0.00903771936972607,0.941595161192799,0.984420770783499,0,Not significant
2606,1,ENSG00000092929.13,UNC13D,9.53844248551816,0.00959191165172698,0.930134690971974,0.984420770783499,0,Not significant
2607,1,ENSG00000066230.12,SLC9A3,11.5155171126808,-0.00740021607046602,0.947238417491379,0.986532459535899,0,Not significant
2608,1,ENSG00000176018.13,LYSMD3,104.270156487088,0.00888746479422737,0.947382357534506,0.986532459535899,0,Not significant
2609,1,ENSG00000214784.4,RPS3AP21,1837.6588898259,0.00569896722631148,0.949867995207421,0.986532459535899,0,Not significant
2610,1,ENSG00000250194.1,ENSG00000250194,9.30957931619833,0.00693403485718948,0.946975596504508,0.986532459535899,0,Not significant
2611,1,ENSG00000234115.2,ENSG00000234115,166.791470344462,0.00794511099596337,0.94824227860369,0.986532459535899,0,Not significant
2612,1,ENSG00000124523.17,SIRT5,47.0913486558017,0.00899247674485257,0.949873232746669,0.986532459535899,0,Not significant
2613,1,ENSG00000277661.4,OR2W1-AS1,19.3718259775432,0.0089705431837746,0.946471475990088,0.986532459535899,0,Not significant
2614,1,ENSG00000276576.1,MRPL30P1,26.3461574263017,0.00910821166255076,0.947956181248358,0.986532459535899,0,Not significant
2615,1,ENSG00000230607.3,ENSG00000230607,7.07041457174038,-0.00602095066253846,0.949802539967942,0.986532459535899,0,Not significant
2616,1,ENSG00000109113.20,RAB34,438.646294041631,0.00671123018632943,0.94894872310665,0.986532459535899,0,Not significant
2617,1,ENSG00000121058.5,COIL,51.7623245054916,-0.00833760402843878,0.949664367656858,0.986532459535899,0,Not significant
2618,1,ENSG00000066583.12,ISOC1,60.3337394269974,0.0085828243574638,0.950806546108002,0.987124595997536,0,Not significant
2619,1,ENSG00000170234.13,PWWP2A,55.6565221386314,-0.00798829879040443,0.952037865809962,0.987648442470029,0,Not significant
2620,1,ENSG00000218996.1,ARL4AP5,21.7023067803085,-0.00749436919416389,0.951688592682747,0.987648442470029,0,Not significant
2621,1,ENSG00000171444.19,MCC,237.649424983353,-0.00649400841876149,0.955391579638898,0.990264359065164,0,Not significant
2622,1,ENSG00000015479.20,MATR3,16.3506586745805,-0.00695128020811096,0.95512673503812,0.990264359065164,0,Not significant
2623,1,ENSG00000153975.10,ZUP1,26.7781501569444,0.00782406918157823,0.955744969793869,0.990264359065164,0,Not significant
2624,1,ENSG00000220305.1,HNRNPH1P1,127.030755767309,-0.00659469987735091,0.956381141481257,0.990264359065164,0,Not significant
2625,1,ENSG00000277476.1,ENSG00000277476,21.5595540523576,0.00744558441097884,0.956312812608479,0.990264359065164,0,Not significant
2626,1,ENSG00000240052.1,ENSG00000240052,846.155409204343,0.00534706772722515,0.95754045070413,0.990332931892627,0,Not significant
2627,1,ENSG00000171453.20,POLR1C,43.0389569934193,0.00759994135901178,0.957476182256047,0.990332931892627,0,Not significant
2628,1,ENSG00000177302.15,TOP3A,80.9054161756717,-0.00699660570477393,0.95747143438818,0.990332931892627,0,Not significant
2629,1,ENSG00000219200.12,RNASEK,11.277489004867,-0.00538510010999756,0.959347400430955,0.991532647958677,0,Not significant
2630,1,ENSG00000125434.11,SLC25A35,16.8075990064329,0.00662426592896866,0.95979484796883,0.991532647958677,0,Not significant
2631,1,ENSG00000273018.7,FAM106A,10.0888811791367,-0.00438511955721825,0.95975113412286,0.991532647958677,0,Not significant
2632,1,ENSG00000213568.4,HNRNPA1P13,23.8791377327637,-0.00629152296596689,0.96083904058691,0.992234237201832,0,Not significant
2633,1,ENSG00000213719.8,CLIC1,654.8727338168,0.0048154102252438,0.961857597839499,0.992908830584033,0,Not significant
2634,1,ENSG00000225138.8,SLC9A3-AS1,57.5366542037149,-0.00576063703874277,0.963380762617925,0.993297175117701,0,Not significant
2635,1,ENSG00000204264.12,PSMB8,91.2153368838883,0.00601279151905042,0.963555077827872,0.993297175117701,0,Not significant
2636,1,ENSG00000170915.9,PAQR8,34.0842975858245,0.00638157711976197,0.963695603673796,0.993297175117701,0,Not significant
2637,1,ENSG00000141367.13,CLTC,2286.01031428663,0.00749741784441995,0.963045917514038,0.993297175117701,0,Not significant
2638,1,ENSG00000145780.8,FEM1C,122.659924062068,0.00572103823131446,0.966940938766065,0.994003582286749,0,Not significant
2639,1,ENSG00000242814.2,ENSG00000242814,182.807471197174,-0.00509395177356673,0.966800397602325,0.994003582286749,0,Not significant
2640,1,ENSG00000164296.7,TIGD6,31.1026662532143,0.00591138222021934,0.966726648986546,0.994003582286749,0,Not significant
2641,1,ENSG00000184840.12,TMED9,612.962413914578,0.00498258472248756,0.966710593680451,0.994003582286749,0,Not significant
2642,1,ENSG00000145979.18,TBC1D7,24.0166742303895,-0.00531008034111797,0.966033238370262,0.994003582286749,0,Not significant
2643,1,ENSG00000010810.18,FYN,335.980031691032,-0.00432541545141201,0.965873294876221,0.994003582286749,0,Not significant
2644,1,ENSG00000141519.15,CCDC40,16.9426827555773,-0.00472318488977512,0.966706374419633,0.994003582286749,0,Not significant
2645,1,ENSG00000112941.14,TENT4A,98.1139040563412,-0.00406926979968119,0.971922319046547,0.99427838504123,0,Not significant
2646,1,ENSG00000185641.6,ENSG00000185641,1556.84625341536,-0.00327400077159361,0.968122348591434,0.99427838504123,0,Not significant
2647,1,ENSG00000064651.14,SLC12A2,99.4523202318289,-0.00435044484824017,0.971352591203636,0.99427838504123,0,Not significant
2648,1,ENSG00000230551.4,ENSG00000230551,56.730918196219,-0.00449986080992245,0.970328813877463,0.99427838504123,0,Not significant
2649,1,ENSG00000253146.1,CIR1P1,70.2104858098583,0.00464647511467432,0.970955273070618,0.99427838504123,0,Not significant
2650,1,ENSG00000113269.14,RNF130,245.449209783087,-0.00408427441107814,0.971963822315875,0.99427838504123,0,Not significant
2651,1,ENSG00000112685.14,EXOC2,180.131087546843,0.00410115341138421,0.971280742244556,0.99427838504123,0,Not significant
2652,1,ENSG00000047579.20,DTNBP1,43.1131768718527,0.00537782971014873,0.970719056880927,0.99427838504123,0,Not significant
2653,1,ENSG00000198563.14,DDX39B,278.842238231373,0.00411606445254072,0.970602229543815,0.99427838504123,0,Not significant
2654,1,ENSG00000213187.3,COPS5P1,34.7268357944785,0.00377744827706303,0.970784308310026,0.99427838504123,0,Not significant
2655,1,ENSG00000213108.3,BTF3L4P3,55.2305832201745,-0.00489739186489558,0.970411750839018,0.99427838504123,0,Not significant
2656,1,ENSG00000236088.12,COX10-DT,26.3487412825683,-0.00432862750540001,0.970794534498646,0.99427838504123,0,Not significant
2657,1,ENSG00000180901.11,KCTD2,198.141964714523,0.00450517663013786,0.968320652018101,0.99427838504123,0,Not significant
2658,1,ENSG00000249142.1,TMEM183AP2,133.139001341786,0.0035926095157655,0.978193668679589,0.994289600400569,0,Not significant
2659,1,ENSG00000086189.11,DIMT1,46.3106241897226,0.00445415945496225,0.975879421741356,0.994289600400569,0,Not significant
2660,1,ENSG00000164902.14,PHAX,202.72985852444,-0.00335247727679202,0.973608113050143,0.994289600400569,0,Not significant
2661,1,ENSG00000145919.11,BOD1,229.688754581854,-0.00348498849575059,0.975416688698928,0.994289600400569,0,Not significant
2662,1,ENSG00000248275.3,TRIM52-AS1,15.700016757491,-0.00328732022282036,0.975164948264059,0.994289600400569,0,Not significant
2663,1,ENSG00000276290.1,RBBP4P3,14.9577126125254,-0.00379573425393764,0.973677951097313,0.994289600400569,0,Not significant
2664,1,ENSG00000218676.1,BRD7P4,127.91492070362,-0.00369968471423255,0.975457248112127,0.994289600400569,0,Not significant
2665,1,ENSG00000220744.1,RPL5P18,955.3155006293,0.00453164633476262,0.976930842333442,0.994289600400569,0,Not significant
2666,1,ENSG00000112306.8,RPS12,2836.18733022949,-0.00269812761139828,0.978117614615346,0.994289600400569,0,Not significant
2667,1,ENSG00000205695.3,ENSG00000205695,11.0752304577266,0.00351355222051971,0.977053043271214,0.994289600400569,0,Not significant
2668,1,ENSG00000217733.2,CCT7P1,154.804673145571,-0.00318519440838577,0.978125852670014,0.994289600400569,0,Not significant
2669,1,ENSG00000130363.13,RSPH3,68.1159348566754,-0.00400326516655096,0.975991094775945,0.994289600400569,0,Not significant
2670,1,ENSG00000141040.15,ZNF287,40.769956774318,-0.00409628835899857,0.975474149207348,0.994289600400569,0,Not significant
2671,1,ENSG00000176208.9,ATAD5,6.8092914601265,-0.00292782912117928,0.974496393982964,0.994289600400569,0,Not significant
2672,1,ENSG00000159111.13,MRPL10,130.688254668053,0.00433708069110656,0.973385265730988,0.994289600400569,0,Not significant
2673,1,ENSG00000108511.10,HOXB6,12.0791219490632,0.00358023082050715,0.976414541070339,0.994289600400569,0,Not significant
2674,1,ENSG00000008294.22,SPAG9,609.697522026808,0.00228926917825251,0.977245853839122,0.994289600400569,0,Not significant
2675,1,ENSG00000112701.18,SENP6,320.872807315411,0.00286554818775158,0.9789699762859,0.994334975913706,0,Not significant
2676,1,ENSG00000131013.4,PPIL4,138.173675285564,-0.00322939206820473,0.978899040110873,0.994334975913706,0,Not significant
2677,1,ENSG00000272335.1,ENSG00000272335,21.414907269093,0.00348704314658391,0.980314168094831,0.994465993931503,0,Not significant
2678,1,ENSG00000145730.21,PAM,2418.16651426861,0.00320275341091112,0.982391903497456,0.994465993931503,0,Not significant
2679,1,ENSG00000120324.9,PCDHB10,9.38297502401106,0.00261299528622381,0.979749598813628,0.994465993931503,0,Not significant
2680,1,ENSG00000253910.3,PCDHGB2,45.7982699619113,0.00418362343740927,0.980664093903053,0.994465993931503,0,Not significant
2681,1,ENSG00000187678.10,SPRY4,24.0442241843181,-0.00277939592767381,0.982222407835276,0.994465993931503,0,Not significant
2682,1,ENSG00000029639.11,TFB1M,19.9383875596165,0.00333463697989667,0.981437870354113,0.994465993931503,0,Not significant
2683,1,ENSG00000263400.8,TMEM220-AS1,8.7105000524134,-0.00213231137699644,0.982053832104504,0.994465993931503,0,Not significant
2684,1,ENSG00000187688.15,TRPV2,70.9623010918701,-0.00258835189222633,0.981674864313187,0.994465993931503,0,Not significant
2685,1,ENSG00000242067.1,RPL9P28,392.780190159803,-0.0026250275785384,0.980004584126099,0.994465993931503,0,Not significant
2686,1,ENSG00000217929.4,SEPTIN14P6,21.8252323182023,0.00275909401887321,0.984093785150476,0.994520664400842,0,Not significant
2687,1,ENSG00000219607.4,PPP1R3G,13.8329697515321,0.00237527503224948,0.985373123337553,0.994520664400842,0,Not significant
2688,1,ENSG00000216915.2,GPR89P,53.6407779622148,-0.00189202073443609,0.985177873743836,0.994520664400842,0,Not significant
2689,1,ENSG00000230350.1,RPL35AP3,46.7889844232659,-0.00222817479622179,0.985137469957305,0.994520664400842,0,Not significant
2690,1,ENSG00000146426.19,TIAM2,37.8538359561174,-0.00271695852470223,0.983257101185949,0.994520664400842,0,Not significant
2691,1,ENSG00000196544.8,BORCS6,15.1578358842623,-0.00226267224157218,0.984386898057393,0.994520664400842,0,Not significant
2692,1,ENSG00000213179.4,RPL17P41,183.12256765285,0.00297012783630075,0.983461870802467,0.994520664400842,0,Not significant
2693,1,ENSG00000109065.12,NAT9,103.969909127746,0.00269038807333616,0.983757729911685,0.994520664400842,0,Not significant
2694,1,ENSG00000217585.1,MDH1P2,23.9980516029007,-0.00205843217868303,0.986078057136114,0.994862716887883,0,Not significant
2695,1,ENSG00000067248.11,DHX29,240.90934913834,0.0020353159466683,0.987556093825532,0.994876746856114,0,Not significant
2696,1,ENSG00000204428.12,LY6G5C,7.94674205751194,0.00173093378566594,0.987404947431197,0.994876746856114,0,Not significant
2697,1,ENSG00000265298.1,ENSG00000265298,132.22546241359,-0.00189872975316186,0.98745172745733,0.994876746856114,0,Not significant
2698,1,ENSG00000141577.14,CEP131,35.4601396399179,-0.00197746087271428,0.987372031945805,0.994876746856114,0,Not significant
2699,1,ENSG00000130349.10,MTRES1,37.7909506491261,-0.00150299408591627,0.990193662965996,0.996425907420058,0,Not significant
2700,1,ENSG00000126858.19,RHOT1,106.414698719828,0.00190197120551526,0.990088363621361,0.996425907420058,0,Not significant
2701,1,ENSG00000141580.16,WDR45B,387.961290841682,-0.00138063043871414,0.989946992463519,0.996425907420058,0,Not significant
2702,1,ENSG00000072849.11,DERL2,129.527939912572,0.00171428628663649,0.9906586553964,0.996524879854706,0,Not significant
2703,1,ENSG00000113643.9,RARS1,283.537578639795,-0.000822188685171384,0.991763627734119,0.997145116814877,0,Not significant
2704,1,ENSG00000228364.1,SAR1AP1,74.1821228327304,-0.000788815795623442,0.992375842893393,0.997145116814877,0,Not significant
2705,1,ENSG00000108344.15,PSMD3,354.161091021318,-0.000908146562455503,0.992276947848622,0.997145116814877,0,Not significant
2706,1,ENSG00000135587.9,SMPD2,16.4492674188475,-0.000848411075811544,0.993195207380112,0.997572149262055,0,Not significant
2707,1,ENSG00000279382.1,ENSG00000279382,7.35925556881172,-0.000588294451919388,0.99353488154981,0.997572149262055,0,Not significant
2708,1,ENSG00000266648.1,SETP3,96.4322983256754,-0.000746431667970284,0.994129661941465,0.997800746365177,0,Not significant
2709,1,ENSG00000232083.3,RPL31P7,549.545182589519,-0.000832708264148598,0.995564406749309,0.99887192969532,0,Not significant
2710,1,ENSG00000112964.14,GHR,26.0235707077843,0.000722452113600407,0.995951229203635,0.998891306633019,0,Not significant
2711,1,ENSG00000073578.18,SDHA,99.220942810616,0.000451956071803722,0.998363488063548,0.998923240219849,0,Not significant
2712,1,ENSG00000164182.12,NDUFAF2,60.3413479607101,0.000551538082814931,0.998766488669939,0.998923240219849,0,Not significant
2713,1,ENSG00000241179.1,ENSG00000241179,6.22893659526994,0.000889978078824163,0.997130302562377,0.998923240219849,0,Not significant
2714,1,ENSG00000113141.19,IK,408.162256583703,-0.000130426301382398,0.997963489712789,0.998923240219849,0,Not significant
2715,1,ENSG00000223865.11,HLA-DPB1,7.10492460076401,-0.000259920688549264,0.997505390862733,0.998923240219849,0,Not significant
2716,1,ENSG00000237441.10,RGL2,182.36791740611,-0.000477321973371796,0.996856246504087,0.998923240219849,0,Not significant
2717,1,ENSG00000256826.1,ATP5MFP4,9.65737772862377,5.33565136841044e-05,0.998923240219849,0.998923240219849,0,Not significant
2718,1,ENSG00000196704.14,AMZ2,194.497733181673,-0.00043429183753805,0.997466654135043,0.998923240219849,0,Not significant
2719,1,ENSG00000260774.1,ENSG00000260774,2.12195725250204,-0.0155832290489259,0.730797869450262,NA,0,Not significant
2720,1,ENSG00000286001.1,ENSG00000286001,3.30839004919804,-0.0449844541726263,0.529217378047991,NA,0,Not significant
2721,1,ENSG00000248925.3,PDCD6-DT,1.25486016697934,-0.021397083341437,0.638024802702866,NA,0,Not significant
2722,1,ENSG00000112877.8,CEP72,5.14697077721668,-0.148757113936674,0.127911111587953,NA,0,Not significant
2723,1,ENSG00000188818.13,ZDHHC11,5.08212681553827,-0.000341019619878174,0.996522471348737,NA,0,Not significant
2724,1,ENSG00000271119.1,LINC03067,2.39870475843645,-0.00180499416608896,0.975996660629188,NA,0,Not significant
2725,1,ENSG00000288549.1,ENSG00000288549,1.26135065161188,0.0400201898453715,0.310047324654784,NA,0,Not significant
2726,1,ENSG00000248994.2,ENSG00000248994,4.48526492816289,0.0329450313808605,0.695102854214052,NA,0,Not significant
2727,1,ENSG00000289075.2,ENSG00000289075,2.48616507029561,-0.00816724888015638,0.895658351028466,NA,0,Not significant
2728,1,ENSG00000286753.3,ENSG00000286753,2.15972185165472,-0.0063481818316847,0.914067585330913,NA,0,Not significant
2729,1,ENSG00000248677.2,LINC02102,1.49971575385483,-0.00894155812670686,0.842487172197453,NA,0,Not significant
2730,1,ENSG00000290510.1,ENSG00000290510,1.38614946295496,0.00793702843116494,0.835644030471785,NA,0,Not significant
2731,1,ENSG00000078295.17,ADCY2,5.52760392568963,-0.0427597309997216,0.566395010377908,NA,0,Not significant
2732,1,ENSG00000288002.1,ENSG00000288002,3.14774431507546,-0.0519981632471098,0.432044896132588,NA,0,Not significant
2733,1,ENSG00000259802.3,MARCHF6-DT,2.25396365332339,-0.0311799548866696,0.578788703252305,NA,0,Not significant
2734,1,ENSG00000145569.6,OTULINL,4.77371470109545,0.272731222094461,0.00884011665173501,NA,0,Not significant
2735,1,ENSG00000261360.3,OTULIN-DT,2.07846399017046,-0.0801150098413013,0.114176664672298,NA,0,Not significant
2736,1,ENSG00000250662.1,HNRNPKP5,5.82108309496654,-0.0886559943597708,0.328450757783174,NA,0,Not significant
2737,1,ENSG00000154153.15,RETREG1,3.96781477648078,0.0120820199179294,0.879889113710596,NA,0,Not significant
2738,1,ENSG00000246214.3,RETREG1-AS1,2.98148033964562,-0.0108905545246779,0.875107686710179,NA,0,Not significant
2739,1,ENSG00000250816.1,DCAF13P2,4.27200016946107,0.0223749037846356,0.782522539298763,NA,0,Not significant
2740,1,ENSG00000269466.4,H3Y1,1.31202070355684,0.00452262879682333,0.799235725570266,NA,0,Not significant
2741,1,ENSG00000249937.9,LINC02223,4.37400100714284,-0.0149680596646888,0.853923208096029,NA,0,Not significant
2742,1,ENSG00000145526.12,CDH18,2.23969364651271,-0.0539258090499901,0.362571265329836,NA,0,Not significant
2743,1,ENSG00000290530.1,ENSG00000290530,1.5959396846158,-0.0399609410061786,0.413197918520842,NA,0,Not significant
2744,1,ENSG00000250099.1,TRPC6P6,3.32759221230012,0.194514477733689,0.0197085573209008,NA,0,Not significant
2745,1,ENSG00000226400.2,ENSG00000226400,5.37719013737059,-0.0805918423906864,0.336325017733718,NA,0,Not significant
2746,1,ENSG00000233787.3,ENSG00000233787,2.01941659129191,0.0079146622083032,0.882817223218867,NA,0,Not significant
2747,1,ENSG00000250587.2,HPRT1P2,1.22188272592339,-0.0175501145936162,0.687686016531577,NA,0,Not significant
2748,1,ENSG00000289601.1,ENSG00000289601,1.51189901161172,0.022915615418466,0.599595976634991,NA,0,Not significant
2749,1,ENSG00000249572.3,TARS1-DT,4.99058669390121,0.0593766631854246,0.507251596111282,NA,0,Not significant
2750,1,ENSG00000242110.9,AMACR,1.58849435824306,-0.0360413698554371,0.44641951060613,NA,0,Not significant
2751,1,ENSG00000250767.1,ENSG00000250767,3.0613212385028,0.0880587367679032,0.185396275796448,NA,0,Not significant
2752,1,ENSG00000082196.21,C1QTNF3,2.62135339003296,-0.00298545608236097,0.960999492182367,NA,0,Not significant
2753,1,ENSG00000290548.1,ENSG00000290548,3.97068587305363,0.0206884098600869,0.795951736581682,NA,0,Not significant
2754,1,ENSG00000272323.1,TTC23L-AS1,1.25668514646671,-0.0108253457328621,0.781185111608916,NA,0,Not significant
2755,1,ENSG00000205838.15,TTC23L,4.41873997607993,0.0935462488292603,0.258126896401765,NA,0,Not significant
2756,1,ENSG00000245711.2,NADK2-AS1,1.60681932129112,-0.00623348000090981,0.907945248503875,NA,0,Not significant
2757,1,ENSG00000164188.9,RANBP3L,1.7722891732867,0.0583979238604556,0.28369147556134,NA,0,Not significant
2758,1,ENSG00000271378.1,RBISP2,1.36849900083414,-0.001392687877975,0.965463960172253,NA,0,Not significant
2759,1,ENSG00000164318.18,EGFLAM,1.21605607785409,-0.0272951466159311,0.55068273651899,NA,0,Not significant
2760,1,ENSG00000244968.7,LIFR-AS1,2.13407297956762,0.0298117592829297,0.548457003797666,NA,0,Not significant
2761,1,ENSG00000249740.4,OSMR-DT,5.30556359964763,-0.0440404248917193,0.596061888480835,NA,0,Not significant
2762,1,ENSG00000082074.19,FYB1,1.63277713792312,-0.00592781766349878,0.893637219489615,NA,0,Not significant
2763,1,ENSG00000271334.6,LINC02104,1.3694602957514,0.0048036214581698,0.887276955109267,NA,0,Not significant
2764,1,ENSG00000039537.16,C6,5.48896579090274,1.07304436247685,0.00784410207651665,NA,0,Not significant
2765,1,ENSG00000182836.11,PLCXD3,5.08714191698842,0.181359789395405,0.0110825949219371,NA,0,Not significant
2766,1,ENSG00000248668.3,OXCT1-AS1,1.48884519038599,0.0307268901836421,0.547520263446489,NA,0,Not significant
2767,1,ENSG00000286271.3,ENSG00000286271,1.77707786963989,0.0326620306367156,0.355594939862881,NA,0,Not significant
2768,1,ENSG00000249092.1,PPIAP77,4.32332954076865,0.0263886052970845,0.75025246686578,NA,0,Not significant
2769,1,ENSG00000249516.1,PRELID3BP6,2.37047464068074,-0.00334927662454574,0.951957193614448,NA,0,Not significant
2770,1,ENSG00000250711.1,PRELID3BP7,1.7766339038355,0.037857960276039,0.495888119096331,NA,0,Not significant
2771,1,ENSG00000286656.2,ENSG00000286656,3.99064202587575,0.0222879658754722,0.769827737760786,NA,0,Not significant
2772,1,ENSG00000177721.5,ANXA2R,3.6878026133612,-0.046782723830419,0.466134734951985,NA,0,Not significant
2773,1,ENSG00000272144.1,ENSG00000272144,1.49284961581294,-0.0184322740535062,0.597535932812394,NA,0,Not significant
2774,1,ENSG00000278487.1,ENSG00000278487,5.75963352064984,0.0269573031240926,0.741720776280526,NA,0,Not significant
2775,1,ENSG00000249779.1,ENSG00000249779,3.05362342909655,-0.115291192113062,0.113210448849633,NA,0,Not significant
2776,1,ENSG00000188850.9,ENSG00000188850,1.26912362326994,-0.0109681091712141,0.820864529168196,NA,0,Not significant
2777,1,ENSG00000249492.3,ENSG00000249492,1.85388653651,0.00526411396729968,0.925480623358095,NA,0,Not significant
2778,1,ENSG00000172244.9,C5orf34,5.66988659500625,-0.069326895271569,0.443305045178531,NA,0,Not significant
2779,1,ENSG00000285831.1,ENSG00000285831,1.59607278217585,-0.0784329972436434,0.0549741833018118,NA,0,Not significant
2780,1,ENSG00000287367.2,ENSG00000287367,1.41436301771459,0.0204216550571679,0.56296883154885,NA,0,Not significant
2781,1,ENSG00000232517.2,CSPG4BP,2.6224992324765,-0.0318632534581375,0.560147763552998,NA,0,Not significant
2782,1,ENSG00000164283.13,ESM1,4.62412973344298,-0.0345994223504164,0.677686083395074,NA,0,Not significant
2783,1,ENSG00000271410.1,ENSG00000271410,1.48139284349918,-0.0490562567815892,0.291687375843974,NA,0,Not significant
2784,1,ENSG00000248854.1,HNRNPH1P3,1.72032667243516,0.00205109163714928,0.963859927572182,NA,0,Not significant
2785,1,ENSG00000227908.5,IL6ST-DT,1.20927908587225,-0.0269644105261836,0.523070211192857,NA,0,Not significant
2786,1,ENSG00000248727.6,LINC01948,3.76965466422416,0.00608351007173394,0.935876584744016,NA,0,Not significant
2787,1,ENSG00000248271.1,PGAM1P1,3.22376154308233,-0.0568167677767474,0.418173859721019,NA,0,Not significant
2788,1,ENSG00000035499.13,DEPDC1B,3.2951498315937,-0.0678770972922076,0.27861281555781,NA,0,Not significant
2789,1,ENSG00000251279.3,SMIM15-AS1,2.72688432346728,-0.0128399885708537,0.834606573467297,NA,0,Not significant
2790,1,ENSG00000240436.1,RPL35AP14,2.52305704045424,0.00539608599005343,0.922028226121994,NA,0,Not significant
2791,1,ENSG00000248185.1,ENSG00000248185,2.42081028844206,0.0468087209186587,0.416272783044521,NA,0,Not significant
2792,1,ENSG00000164197.12,RNF180,3.74567897668447,0.0165714504664796,0.818647902537476,NA,0,Not significant
2793,1,ENSG00000253251.3,SHLD3,3.36732593805323,-0.113824515827246,0.12163368025972,NA,0,Not significant
2794,1,ENSG00000269961.1,ERBIN-DT,1.37317865167218,0.0558194655697474,0.160324935496378,NA,0,Not significant
2795,1,ENSG00000234838.3,PPIAP78,1.76587477811601,0.017645233531203,0.749125895937042,NA,0,Not significant
2796,1,ENSG00000249364.7,LINC02997,4.09695329623423,5.74911966856209,0.000113470876142525,NA,0,Not significant
2797,1,ENSG00000250289.1,VWA8P1,2.36924580592147,0.0165800586383109,0.777751435536789,NA,0,Not significant
2798,1,ENSG00000152939.17,MARVELD2,4.22616778042536,-0.0128220894074273,0.865008695189345,NA,0,Not significant
2799,1,ENSG00000197822.12,OCLN,4.72976427881314,-0.0400311318153923,0.613632201876009,NA,0,Not significant
2800,1,ENSG00000205572.11,SERF1B,2.07632481971597,-0.0339423755500217,0.566653475138149,NA,0,Not significant
2801,1,ENSG00000291220.1,ENSG00000291220,1.23756546313161,-0.0162020141384788,0.598736796161616,NA,0,Not significant
2802,1,ENSG00000172058.16,SERF1A,4.07410801269549,-0.0704048652939634,0.396067576250921,NA,0,Not significant
2803,1,ENSG00000249437.8,NAIP,1.80643161381379,-0.0658014008417713,0.193278053344973,NA,0,Not significant
2804,1,ENSG00000289810.1,ENSG00000289810,2.18411471548183,0.0687886000459122,0.253739674694978,NA,0,Not significant
2805,1,ENSG00000285804.2,ENSG00000285804,4.13551142333027,0.00956029650944909,0.900516205004747,NA,0,Not significant
2806,1,ENSG00000249149.2,ENSG00000249149,1.83292140031452,-0.0334007849686903,0.482594045580938,NA,0,Not significant
2807,1,ENSG00000239517.1,ENSG00000239517,1.23919384220129,-0.0422497307139698,0.281556370123827,NA,0,Not significant
2808,1,ENSG00000249157.1,ENSG00000249157,5.07679199515031,-0.0297292003361099,0.694691957864928,NA,0,Not significant
2809,1,ENSG00000145700.10,ANKRD31,2.31341030849436,-0.0367541401464594,0.477696772226279,NA,0,Not significant
2810,1,ENSG00000242198.1,ENSG00000242198,2.21784569709601,-0.0628187194922552,0.242457181774748,NA,0,Not significant
2811,1,ENSG00000189045.15,ANKDD1B,3.12780386839675,0.0237683636182089,0.738790351262277,NA,0,Not significant
2812,1,ENSG00000113231.14,PDE8B,3.37981951743823,-0.0118067412469251,0.869646539438179,NA,0,Not significant
2813,1,ENSG00000251050.1,RBX1P2,1.22579532071928,-0.00445963395712503,0.928457190260389,NA,0,Not significant
2814,1,ENSG00000288741.1,ENSG00000288741,2.32412913088262,-0.0603823331090946,0.30256949966887,NA,0,Not significant
2815,1,ENSG00000249042.6,FAM151B-DT,3.30143918633094,-0.106469753688667,0.162324346952637,NA,0,Not significant
2816,1,ENSG00000152380.10,FAM151B,4.96108842006739,-0.0128704978524171,0.883619875522486,NA,0,Not significant
2817,1,ENSG00000251450.2,RASGRF2-AS1,1.21146346748263,-0.0533722731937069,0.246177297683359,NA,0,Not significant
2818,1,ENSG00000131730.16,CKMT2,3.66355346797449,-0.0692673878968202,0.374154879436727,NA,0,Not significant
2819,1,ENSG00000172497.9,ACOT12,4.55526217897908,-0.0864902207288238,0.266808013082509,NA,0,Not significant
2820,1,ENSG00000249100.1,ENSG00000249100,4.60641733983018,-0.0915499813217248,0.294433414223297,NA,0,Not significant
2821,1,ENSG00000271862.1,ENSG00000271862,1.73463601188338,-0.029774705244369,0.582051680493868,NA,0,Not significant
2822,1,ENSG00000250705.1,H3P23,4.41936192780344,-0.00618425634473583,0.928388170472715,NA,0,Not significant
2823,1,ENSG00000281357.5,ARRDC3-AS1,1.35482529989539,0.00346604363674311,0.937274658718611,NA,0,Not significant
2824,1,ENSG00000249776.5,ENSG00000249776,1.22706103070382,0.000965136267879296,0.973055080876736,NA,0,Not significant
2825,1,ENSG00000278905.1,ENSG00000278905,3.68566802528539,-0.027973108542694,0.703692097509516,NA,0,Not significant
2826,1,ENSG00000178015.5,GPR150,3.91925468021195,0.0875437819977413,0.251801393190916,NA,0,Not significant
2827,1,ENSG00000175449.15,RFESD,4.25556452190356,0.0118249791297734,0.887786922643749,NA,0,Not significant
2828,1,ENSG00000145757.16,SPATA9,4.9942496806838,-0.0367720222283636,0.663066392884787,NA,0,Not significant
2829,1,ENSG00000250240.6,ENSG00000250240,5.1332127047154,-0.0190938554232114,0.822124111683597,NA,0,Not significant
2830,1,ENSG00000236882.9,LINC01554,4.31627998671032,0.0938884797727474,0.229569704745387,NA,0,Not significant
2831,1,ENSG00000251314.2,ENSG00000251314,3.29528304467977,-0.0051770310237483,0.939984558930709,NA,0,Not significant
2832,1,ENSG00000175426.11,PCSK1,2.36333209231656,0.0352439710456869,0.570629169201607,NA,0,Not significant
2833,1,ENSG00000248734.2,ENSG00000248734,2.22521456939609,0.00896832680955752,0.881328554820252,NA,0,Not significant
2834,1,ENSG00000247121.8,ENSG00000247121,4.65542026135158,0.0244612371251591,0.753201837671208,NA,0,Not significant
2835,1,ENSG00000286828.1,ENSG00000286828,1.37788886632932,-0.0145865883711147,0.741962028314712,NA,0,Not significant
2836,1,ENSG00000251389.1,YTHDF1P1,1.89015135200654,0.0314280258192273,0.556407203444711,NA,0,Not significant
2837,1,ENSG00000250221.1,KRT8P32,2.01338612028312,0.0203527243945037,0.69039110498785,NA,0,Not significant
2838,1,ENSG00000227762.4,GUSBP8,2.20323475328489,0.00112173851662545,0.978325765479212,NA,0,Not significant
2839,1,ENSG00000275374.1,GUSBP19,3.23252287513311,0.0445775602588463,0.535511874830156,NA,0,Not significant
2840,1,ENSG00000249476.2,ENSG00000249476,1.27403495554537,0.0279828497924243,0.465270990652667,NA,0,Not significant
2841,1,ENSG00000243304.3,ENSG00000243304,2.00833313167711,0.023205795238431,0.699907658650811,NA,0,Not significant
2842,1,ENSG00000251201.8,TMED7-TICAM2,1.65476184958198,0.0121765006499912,0.81179440004946,NA,0,Not significant
2843,1,ENSG00000249249.2,TICAM2-AS1,3.04692072272198,0.0181722667134961,0.794851854498298,NA,0,Not significant
2844,1,ENSG00000172901.21,LVRN,3.14898478656209,0.0126533419193102,0.857995408092612,NA,0,Not significant
2845,1,ENSG00000271918.2,ENSG00000271918,4.26345196698942,-0.127799968635394,0.135018962750147,NA,0,Not significant
2846,1,ENSG00000232916.1,HMGN2P27,4.51209246976796,-0.0620801791018063,0.449602835097135,NA,0,Not significant
2847,1,ENSG00000243758.1,RPL35AP15,1.32979742607689,-0.0201942355164357,0.589429089263759,NA,0,Not significant
2848,1,ENSG00000251477.1,ENSG00000251477,2.36665079854375,-0.0559360444816696,0.388021629886166,NA,0,Not significant
2849,1,ENSG00000249494.6,DMXL1-DT,3.92962399310833,-0.0379138943881936,0.59829343065361,NA,0,Not significant
2850,1,ENSG00000248979.2,LAMTOR3P2,4.74276695231679,0.0415985504375092,0.632637770747853,NA,0,Not significant
2851,1,ENSG00000248927.1,ENSG00000248927,2.604833595887,0.0499210036551401,0.398120549818473,NA,0,Not significant
2852,1,ENSG00000249600.1,ENSG00000249600,5.45818751869174,0.00347774567398666,0.968806348563277,NA,0,Not significant
2853,1,ENSG00000247311.3,ENSG00000247311,5.6307683137086,0.366432406275452,0.0130942851161237,NA,0,Not significant
2854,1,ENSG00000164185.7,ZNF474,1.25910643182599,0.0255224703759056,0.503035074583174,NA,0,Not significant
2855,1,ENSG00000263432.2,RN7SL689P,2.1471417185209,0.0328895754870864,0.555298267416535,NA,0,Not significant
2856,1,ENSG00000223652.2,PRDM6-AS1,2.39418054501104,0.0120841286005441,0.853441094115068,NA,0,Not significant
2857,1,ENSG00000288890.1,ENSG00000288890,1.75148310607678,0.0432490051912958,0.370516895443629,NA,0,Not significant
2858,1,ENSG00000235275.3,KRT18P16,3.15052574776237,0.0278354137525559,0.637501414546198,NA,0,Not significant
2859,1,ENSG00000250602.6,ENSG00000250602,1.50222946883212,0.00441909628487998,0.917395628138843,NA,0,Not significant
2860,1,ENSG00000230561.7,CCDC192,1.51460680432029,0.000850270675132939,0.982068608803159,NA,0,Not significant
2861,1,ENSG00000113396.13,SLC27A6,1.86437868972449,0.0631768043372463,0.247361527609755,NA,0,Not significant
2862,1,ENSG00000249312.1,ARL2BPP4,4.99304495087048,-0.0204056813121548,0.797902248066805,NA,0,Not significant
2863,1,ENSG00000197208.6,SLC22A4,3.54727437210243,-0.0722232550319374,0.330229498062875,NA,0,Not significant
2864,1,ENSG00000233006.8,MIR3936HG,3.14204903298561,-0.0355012471803331,0.599434452729474,NA,0,Not significant
2865,1,ENSG00000198944.6,SOWAHA,3.09662492096669,-0.10393647520699,0.0791773323165951,NA,0,Not significant
2866,1,ENSG00000164406.8,LEAP2,1.60907324184326,-0.0109340414746434,0.790067494853407,NA,0,Not significant
2867,1,ENSG00000271737.2,ENSG00000271737,2.07477182499723,-0.0327748103319414,0.511311736874206,NA,0,Not significant
2868,1,ENSG00000271128.1,ENSG00000271128,2.2521679288195,0.0440294082402484,0.392452439807556,NA,0,Not significant
2869,1,ENSG00000006837.12,CDKL3,4.29421186033379,-0.0650134341846234,0.386935523023399,NA,0,Not significant
2870,1,ENSG00000224186.8,PITX1-AS1,3.72636216717705,0.0911135611848002,0.214385095363076,NA,0,Not significant
2871,1,ENSG00000270021.1,ENSG00000270021,2.38812423654682,-0.00206465270671889,0.966738587216961,NA,0,Not significant
2872,1,ENSG00000223539.4,ENSG00000223539,4.08800668998864,0.0244801781182221,0.755134626274719,NA,0,Not significant
2873,1,ENSG00000287067.1,ENSG00000287067,1.35630433011869,0.0209021647332316,0.651479928578443,NA,0,Not significant
2874,1,ENSG00000250159.7,PKD2L2-DT,2.60847181368007,0.0262464110631361,0.678952284954362,NA,0,Not significant
2875,1,ENSG00000280987.4,MATR3,1.44715863521296,-0.00955152204475194,0.814418850298072,NA,0,Not significant
2876,1,ENSG00000170482.17,SLC23A1,2.25566906470248,0.00744649908348019,0.891379822625445,NA,0,Not significant
2877,1,ENSG00000170469.11,SPATA24,4.26073917573812,-0.0370417403653936,0.600264441406378,NA,0,Not significant
2878,1,ENSG00000254363.6,ENSG00000254363,2.49284324328318,0.00551732952015489,0.936674465113766,NA,0,Not significant
2879,1,ENSG00000113070.8,HBEGF,1.48193586171567,-0.0259211557675106,0.610491960297028,NA,0,Not significant
2880,1,ENSG00000240518.2,RPL36P11,3.51860116758908,-0.074408723418084,0.329870512443519,NA,0,Not significant
2881,1,ENSG00000170458.15,CD14,5.07042914377745,0.138699181067668,0.126121562294786,NA,0,Not significant
2882,1,ENSG00000250120.8,PCDHA10,1.56941817292732,0.00367882128881271,0.929824159293672,NA,0,Not significant
2883,1,ENSG00000171815.6,PCDHB1,1.64834295658362,0.00607477271612045,0.885865768858852,NA,0,Not significant
2884,1,ENSG00000113205.5,PCDHB3,2.84989597755018,0.00264685731945738,0.965884112991851,NA,0,Not significant
2885,1,ENSG00000081818.4,PCDHB4,3.66061487287527,-0.0492205142059892,0.481492469939134,NA,0,Not significant
2886,1,ENSG00000113209.9,PCDHB5,4.29697214671706,-0.0617544500991822,0.41993958310932,NA,0,Not significant
2887,1,ENSG00000113211.6,PCDHB6,2.84569041375475,0.0301638165037513,0.631336733938573,NA,0,Not significant
2888,1,ENSG00000120322.4,PCDHB8,4.04397143683914,-0.0260114622715539,0.715872773123666,NA,0,Not significant
2889,1,ENSG00000197479.7,PCDHB11,3.94023674182965,0.0207112609174751,0.788779948668562,NA,0,Not significant
2890,1,ENSG00000120328.6,PCDHB12,3.5486029643847,-0.0457496955502701,0.532607998214791,NA,0,Not significant
2891,1,ENSG00000113248.6,PCDHB15,3.96259328372108,-0.0860209081662382,0.266666391661698,NA,0,Not significant
2892,1,ENSG00000120329.7,SLC25A2,1.60225357366894,0.0201109174338752,0.686091485064943,NA,0,Not significant
2893,1,ENSG00000253767.3,PCDHGA8,4.21967039199471,-0.0788247528241076,0.288982976497139,NA,0,Not significant
2894,1,ENSG00000276545.1,PCDHGB9P,1.34581217690421,-0.0308362262608647,0.485840151724745,NA,0,Not significant
2895,1,ENSG00000242419.6,PCDHGC4,1.86352769056086,-0.0029685630419927,0.957462336263613,NA,0,Not significant
2896,1,ENSG00000156453.14,PCDH1,2.56910350000827,-0.082243627457082,0.11003122065816,NA,0,Not significant
2897,1,ENSG00000289306.1,ENSG00000289306,1.63238599123941,-0.00927399742848744,0.837209936608246,NA,0,Not significant
2898,1,ENSG00000231185.9,SPRY4-AS1,2.57820666316037,9.58947310954222e-05,0.998614833248979,NA,0,Not significant
2899,1,ENSG00000156463.18,SH3RF2,3.11457059471364,0.0474184766944084,0.490141295901492,NA,0,Not significant
2900,1,ENSG00000247199.6,FBXO38-DT,4.61926557614602,-0.0202789995952996,0.807843417446644,NA,0,Not significant
2901,1,ENSG00000169252.6,ADRB2,2.22925690592007,-0.0308323257014519,0.606314433707303,NA,0,Not significant
2902,1,ENSG00000169247.14,SH3TC2,5.60524189460943,0.0865838179241141,0.290367607173795,NA,0,Not significant
2903,1,ENSG00000155846.17,PPARGC1B,1.19796243163261,0.00457892833395471,0.901547949230985,NA,0,Not significant
2904,1,ENSG00000182578.14,CSF1R,1.347587929679,0.00556575198295588,0.893186697446333,NA,0,Not significant
2905,1,ENSG00000113722.18,CDX1,2.85538366807915,-0.0401938538404916,0.519641817143484,NA,0,Not significant
2906,1,ENSG00000070808.17,CAMK2A,5.47538354966436,-0.245855552215519,0.0313363833344187,NA,0,Not significant
2907,1,ENSG00000164591.14,MYOZ3,2.62871975338289,-0.0070840877043712,0.912014431410904,NA,0,Not significant
2908,1,ENSG00000291115.1,ZNF300P1,3.83544665789505,0.0414423177137845,0.593075111997621,NA,0,Not significant
2909,1,ENSG00000086570.13,FAT2,1.40337502126209,0.0260413071568269,0.50423557543266,NA,0,Not significant
2910,1,ENSG00000271795.1,ENSG00000271795,1.58660716771892,-0.00114287516526117,0.978193243406498,NA,0,Not significant
2911,1,ENSG00000249035.7,CLMAT3,1.99411286601494,0.0409616924187518,0.408143437182724,NA,0,Not significant
2912,1,ENSG00000253921.1,ATOX1-AS1,1.52479213795629,0.0891639186335152,0.0493312558175389,NA,0,Not significant
2913,1,ENSG00000226650.6,KIF4B,5.00070446805555,0.0133713156123152,0.872717092163172,NA,0,Not significant
2914,1,ENSG00000271477.1,ENSG00000271477,1.23553043036761,-0.040247550866191,0.369234875679587,NA,0,Not significant
2915,1,ENSG00000113249.14,HAVCR1,2.45343515577021,-0.00452246880110544,0.944821997608011,NA,0,Not significant
2916,1,ENSG00000135077.10,HAVCR2,3.33778047527308,-0.0508051143623705,0.48696149120566,NA,0,Not significant
2917,1,ENSG00000253630.1,ENSG00000253630,4.62773808687581,0.157367333181023,0.0780568325588834,NA,0,Not significant
2918,1,ENSG00000253422.1,ENSG00000253422,4.42883842946429,-0.0903868597290435,0.289194923014805,NA,0,Not significant
2919,1,ENSG00000135083.17,CCNJL,2.3238817654959,-0.013004730919981,0.822415736040632,NA,0,Not significant
2920,1,ENSG00000145934.17,TENM2,2.31185495200143,0.117261647009731,0.0524128337456548,NA,0,Not significant
2921,1,ENSG00000188573.8,FBLL1,2.94541461414398,-0.00989317652545933,0.883420716494789,NA,0,Not significant
2922,1,ENSG00000254192.1,ENSG00000254192,1.7298277084119,-0.0203960376998008,0.717603390666489,NA,0,Not significant
2923,1,ENSG00000204764.14,RANBP17,2.85987524657841,0.072143429994684,0.238887912293204,NA,0,Not significant
2924,1,ENSG00000206909.1,SNORA70J,1.35384158715546,-0.0201107729218434,0.630253717539467,NA,0,Not significant
2925,1,ENSG00000253736.5,ENSG00000253736,1.89810786748407,0.0182060937096874,0.726995773257139,NA,0,Not significant
2926,1,ENSG00000204758.8,RPL26L1-AS1,4.40402154912084,0.00803487377043311,0.913750762837292,NA,0,Not significant
2927,1,ENSG00000251144.1,ENSG00000251144,1.26044264435006,0.00961570333054706,0.814666121631365,NA,0,Not significant
2928,1,ENSG00000248293.1,ENSG00000248293,1.9386643191981,-0.0456820425945173,0.328556680146982,NA,0,Not significant
2929,1,ENSG00000289731.1,ENSG00000289731,2.32644258221936,-0.0454519982348928,0.455541548628023,NA,0,Not significant
2930,1,ENSG00000251414.1,ENSG00000251414,2.23028215285678,-0.0415155980169205,0.385157577430195,NA,0,Not significant
2931,1,ENSG00000239393.1,ENSG00000239393,2.80678637378237,0.0485404170177779,0.470769914433503,NA,0,Not significant
2932,1,ENSG00000131187.11,F12,2.57819490970171,-0.0238007427466745,0.695600327903946,NA,0,Not significant
2933,1,ENSG00000246334.3,PRR7-AS1,1.36480334937676,-0.0155447391739149,0.731620317924814,NA,0,Not significant
2934,1,ENSG00000131188.12,PRR7,4.97124634868613,-0.0282686079142479,0.710328398860762,NA,0,Not significant
2935,1,ENSG00000272459.1,FAM193B-DT,1.40011131488265,0.0363869437643783,0.476170138287228,NA,0,Not significant
2936,1,ENSG00000246596.8,ENSG00000246596,2.20764739850874,-0.0219309950360092,0.610516998351584,NA,0,Not significant
2937,1,ENSG00000170074.21,FAM153A,1.72907030023494,-0.0230717843754416,0.671826378973654,NA,0,Not significant
2938,1,ENSG00000249684.6,ENSG00000249684,1.24647759773424,-0.00731857969103557,0.871035407150351,NA,0,Not significant
2939,1,ENSG00000204677.13,FAM153CP,3.01326574719449,0.0119813045532315,0.838248601586353,NA,0,Not significant
2940,1,ENSG00000252464.1,RN7SKP70,1.87154229891241,-0.0135221338801131,0.800692485707398,NA,0,Not significant
2941,1,ENSG00000250420.9,AACSP1,5.96578281641932,-0.00629974407865165,0.943577493563521,NA,0,Not significant
2942,1,ENSG00000253725.1,ENSG00000253725,1.84810103865373,-0.0319000970493569,0.545599871233604,NA,0,Not significant
2943,1,ENSG00000178187.8,ZNF454,3.98877988388592,-0.0557283150238363,0.450236372574925,NA,0,Not significant
2944,1,ENSG00000290043.1,ENSG00000290043,4.94880575807962,-0.0477262207585227,0.570766890862563,NA,0,Not significant
2945,1,ENSG00000249140.1,PRDX2P3,5.65002393720503,-0.126574091073201,0.193204915960042,NA,0,Not significant
2946,1,ENSG00000244945.1,RUFY1-AS1,2.23032198765325,0.0351975367842085,0.507126372687283,NA,0,Not significant
2947,1,ENSG00000250999.2,ENSG00000250999,2.76349018040321,0.0196710536156533,0.757035668579496,NA,0,Not significant
2948,1,ENSG00000213316.10,LTC4S,1.95453134450151,-0.0851144079511642,0.137612445303594,NA,0,Not significant
2949,1,ENSG00000245317.2,MRNIP-DT,5.65840559815564,0.0915237614409764,0.327168028398847,NA,0,Not significant
2950,1,ENSG00000250749.1,ENSG00000250749,3.48658771542347,0.033852424497337,0.639038382558908,NA,0,Not significant
2951,1,ENSG00000037280.16,FLT4,1.46298700082479,0.0105523724495779,0.783727903563207,NA,0,Not significant
2952,1,ENSG00000248761.1,ENSG00000248761,3.36497407490442,-0.0601553731228407,0.413243588544345,NA,0,Not significant
2953,1,ENSG00000250222.4,TRIM7-AS2,1.5780173143192,-0.079450764905614,0.112513249066987,NA,0,Not significant
2954,1,ENSG00000146054.18,TRIM7,3.58047854328746,0.00482980439251347,0.94970813890413,NA,0,Not significant
2955,1,ENSG00000233937.9,CTC-338M12.4,4.02867245553772,0.023618163478664,0.765922826091987,NA,0,Not significant
2956,1,ENSG00000274525.1,ENSG00000274525,2.23421746490807,-0.00506391406090719,0.921630046223444,NA,0,Not significant
2957,1,ENSG00000213285.4,RPL23AP45,3.48973366769208,-0.0344661852996756,0.62969254718692,NA,0,Not significant
2958,1,ENSG00000286364.1,ENSG00000286364,4.99317024293419,0.124916095854176,0.132851560099183,NA,0,Not significant
2959,1,ENSG00000272463.2,ENSG00000272463,3.82312861545481,0.0568595287590587,0.410251827696542,NA,0,Not significant
2960,1,ENSG00000286785.1,LINC01622,3.46297075442702,-0.0622085381661385,0.408565755991201,NA,0,Not significant
2961,1,ENSG00000281809.1,LINC01394,3.87058205565522,0.0208796321130286,0.780052461577986,NA,0,Not significant
2962,1,ENSG00000280916.4,FOXCUT,4.44667046726317,-0.0621936681767756,0.46648346077652,NA,0,Not significant
2963,1,ENSG00000236086.4,HMGN2P28,2.47307716110885,-0.0254162501961739,0.606889821309382,NA,0,Not significant
2964,1,ENSG00000244041.7,LINC01011,3.23688010773513,-0.0201895645584055,0.773446291117026,NA,0,Not significant
2965,1,ENSG00000271361.1,HTATSF1P2,1.22403988017368,-0.00541085132623429,0.919754473407995,NA,0,Not significant
2966,1,ENSG00000288612.1,ENSG00000288612,1.84645668403869,-0.0483746728823175,0.335606034241805,NA,0,Not significant
2967,1,ENSG00000216819.1,TUBB2BP1,2.44037686617773,-0.0878902186485574,0.169337919118163,NA,0,Not significant
2968,1,ENSG00000219992.2,ENSG00000219992,4.15063305686435,0.0472405572286831,0.464075100036067,NA,0,Not significant
2969,1,ENSG00000218472.2,ENSG00000218472,2.17757565371859,-0.0121155142099113,0.83056326064407,NA,0,Not significant
2970,1,ENSG00000288904.2,ENSG00000288904,1.60905256500326,0.0132815068031613,0.783356122056752,NA,0,Not significant
2971,1,ENSG00000234817.2,ECI2-DT,1.37383071540382,-0.0243998692684536,0.582875471383827,NA,0,Not significant
2972,1,ENSG00000216307.2,ENSG00000216307,1.57558710557857,-0.0549673694284233,0.22355327147291,NA,0,Not significant
2973,1,ENSG00000270695.1,ENSG00000270695,1.35326894934469,0.00417869302438738,0.926785614163879,NA,0,Not significant
2974,1,ENSG00000271978.2,ENSG00000271978,4.36708446874272,-0.0495608603896934,0.522914076312232,NA,0,Not significant
2975,1,ENSG00000216360.1,ENSG00000216360,4.47730276058498,0.106856455066044,0.192667730650963,NA,0,Not significant
2976,1,ENSG00000124785.9,NRN1,1.89981356688115,-0.0202406492412485,0.718197922413597,NA,0,Not significant
2977,1,ENSG00000216863.11,LY86-AS1,2.62762574488932,0.0336069104803208,0.542207743133367,NA,0,Not significant
2978,1,ENSG00000285219.4,HULC,5.2705898925721,0.0789649599972451,0.391594891067065,NA,0,Not significant
2979,1,ENSG00000285763.1,ENSG00000285763,1.72004054197368,-0.0476589827595813,0.343889748331605,NA,0,Not significant
2980,1,ENSG00000137434.12,C6orf52,1.22046803170328,-0.0485487719795921,0.242759734356679,NA,0,Not significant
2981,1,ENSG00000111837.12,MAK,2.36670486358409,0.0255816259162061,0.626254476340167,NA,0,Not significant
2982,1,ENSG00000111863.13,ADTRP,1.36774245891192,-0.000927685028905142,0.974092018288318,NA,0,Not significant
2983,1,ENSG00000078401.7,EDN1,3.47708080092837,-0.024758778630186,0.740931330949533,NA,0,Not significant
2984,1,ENSG00000215022.8,ENSG00000215022,1.8604457826994,0.0126722672179446,0.811538318311684,NA,0,Not significant
2985,1,ENSG00000216364.1,MRPL42P2,2.62146743501972,-0.00374123213190984,0.952353684402783,NA,0,Not significant
2986,1,ENSG00000272269.2,NUP153-AS1,1.83082616476419,-0.00717118251759492,0.894336716008194,NA,0,Not significant
2987,1,ENSG00000217379.2,RPL21P61,1.71483820452129,-0.00897227465145746,0.871548481643766,NA,0,Not significant
2988,1,ENSG00000218643.2,RPL5P20,4.96999567285861,0.0134475020250892,0.871736036367467,NA,0,Not significant
2989,1,ENSG00000214012.4,KRT18P38,1.65852182425053,0.0377887905735374,0.41003248113006,NA,0,Not significant
2990,1,ENSG00000217314.2,UQCRFS1P3,4.08275765982877,0.0278977426048547,0.726228789499621,NA,0,Not significant
2991,1,ENSG00000260455.2,NBAT1,3.59537395668163,-0.25760249310925,0.004518224197556,NA,0,Not significant
2992,1,ENSG00000218476.2,RPL6P18,1.32862973263268,-0.0237734566995748,0.571853537430294,NA,0,Not significant
2993,1,ENSG00000146038.12,DCDC2,1.26394082066184,-0.00467468875689869,0.917871386348307,NA,0,Not significant
2994,1,ENSG00000112293.15,GPLD1,1.31934192524777,-0.0616097258869672,0.104869960189868,NA,0,Not significant
2995,1,ENSG00000137261.15,KIAA0319,1.57157888647655,-0.0628789265383762,0.116167045299729,NA,0,Not significant
2996,1,ENSG00000180596.9,H2BC4,4.35013590337477,-0.147570831811114,0.074907945663381,NA,0,Not significant
2997,1,ENSG00000274290.3,H2BC6,1.60389532104658,-0.020868282417307,0.584820235146005,NA,0,Not significant
2998,1,ENSG00000277224.3,H2BC7,1.38254376001155,-0.00348406334590434,0.922875884566747,NA,0,Not significant
2999,1,ENSG00000273802.3,H2BC8,1.37250306165028,0.0166716865889246,0.689488349778652,NA,0,Not significant
3000,1,ENSG00000124549.17,BTN2A3P,4.90278695596696,-0.0153238977811068,0.835396949083435,NA,0,Not significant
3001,1,ENSG00000290474.1,GUSBP2,1.87570073311556,-0.0213012571186499,0.665264173986991,NA,0,Not significant
3002,1,ENSG00000224843.8,LINC00240,2.50069790360242,-0.0337078426439332,0.570323754271114,NA,0,Not significant
3003,1,ENSG00000272468.1,ENSG00000272468,1.53251742115824,0.019526160000361,0.685717218103635,NA,0,Not significant
3004,1,ENSG00000196787.4,H2AC11,2.8717890204626,-0.0774483802381508,0.235884949696272,NA,0,Not significant
3005,1,ENSG00000274997.2,H2AC12,3.50330286632954,0.104665950719444,0.167507759340195,NA,0,Not significant
3006,1,ENSG00000291112.1,ENSG00000291112,2.6035844295256,-0.0532573795326291,0.379546242144655,NA,0,Not significant
3007,1,ENSG00000271755.1,ENSG00000271755,2.49688222397521,-0.0138431949366874,0.8086275921534,NA,0,Not significant
3008,1,ENSG00000286652.1,ENSG00000286652,1.60954991580611,-0.0120126641451109,0.807043294736925,NA,0,Not significant
3009,1,ENSG00000270666.1,ENSG00000270666,3.72059664104987,-0.0247142977141645,0.750078135005807,NA,0,Not significant
3010,1,ENSG00000196747.5,H2AC13,3.63601500252171,0.0314467933603721,0.668608348121734,NA,0,Not significant
3011,1,ENSG00000278828.2,H3C10,3.03122135024368,-0.0261679209710403,0.646985453132411,NA,0,Not significant
3012,1,ENSG00000276368.2,H2AC14,2.79408092447413,0.0761079972804539,0.269470890635473,NA,0,Not significant
3013,1,ENSG00000275221.2,H2AC15,3.88332245794851,0.0286678676577614,0.696476477134145,NA,0,Not significant
3014,1,ENSG00000233822.6,H2BC15,4.71960057991882,-0.00354098600279744,0.960170650341275,NA,0,Not significant
3015,1,ENSG00000274641.2,H2BC17,4.51568030657573,-0.00617775572827594,0.938488572116499,NA,0,Not significant
3016,1,ENSG00000197279.5,ZNF165,1.6227884769788,-0.0254997801801154,0.582151087352774,NA,0,Not significant
3017,1,ENSG00000196812.6,ZSCAN16,4.64970307157152,0.0636893246669857,0.446706839660398,NA,0,Not significant
3018,1,ENSG00000286819.2,ENSG00000286819,2.51327633733594,-0.0234022852190304,0.712176051019778,NA,0,Not significant
3019,1,ENSG00000232040.4,SCAND3,1.26778907945454,0.0122426428149502,0.729472560019203,NA,0,Not significant
3020,1,ENSG00000228666.1,KRT18P1,1.27207041252888,0.0261353608229104,0.500246155153041,NA,0,Not significant
3021,1,ENSG00000204695.4,OR14J1,1.22123399865077,-0.0237167715841312,0.539281270519921,NA,0,Not significant
3022,1,ENSG00000231301.1,RPL13AP,3.50635665178583,-0.0411612580848611,0.560939629878537,NA,0,Not significant
3023,1,ENSG00000233916.1,ZDHHC20P1,1.33621305211313,-0.0408701752667715,0.327855254374347,NA,0,Not significant
3024,1,ENSG00000204642.14,HLA-F,4.63785683969735,0.067152788880601,0.437149695766842,NA,0,Not significant
3025,1,ENSG00000273340.1,MICE,1.87581093999936,-0.0250689095320801,0.588463567027993,NA,0,Not significant
3026,1,ENSG00000204632.13,HLA-G,5.23598613645757,-0.0190491325775298,0.816531297633742,NA,0,Not significant
3027,1,ENSG00000290870.1,ENSG00000290870,1.65475329081144,-0.00617939053113389,0.909920018411557,NA,0,Not significant
3028,1,ENSG00000230521.1,ENSG00000230521,1.27623109061441,0.0154807911942692,0.724902396675474,NA,0,Not significant
3029,1,ENSG00000237669.1,ENSG00000237669,2.07640946794835,0.00146141461663891,0.966260866854208,NA,0,Not significant
3030,1,ENSG00000204618.10,RNF39,3.75446086740007,-0.00402106391735206,0.956872185323291,NA,0,Not significant
3031,1,ENSG00000241370.6,RPP21,2.79218042851397,-0.0284724241803861,0.64333942536624,NA,0,Not significant
3032,1,ENSG00000229068.1,TMPOP1,1.62880202469953,0.00663883566156561,0.887706166498918,NA,0,Not significant
3033,1,ENSG00000213780.11,GTF2H4,2.64534351486154,0.067027228217862,0.304649730875886,NA,0,Not significant
3034,1,ENSG00000137411.19,VARS2,1.76093491534095,0.0518487538332992,0.319594850582885,NA,0,Not significant
3035,1,ENSG00000204540.11,PSORS1C1,5.31915168875624,-0.0574769628186267,0.519415709519987,NA,0,Not significant
3036,1,ENSG00000204531.21,POU5F1,1.38489231174095,0.0150283675859167,0.737919468900777,NA,0,Not significant
3037,1,ENSG00000272501.1,ENSG00000272501,3.4319038508292,-0.0685372337762168,0.353245121480846,NA,0,Not significant
3038,1,ENSG00000206344.8,HCG27,1.98615876784064,-0.001540671741487,0.977378632971916,NA,0,Not significant
3039,1,ENSG00000272221.1,ENSG00000272221,5.58062145618898,0.106551167938343,0.243427142635758,NA,0,Not significant
3040,1,ENSG00000206337.12,HCP5,3.89990538792375,-0.0249063477412511,0.688087468666374,NA,0,Not significant
3041,1,ENSG00000286940.1,MICB-DT,3.93863029831164,0.011529242934261,0.89106300771395,NA,0,Not significant
3042,1,ENSG00000201207.1,Y_RNA,1.23681124964277,-0.0120602006969861,0.768368965492447,NA,0,Not significant
3043,1,ENSG00000204396.11,VWA7,5.12307785650365,-0.0974989288906223,0.273459370294661,NA,0,Not significant
3044,1,ENSG00000289829.1,ENSG00000289829,1.60567036871046,-0.0116406350856871,0.793403531975616,NA,0,Not significant
3045,1,ENSG00000286974.1,ENSG00000286974,1.50934262044193,-0.00464213891140781,0.932032009390617,NA,0,Not significant
3046,1,ENSG00000258388.7,PPT2-EGFL8,2.3690643025174,0.040789242697712,0.469710004844187,NA,0,Not significant
3047,1,ENSG00000241404.7,EGFL8,5.94015172159801,0.0294672926920039,0.743226788992768,NA,0,Not significant
3048,1,ENSG00000204301.6,NOTCH4,2.22495209471876,0.0285852245572691,0.642600468195901,NA,0,Not significant
3049,1,ENSG00000225914.5,TSBP1-AS1,4.43629795823477,-0.137033281861284,0.0843313205601527,NA,0,Not significant
3050,1,ENSG00000235040.1,MTCO3P1,3.08737208496612,0.00184446440063491,0.953547202786546,NA,0,Not significant
3051,1,ENSG00000204261.9,PSMB8-AS1,1.93085805098664,-0.0234834780699516,0.620112498406725,NA,0,Not significant
3052,1,ENSG00000234515.1,PPP1R2P1,4.36093987615435,-0.0183038891113035,0.825236827433442,NA,0,Not significant
3053,1,ENSG00000224796.1,RPL32P1,1.62265017648017,0.00497895676974352,0.886089933103601,NA,0,Not significant
3054,1,ENSG00000204248.12,COL11A2,4.39603024329074,-0.10259437841172,0.2055496034385,NA,0,Not significant
3055,1,ENSG00000289975.1,ENSG00000289975,2.23750406196375,-0.0234247503641504,0.680857265714835,NA,0,Not significant
3056,1,ENSG00000232940.8,HCG25,5.70110574980177,-0.00355761396449009,0.967488461183473,NA,0,Not significant
3057,1,ENSG00000225644.1,RPL35AP4,3.00627654481874,-0.0166085535342864,0.812666865935277,NA,0,Not significant
3058,1,ENSG00000237649.8,KIFC1,5.15290559885032,-0.0663152450310049,0.39862059907744,NA,0,Not significant
3059,1,ENSG00000225339.4,ENSG00000225339,2.71356438102433,0.00728345114654758,0.904182714705423,NA,0,Not significant
3060,1,ENSG00000272288.8,ILRUN-AS1,3.08310269384073,-0.0907674408142336,0.207400312403964,NA,0,Not significant
3061,1,ENSG00000272374.1,SCUBE3-AS1,5.60579590828795,0.00277959163555834,0.977405110896335,NA,0,Not significant
3062,1,ENSG00000023892.12,DEF6,1.7670167824566,0.0108417943387617,0.838571998769305,NA,0,Not significant
3063,1,ENSG00000157343.9,ARMC12,2.59646765481604,-0.0403316820339448,0.531594800541626,NA,0,Not significant
3064,1,ENSG00000197753.11,LHFPL5,3.47535795182527,-0.0552832205018577,0.451885289851683,NA,0,Not significant
3065,1,ENSG00000112053.14,SLC26A8,2.22981688053379,0.0066243631934963,0.911291119870854,NA,0,Not significant
3066,1,ENSG00000246982.7,BRPF3-AS1,2.67095393191396,-0.119227203516774,0.0764279359641795,NA,0,Not significant
3067,1,ENSG00000010030.14,ETV7,2.4606476270599,-0.0127128233432497,0.844742533268425,NA,0,Not significant
3068,1,ENSG00000281450.1,PANDAR,1.24715602915215,-0.0122510572276308,0.654818812860224,NA,0,Not significant
3069,1,ENSG00000124772.12,CPNE5,3.92280911170854,0.0728428977778868,0.332492374229312,NA,0,Not significant
3070,1,ENSG00000219273.1,ENSG00000219273,4.67310114120178,0.0334682414417637,0.692219219143996,NA,0,Not significant
3071,1,ENSG00000164627.18,KIF6,4.03741183883094,0.0096894646198727,0.894627821212791,NA,0,Not significant
3072,1,ENSG00000231276.2,E2F4P1,2.85475343546023,-0.0761297336439241,0.233229724376534,NA,0,Not significant
3073,1,ENSG00000281969.1,ENSG00000281969,1.395433691668,0.0517973117691202,0.242373534879453,NA,0,Not significant
3074,1,ENSG00000235033.7,DAAM2-AS1,3.39934592674164,0.0681538995862122,0.36452013793627,NA,0,Not significant
3075,1,ENSG00000161912.19,ADCY10P1,1.47277300589436,-0.0118390344243947,0.823943744861776,NA,0,Not significant
3076,1,ENSG00000290554.1,ADCY10P1,2.21143093731451,-0.0196716670333476,0.744403382771769,NA,0,Not significant
3077,1,ENSG00000124593.16,ENSG00000124593,3.59138876315482,0.0023817098755743,0.976624739230676,NA,0,Not significant
3078,1,ENSG00000288721.1,ENSG00000288721,1.35711874639385,-0.049855234898856,0.239706651603311,NA,0,Not significant
3079,1,ENSG00000112599.9,GUCA1B,2.71082353965721,-0.0942843203962663,0.111669676145718,NA,0,Not significant
3080,1,ENSG00000287825.3,ENSG00000287825,2.73318917147889,-0.0125220777978878,0.847575889008799,NA,0,Not significant
3081,1,ENSG00000231113.2,LINC02976,3.33906946933503,-0.0401288121164145,0.58219236326496,NA,0,Not significant
3082,1,ENSG00000124713.6,GNMT,1.87144514862682,0.0140973851598006,0.798756362062663,NA,0,Not significant
3083,1,ENSG00000290049.1,ENSG00000290049,1.30750224389367,-0.071712353536366,0.103915065853747,NA,0,Not significant
3084,1,ENSG00000179157.4,RPS2P28,3.47016956939078,0.0527789881013346,0.491310914321109,NA,0,Not significant
3085,1,ENSG00000171462.15,DLK2,4.63775615869972,0.0696930670967665,0.362877780277676,NA,0,Not significant
3086,1,ENSG00000172426.16,RSPH9,3.16964650346834,-0.00850941822474537,0.899472434750113,NA,0,Not significant
3087,1,ENSG00000218107.1,ENSG00000218107,4.54227896730493,-0.070172325003517,0.394833922796744,NA,0,Not significant
3088,1,ENSG00000231881.2,ENSG00000231881,3.71340609683867,-0.0187075444702989,0.781028564252177,NA,0,Not significant
3089,1,ENSG00000146221.10,TCTE1,2.28472038151076,-0.0146944380797985,0.777758484435521,NA,0,Not significant
3090,1,ENSG00000230062.7,ANKRD66,5.29165010817777,-0.0983322349907692,0.266755350139546,NA,0,Not significant
3091,1,ENSG00000069122.19,ADGRF5,2.25140606292391,-0.00818318738624181,0.890572557642533,NA,0,Not significant
3092,1,ENSG00000216616.1,ENSG00000216616,1.49009914691187,-0.00719566955983972,0.884039669375083,NA,0,Not significant
3093,1,ENSG00000218337.1,ENSG00000218337,2.95675848295169,-0.0302137953644545,0.648329177738894,NA,0,Not significant
3094,1,ENSG00000218713.1,ENSG00000218713,1.63247718999187,0.0315155226469003,0.555975960354083,NA,0,Not significant
3095,1,ENSG00000271338.1,ENSG00000271338,2.38240184382818,0.0232231183222943,0.695320843191063,NA,0,Not significant
3096,1,ENSG00000218143.2,ERHP2,1.70090451848242,-0.00307803364360731,0.959870378803407,NA,0,Not significant
3097,1,ENSG00000218980.2,FTH1P15,3.87230124153544,0.0274957995140671,0.703016782887729,NA,0,Not significant
3098,1,ENSG00000226803.9,ZNF451-AS1,4.33947180223369,-0.0526397497548337,0.481126646202636,NA,0,Not significant
3099,1,ENSG00000239650.4,GUSBP4,2.78536535718,-0.0248811889658045,0.688470130072381,NA,0,Not significant
3100,1,ENSG00000225096.3,ENSG00000225096,1.71579505451194,-0.0533946165974051,0.259383416672901,NA,0,Not significant
3101,1,ENSG00000214563.2,GAPDHP15,4.38417290019688,0.0565412213849953,0.482055640265151,NA,0,Not significant
3102,1,ENSG00000225121.2,EEF1B2P5,5.74635382584588,-0.0198048167868562,0.804700925076474,NA,0,Not significant
3103,1,ENSG00000112245.13,PTP4A1,1.4890478268878,-0.0154400865268422,0.766249386296955,NA,0,Not significant
3104,1,ENSG00000266680.1,ENSG00000266680,4.83935418404151,-0.0663352272171508,0.414802580834902,NA,0,Not significant
3105,1,ENSG00000270509.1,ENSG00000270509,3.21858004361377,-0.0841510506881047,0.253852943847353,NA,0,Not significant
3106,1,ENSG00000217767.2,NDUFAB1P1,3.22956222250322,0.0329605733801662,0.567007961585999,NA,0,Not significant
3107,1,ENSG00000239626.1,RPSAP41,1.95576051976088,0.0294445473873047,0.591615609420114,NA,0,Not significant
3108,1,ENSG00000224221.1,RPS6P8,5.89882553381543,0.00467695338922378,0.954343805250229,NA,0,Not significant
3109,1,ENSG00000080007.8,DDX43,3.92358692270481,-0.152691326038206,0.057569172381915,NA,0,Not significant
3110,1,ENSG00000231652.2,CD109-AS1,3.10502383314507,0.0093201092842241,0.807794739599892,NA,0,Not significant
3111,1,ENSG00000225793.5,TMEM30A-DT,3.32320769045384,-0.0950461546580089,0.179168683357575,NA,0,Not significant
3112,1,ENSG00000252498.1,RNU6-1016P,1.36664786370841,-0.038345546129655,0.366698540390131,NA,0,Not significant
3113,1,ENSG00000112706.12,IMPG1,2.52341367512491,0.0316597621039535,0.564648944848082,NA,0,Not significant
3114,1,ENSG00000231762.1,ENSG00000231762,3.8947778505299,0.0300500623198197,0.682386176631241,NA,0,Not significant
3115,1,ENSG00000135312.7,HTR1B,1.52936317306805,0.0714018309911438,0.129164050897952,NA,0,Not significant
3116,1,ENSG00000270362.2,HMGN3-AS1,3.58689665890092,-0.0333373784831154,0.664441563557433,NA,0,Not significant
3117,1,ENSG00000217786.1,ENSG00000217786,3.01198690401891,0.0171928242490308,0.770834605732659,NA,0,Not significant
3118,1,ENSG00000287811.3,ENSG00000287811,2.20166695666645,-0.0339254316006001,0.520359652881408,NA,0,Not significant
3119,1,ENSG00000112742.10,TTK,3.54581410211561,-0.0496074290283843,0.428138892152357,NA,0,Not significant
3120,1,ENSG00000233967.7,ENSG00000233967,4.8024380888232,0.0335801468163777,0.692575534555618,NA,0,Not significant
3121,1,ENSG00000228290.7,TBX18-AS1,1.95841741704822,0.00637385971524192,0.905944925031939,NA,0,Not significant
3122,1,ENSG00000216439.1,DUTP5,4.02246033225803,0.0378311808114788,0.626955104134869,NA,0,Not significant
3123,1,ENSG00000219190.1,ENSG00000219190,1.47089878741742,0.0294592240637203,0.453227171488153,NA,0,Not significant
3124,1,ENSG00000272008.1,ENSG00000272008,5.19083538292997,0.0425178347764336,0.592375656519106,NA,0,Not significant
3125,1,ENSG00000203872.7,C6orf163,3.13117423463806,0.0429007203532881,0.540039872889323,NA,0,Not significant
3126,1,ENSG00000213204.8,ENSG00000213204,2.09233756229283,-0.0456362047246937,0.423132223375022,NA,0,Not significant
3127,1,ENSG00000216324.1,ENSG00000216324,2.13953856908225,0.046873120729191,0.44623975654567,NA,0,Not significant
3128,1,ENSG00000218698.1,ST13P16,4.54376989985372,0.014447738355485,0.864677329522283,NA,0,Not significant
3129,1,ENSG00000220960.1,ENSG00000220960,5.49025198612344,0.0129430561344541,0.880830677292035,NA,0,Not significant
3130,1,ENSG00000154548.9,SRSF12,2.93824840999565,-0.0786562584813453,0.26585386455716,NA,0,Not significant
3131,1,ENSG00000111886.11,GABRR2,2.48126970128853,0.0599356411477973,0.323777991296678,NA,0,Not significant
3132,1,ENSG00000025039.15,RRAGD,1.72084681225241,0.0202703824143425,0.711710579649998,NA,0,Not significant
3133,1,ENSG00000219387.2,ATF1P1,2.46993308663849,-0.0251160977961812,0.673509439046328,NA,0,Not significant
3134,1,ENSG00000220370.1,ENSG00000220370,4.56109887094855,0.104344472631878,0.194343041926703,NA,0,Not significant
3135,1,ENSG00000261366.1,MANEA-DT,4.62395511396316,-0.0385884078031021,0.64646457429697,NA,0,Not significant
3136,1,ENSG00000271042.1,ENSG00000271042,4.36749189982194,0.0515922016684256,0.433789249726106,NA,0,Not significant
3137,1,ENSG00000146267.12,FAXC,1.71228062691383,-0.000641571698350972,0.989507648908144,NA,0,Not significant
3138,1,ENSG00000260000.3,ENSG00000260000,2.79880698255476,-0.0320255265871025,0.577230932294924,NA,0,Not significant
3139,1,ENSG00000219757.1,ENSG00000219757,4.19918112444855,-0.0356034978444582,0.660002358631123,NA,0,Not significant
3140,1,ENSG00000203808.13,BVES-AS1,4.51504940195509,0.0453388362041577,0.529211246789985,NA,0,Not significant
3141,1,ENSG00000219902.1,RPL35P3,2.00135351547046,0.00738662401447486,0.840729051927789,NA,0,Not significant
3142,1,ENSG00000219088.1,ENSG00000219088,5.76806478733499,0.0278786882177942,0.726979182256482,NA,0,Not significant
3143,1,ENSG00000272398.6,CD24,1.22390513897399,-0.051345927929035,0.247466309956523,NA,0,Not significant
3144,1,ENSG00000272476.1,ENSG00000272476,4.17545306055081,0.085920140249462,0.260659972048883,NA,0,Not significant
3145,1,ENSG00000231112.1,MTHFD2P3,3.38987973836678,-0.01329577067844,0.848506569848198,NA,0,Not significant
3146,1,ENSG00000203799.14,CCDC162P,2.35387658767865,0.016088762963047,0.787279692315455,NA,0,Not significant
3147,1,ENSG00000203797.12,DDO,4.30849427981284,-0.0662228826455648,0.381160636682383,NA,0,Not significant
3148,1,ENSG00000241162.3,RN7SL617P,1.34408897598231,-0.0157194101141966,0.700661447960103,NA,0,Not significant
3149,1,ENSG00000217041.1,ENSG00000217041,3.77066701570649,0.00822338521666271,0.900808259471252,NA,0,Not significant
3150,1,ENSG00000272356.1,ENSG00000272356,5.1604749964067,0.0664749525372932,0.449168335122633,NA,0,Not significant
3151,1,ENSG00000216663.3,ENSG00000216663,1.72065309913194,-0.00059099646740749,0.98962134725993,NA,0,Not significant
3152,1,ENSG00000217770.1,FEM1AP3,5.41059848424279,0.0848037914286151,0.34007580564126,NA,0,Not significant
3153,1,ENSG00000228624.8,HDAC2-AS2,2.01831284986715,-0.00450931245200241,0.928173759070158,NA,0,Not significant
3154,1,ENSG00000123500.10,COL10A1,3.60361840475495,-0.00349612782708984,0.960096740149018,NA,0,Not significant
3155,1,ENSG00000218428.1,NIP7P3,2.09827173699376,0.0106729070555302,0.854304395579742,NA,0,Not significant
3156,1,ENSG00000218153.2,KRT18P22,1.25216949181184,0.0403924510512225,0.357955851718022,NA,0,Not significant
3157,1,ENSG00000183807.8,FAM162B,1.63025498183547,0.0168569722159027,0.727892721171735,NA,0,Not significant
3158,1,ENSG00000289372.2,ENSG00000289372,1.23939044261897,0.00935013578825071,0.840199874399084,NA,0,Not significant
3159,1,ENSG00000169075.7,BRD7P3,5.14469882935565,-0.0117418771426252,0.889022952732824,NA,0,Not significant
3160,1,ENSG00000198523.6,PLN,1.63899098939345,-0.0188115305220481,0.623393155002092,NA,0,Not significant
3161,1,ENSG00000253194.2,ENSG00000253194,3.08650065914887,-0.0327746248236999,0.521985678819022,NA,0,Not significant
3162,1,ENSG00000111879.20,FAM184A,1.98876518817692,-0.0555252463573538,0.311878881217285,NA,0,Not significant
3163,1,ENSG00000216316.1,RPL13AP15,3.19602186099857,-0.0227741987021555,0.744040033661257,NA,0,Not significant
3164,1,ENSG00000287100.3,ENSG00000287100,2.34749197324607,-0.0243969099062522,0.661918423383659,NA,0,Not significant
3165,1,ENSG00000220326.2,ENSG00000220326,4.81724506404533,-0.000535596195723598,0.993619789662443,NA,0,Not significant
3166,1,ENSG00000275339.1,ENSG00000275339,4.58731761690548,-0.00252786326659542,0.976522039075228,NA,0,Not significant
3167,1,ENSG00000240606.3,RN7SL564P,5.87823672920515,0.0628302963073144,0.39132786640112,NA,0,Not significant
3168,1,ENSG00000217404.2,RPS4XP9,1.83747697431687,-0.0361593121268931,0.465263289106403,NA,0,Not significant
3169,1,ENSG00000189367.15,KIAA0408,3.00290730778113,0.0260995598965101,0.618315739181582,NA,0,Not significant
3170,1,ENSG00000214338.11,SOGA3,2.80787085823798,-0.0211886188745797,0.739921475699891,NA,0,Not significant
3171,1,ENSG00000184530.9,C6orf58,1.84051204769995,-0.00631144217273503,0.908389614008781,NA,0,Not significant
3172,1,ENSG00000226149.6,ENSG00000226149,3.66133258115472,0.138593662544852,0.0367344550214542,NA,0,Not significant
3173,1,ENSG00000219666.2,ENSG00000219666,1.48516378196448,-0.000128073373851062,0.997123357477142,NA,0,Not significant
3174,1,ENSG00000218725.2,B3GALNT2P1,4.18018332918192,-0.0716011294347766,0.323388187739917,NA,0,Not significant
3175,1,ENSG00000164483.17,SAMD3,2.31808473702088,-0.0618041208548905,0.267462021240795,NA,0,Not significant
3176,1,ENSG00000237115.2,ENSG00000237115,1.86386306001192,-0.0109292466705255,0.841794179893575,NA,0,Not significant
3177,1,ENSG00000228495.3,LINC01013,5.22626199856417,-0.0381909553156452,0.617727038790399,NA,0,Not significant
3178,1,ENSG00000200534.1,SNORA33,1.58776381281538,-0.00440137883062265,0.926900684442185,NA,0,Not significant
3179,1,ENSG00000238059.1,HSPE1P21,4.69903410598411,-0.0438293773935789,0.60235376602179,NA,0,Not significant
3180,1,ENSG00000286313.2,ENSG00000286313,2.08886581088721,-0.0410737498681272,0.473110643494005,NA,0,Not significant
3181,1,ENSG00000237596.7,PDE7B-AS1,1.45088927034704,-0.008505237714675,0.869400470067831,NA,0,Not significant
3182,1,ENSG00000277973.1,ENSG00000277973,3.85209301845391,0.0192275504038863,0.768331003324762,NA,0,Not significant
3183,1,ENSG00000146410.12,MTFR2,3.72914321927016,0.0072521800830205,0.92507621655748,NA,0,Not significant
3184,1,ENSG00000016402.14,IL20RA,1.95387811940122,-0.0813935355560322,0.11764093665458,NA,0,Not significant
3185,1,ENSG00000237499.7,WAKMAR2,1.3752291583376,0.030761897580879,0.503573862444545,NA,0,Not significant
3186,1,ENSG00000112379.9,ARFGEF3,2.0974547980322,-0.00565665432141189,0.919004313484055,NA,0,Not significant
3187,1,ENSG00000274594.1,ENSG00000274594,2.53919413560777,-0.0489478342208523,0.392274174319172,NA,0,Not significant
3188,1,ENSG00000279968.3,CCDC28A-AS1,2.46712300240182,0.002810824754257,0.963985943564892,NA,0,Not significant
3189,1,ENSG00000203734.13,ECT2L,1.24473640022452,-0.0105299718055907,0.823015526379705,NA,0,Not significant
3190,1,ENSG00000238099.3,LINC01625,2.25264775302851,0.0241537866755197,0.699609381218642,NA,0,Not significant
3191,1,ENSG00000236013.8,LINC02941,1.755309365517,0.0323052073832174,0.544691726374978,NA,0,Not significant
3192,1,ENSG00000234147.4,ENSG00000234147,1.93644684543018,0.0735125173326537,0.153237624032483,NA,0,Not significant
3193,1,ENSG00000232618.2,HIVEP2-DT,1.35169902775984,-0.069538507032458,0.0959588359320701,NA,0,Not significant
3194,1,ENSG00000229017.7,LINC01277,2.97703057204242,-0.061932728946221,0.267426472101684,NA,0,Not significant
3195,1,ENSG00000278206.1,ENSG00000278206,2.22979693291541,-0.101003911209916,0.0719536980846887,NA,0,Not significant
3196,1,ENSG00000135604.11,STX11,5.51825907152601,0.23138079024571,0.0274507461451044,NA,0,Not significant
3197,1,ENSG00000219409.2,ENSG00000219409,2.98053816110247,-0.0254670046580937,0.695595281389566,NA,0,Not significant
3198,1,ENSG00000289850.1,ENSG00000289850,2.49492498007336,-0.0168491144852529,0.355175248567611,NA,0,Not significant
3199,1,ENSG00000288056.1,ENSG00000288056,1.78831161662982,0.0476485229945776,0.337894610885268,NA,0,Not significant
3200,1,ENSG00000280184.2,ENSG00000280184,1.99461703028684,0.0114417148763585,0.800495997726222,NA,0,Not significant
3201,1,ENSG00000233452.9,STXBP5-AS1,4.12720205624981,0.0747775261816863,0.359178439856493,NA,0,Not significant
3202,1,ENSG00000289045.1,ENSG00000289045,1.21850139588533,-0.0227175813934548,0.592017017195674,NA,0,Not significant
3203,1,ENSG00000233330.1,ENSG00000233330,1.48839017623384,0.0455304987026767,0.306289131072512,NA,0,Not significant
3204,1,ENSG00000202343.1,ENSG00000202343,1.62979917802141,0.0183282376457225,0.713618738502945,NA,0,Not significant
3205,1,ENSG00000164520.12,RAET1E,2.26133816976568,-0.036632796379071,0.492563962097348,NA,0,Not significant
3206,1,ENSG00000216906.2,ENSG00000216906,1.37764761361957,-0.0362510842546333,0.417501299656446,NA,0,Not significant
3207,1,ENSG00000131015.5,ULBP2,1.76943806781589,0.0595196569777278,0.258106034511165,NA,0,Not significant
3208,1,ENSG00000198729.5,PPP1R14C,1.59249815179142,0.00391014237397191,0.927501731714969,NA,0,Not significant
3209,1,ENSG00000217085.2,HMGB3P19,2.25008161665052,0.012652290972049,0.839261631008907,NA,0,Not significant
3210,1,ENSG00000074706.14,IPCEF1,4.34411405209181,0.0981407717105283,0.227385514113185,NA,0,Not significant
3211,1,ENSG00000287260.2,ENSG00000287260,4.41806908854261,-0.213392501895072,0.0319478420459238,NA,0,Not significant
3212,1,ENSG00000274451.1,ENSG00000274451,3.18456217066655,0.0829154950479534,0.195867738832074,NA,0,Not significant
3213,1,ENSG00000235381.1,ENSG00000235381,2.49420299341621,-0.0412042770621465,0.42871984848556,NA,0,Not significant
3214,1,ENSG00000220347.1,H3P28,3.13443562537612,0.0309487632598865,0.653072202705756,NA,0,Not significant
3215,1,ENSG00000286482.2,ENSG00000286482,4.07231439378507,-0.0661922456522138,0.414768387141119,NA,0,Not significant
3216,1,ENSG00000276413.1,ENSG00000276413,1.59240862174762,-0.00287511946423945,0.948048690984491,NA,0,Not significant
3217,1,ENSG00000146477.6,SLC22A3,1.70645178438123,0.0175473293662926,0.579428498754545,NA,0,Not significant
3218,1,ENSG00000224477.5,ENSG00000224477,2.22700163778642,0.0116220524070676,0.843245984609368,NA,0,Not significant
3219,1,ENSG00000292246.1,ENSG00000292246,4.27970269243897,0.0332919012246999,0.675220886133703,NA,0,Not significant
3220,1,ENSG00000270419.2,CAHM,1.60047782089415,-0.0323350027509839,0.54732302694105,NA,0,Not significant
3221,1,ENSG00000112541.19,PDE10A,5.64846027474768,0.00826126336347893,0.917132425300171,NA,0,Not significant
3222,1,ENSG00000233231.1,HNRNPA1P49,2.86372422180071,0.000647914874543645,0.991719116290243,NA,0,Not significant
3223,1,ENSG00000232082.1,RPS6KA2-IT1,1.39506688504717,0.0231547593735813,0.517654463524537,NA,0,Not significant
3224,1,ENSG00000286826.1,ENSG00000286826,3.33657611007058,-0.138063202297005,0.0682404423544067,NA,0,Not significant
3225,1,ENSG00000223485.5,LINC01615,4.66366494194327,-0.029962016613112,0.706555334703391,NA,0,Not significant
3226,1,ENSG00000272848.2,ENSG00000272848,4.57353719792665,-0.0374012158723032,0.634303580109828,NA,0,Not significant
3227,1,ENSG00000266896.1,ENSG00000266896,1.25640642050304,-0.00729300284536514,0.871678353367203,NA,0,Not significant
3228,1,ENSG00000229214.2,LINC00242,1.48327446647393,-9.47397584182228e-05,0.996218915003994,NA,0,Not significant
3229,1,ENSG00000288829.1,ENSG00000288829,2.49860354709885,0.0146342470741637,0.816096044867228,NA,0,Not significant
3230,1,ENSG00000287411.1,ENSG00000287411,1.87163550591533,0.0289161533121572,0.563509239995277,NA,0,Not significant
3231,1,ENSG00000230423.3,ENSG00000230423,2.74768181962966,-0.00882053406292401,0.87267726401852,NA,0,Not significant
3232,1,ENSG00000181031.16,RPH3AL,4.0538602007957,0.0498043578897252,0.522376685493998,NA,0,Not significant
3233,1,ENSG00000236618.3,PITPNA-AS1,4.55252275842576,-0.0869225122136939,0.301912696802989,NA,0,Not significant
3234,1,ENSG00000167711.14,SERPINF2,2.48018702068752,0.0204194609980814,0.747222779829858,NA,0,Not significant
3235,1,ENSG00000289388.1,ENSG00000289388,1.28029709519954,0.0181540995170969,0.696941235398034,NA,0,Not significant
3236,1,ENSG00000243049.3,RN7SL33P,1.21947501159826,0.0197604478770535,0.469020695545224,NA,0,Not significant
3237,1,ENSG00000279432.1,ENSG00000279432,1.39816093035103,0.0471486461267725,0.248428179956577,NA,0,Not significant
3238,1,ENSG00000239884.3,RN7SL608P,1.82155223580434,0.0205985858414571,0.598641839640123,NA,0,Not significant
3239,1,ENSG00000262050.2,ENSG00000262050,1.39619109984496,0.065955205355178,0.166494626812014,NA,0,Not significant
3240,1,ENSG00000262903.1,CTNS-AS1,5.79016967510163,-0.0694143306451342,0.462216354024772,NA,0,Not significant
3241,1,ENSG00000257950.3,P2RX5-TAX1BP3,1.46820764225593,0.0184158376390645,0.643345326175697,NA,0,Not significant
3242,1,ENSG00000127774.7,EMC6,2.96246636536666,-0.0114675523102037,0.872239385099588,NA,0,Not significant
3243,1,ENSG00000083454.23,P2RX5,1.36597845959579,-0.0122455360786601,0.700922423916198,NA,0,Not significant
3244,1,ENSG00000262692.1,ENSG00000262692,2.82664101795598,-0.0322260582619562,0.566834444071186,NA,0,Not significant
3245,1,ENSG00000177602.5,HASPIN,2.90154839186111,0.0285414107503818,0.664670426277189,NA,0,Not significant
3246,1,ENSG00000141497.14,ZMYND15,2.0037511327686,0.0342312008157903,0.546525621128358,NA,0,Not significant
3247,1,ENSG00000182853.12,VMO1,2.09326347727265,-0.0153233245432948,0.797332630772515,NA,0,Not significant
3248,1,ENSG00000182327.8,GLTPD2,1.63248330266884,-0.0166549661238357,0.698431081970294,NA,0,Not significant
3249,1,ENSG00000230201.5,ATP6V0CP1,1.51750424920648,-0.0122051253633372,0.817313133043991,NA,0,Not significant
3250,1,ENSG00000108556.10,CHRNE,1.51178713601925,0.0339949675318216,0.421969491874616,NA,0,Not significant
3251,1,ENSG00000205710.4,C17orf107,1.21721201783963,-0.0655361626009104,0.119936078031389,NA,0,Not significant
3252,1,ENSG00000185245.9,GP1BA,4.31319306923442,0.0130137348329262,0.874081434919213,NA,0,Not significant
3253,1,ENSG00000262227.2,ENSG00000262227,1.65023227207416,0.0169888584916687,0.75057954360086,NA,0,Not significant
3254,1,ENSG00000234327.10,ZNF232-AS1,4.83175588572264,-0.0202567438872244,0.80864312355993,NA,0,Not significant
3255,1,ENSG00000129204.17,USP6,2.23939088787709,0.0287404216809739,0.612396311771041,NA,0,Not significant
3256,1,ENSG00000161929.15,SCIMP,1.62355743514744,0.030383370636656,0.430167214309831,NA,0,Not significant
3257,1,ENSG00000262961.1,ENSG00000262961,2.30494175571237,-0.052565906220329,0.372876663216646,NA,0,Not significant
3258,1,ENSG00000179314.16,WSCD1,2.61737128508566,0.0696011067240448,0.19433640305616,NA,0,Not significant
3259,1,ENSG00000262818.1,ENSG00000262818,2.63921766745554,0.0248654731798157,0.690132476380149,NA,0,Not significant
3260,1,ENSG00000129195.16,PIMREG,1.84788206199575,0.0434466746200019,0.418771372420083,NA,0,Not significant
3261,1,ENSG00000091622.16,PITPNM3,4.93676746900162,-0.00445224957557658,0.957921519461038,NA,0,Not significant
3262,1,ENSG00000291084.1,ALOX12P2,1.72986146122305,0.0332974634719239,0.510446877721698,NA,0,Not significant
3263,1,ENSG00000262089.1,ENSG00000262089,5.69111476042406,0.00303544675807766,0.973564956746927,NA,0,Not significant
3264,1,ENSG00000258315.5,C17orf49,1.56195870086172,-0.0202286389338365,0.6595673156657,NA,0,Not significant
3265,1,ENSG00000174327.7,SLC16A13,5.96633949096174,-0.102822394805843,0.295442830695786,NA,0,Not significant
3266,1,ENSG00000174326.15,SLC16A11,2.03188930317728,0.0730196368064426,0.153898714736807,NA,0,Not significant
3267,1,ENSG00000141505.12,ASGR1,1.38150762587093,0.00881234612284877,0.860852370812535,NA,0,Not significant
3268,1,ENSG00000279641.1,ENSG00000279641,1.74980578831251,-0.0373964576689267,0.432908121915453,NA,0,Not significant
3269,1,ENSG00000181885.18,CLDN7,5.42537954970606,0.0759245751710452,0.410262935986983,NA,0,Not significant
3270,1,ENSG00000006047.13,YBX2,2.50737437718969,0.0264335538255863,0.664404688260882,NA,0,Not significant
3271,1,ENSG00000187838.17,PLSCR3,1.79192079213647,-0.0271556112027202,0.568069829316276,NA,0,Not significant
3272,1,ENSG00000181284.3,TMEM102,4.87452721861697,0.00937841364633698,0.901368038136702,NA,0,Not significant
3273,1,ENSG00000161958.11,FGF11,3.77009448235001,-0.0304473755918401,0.681256969460599,NA,0,Not significant
3274,1,ENSG00000263301.1,ENSG00000263301,5.56094088705788,-0.0336878623684851,0.710008965827236,NA,0,Not significant
3275,1,ENSG00000129194.8,SOX15,4.41218018595288,-0.0268916136078995,0.730064217201497,NA,0,Not significant
3276,1,ENSG00000129214.15,SHBG,4.62172520101395,0.0336051780749897,0.697428019182645,NA,0,Not significant
3277,1,ENSG00000183914.15,DNAH2,2.24279874016433,-0.0477438749632145,0.41058536753852,NA,0,Not significant
3278,1,ENSG00000240480.1,RPL29P2,5.64159864661412,0.0764140436810304,0.295553362252442,NA,0,Not significant
3279,1,ENSG00000288748.1,ENSG00000288748,1.22384415880276,-0.0334301344849255,0.296147975102366,NA,0,Not significant
3280,1,ENSG00000182224.12,CYB5D1,3.78542793953123,-0.124875057945381,0.123098286778801,NA,0,Not significant
3281,1,ENSG00000280046.1,ENSG00000280046,5.74052970893616,-0.0238366131954912,0.791450876177693,NA,0,Not significant
3282,1,ENSG00000170049.10,KCNAB3,5.51638313137272,-0.0333057928091474,0.706359343508686,NA,0,Not significant
3283,1,ENSG00000178999.13,AURKB,2.51733416713428,0.0225780788814651,0.653545510247173,NA,0,Not significant
3284,1,ENSG00000178977.4,LINC00324,4.83245018876196,-0.0613874650817533,0.445896367532672,NA,0,Not significant
3285,1,ENSG00000108961.14,RANGRF,5.92448667212746,-0.0155950914691339,0.864189961458329,NA,0,Not significant
3286,1,ENSG00000288750.1,ENSG00000288750,1.35289933201948,-0.0275631524087744,0.545133239661342,NA,0,Not significant
3287,1,ENSG00000183318.12,SPDYE4,1.28174757555027,0.00430821456669955,0.894492148287987,NA,0,Not significant
3288,1,ENSG00000262815.1,ENSG00000262815,1.2059408698698,0.00204020587843699,0.941122089764531,NA,0,Not significant
3289,1,ENSG00000271851.1,ENSG00000271851,3.22232455717291,-0.00286811980796398,0.964929977873964,NA,0,Not significant
3290,1,ENSG00000154914.17,USP43,1.77577637352473,0.0716537627461478,0.173035332747684,NA,0,Not significant
3291,1,ENSG00000006788.14,MYH13,1.85506561880206,0.074647097259252,0.101513785233605,NA,0,Not significant
3292,1,ENSG00000266709.1,ENSG00000266709,1.75675345649148,0.0441424949362802,0.326959274319762,NA,0,Not significant
3293,1,ENSG00000230897.1,RPS18P12,1.23759682370855,0.00573995292297296,0.875124233131193,NA,0,Not significant
3294,1,ENSG00000279660.1,ENSG00000279660,1.47463096080796,-0.0155388226205647,0.769590000927683,NA,0,Not significant
3295,1,ENSG00000125409.13,TEKT3,1.92163124314589,-0.00145648742364486,0.981446322006583,NA,0,Not significant
3296,1,ENSG00000259024.7,TVP23C-CDRT4,2.0902402017761,-0.0403600476998901,0.468299331026553,NA,0,Not significant
3297,1,ENSG00000223878.1,PPIAP53,1.21476870805884,-0.0339548194751228,0.403214163627959,NA,0,Not significant
3298,1,ENSG00000241322.11,FBXW10B,1.21016304108918,-0.0547443122140906,0.142779966121246,NA,0,Not significant
3299,1,ENSG00000235430.1,ZSWIM5P1,1.72712480979175,-0.0318776411088769,0.293385643566313,NA,0,Not significant
3300,1,ENSG00000227782.2,ENSG00000227782,1.59564584936152,-0.0495876423539054,0.302849981334292,NA,0,Not significant
3301,1,ENSG00000233979.1,RPL22P21,2.27172286862254,0.0291854009411404,0.609236209540765,NA,0,Not significant
3302,1,ENSG00000266651.1,ENSG00000266651,5.29779974348977,0.0747517959302089,0.405592777643696,NA,0,Not significant
3303,1,ENSG00000266302.6,ENSG00000266302,5.84162667424262,0.0331974826512204,0.686489289705063,NA,0,Not significant
3304,1,ENSG00000288235.1,FAM106C,1.40486183287102,0.0107256690277292,0.819046296225457,NA,0,Not significant
3305,1,ENSG00000229749.1,COTL1P1,4.31969517122138,0.0701860800404909,0.399276030818411,NA,0,Not significant
3306,1,ENSG00000278864.1,ENSG00000278864,2.52201553958204,-0.000657920100289744,0.990103893280708,NA,0,Not significant
3307,1,ENSG00000179598.6,PLD6,5.57835598081132,0.0679862764356124,0.445781935616362,NA,0,Not significant
3308,1,ENSG00000205309.14,NT5M,4.7071223987713,-0.0113569293987651,0.892651452286139,NA,0,Not significant
3309,1,ENSG00000227158.1,ENSG00000227158,1.9796512710502,0.0403166175551025,0.396278743150928,NA,0,Not significant
3310,1,ENSG00000265511.1,ENSG00000265511,1.25174055074705,0.0526639640484026,0.222010940739782,NA,0,Not significant
3311,1,ENSG00000264666.3,ENSG00000264666,1.52924026191984,0.0413092581273966,0.392981547627579,NA,0,Not significant
3312,1,ENSG00000230273.1,BRI3P3,4.52922177620918,0.0654161018046258,0.38327842553532,NA,0,Not significant
3313,1,ENSG00000232344.2,ENSG00000232344,1.4895265091011,0.00632555375671253,0.899381812511956,NA,0,Not significant
3314,1,ENSG00000291090.1,CCDC144BP,5.83191011080708,0.00393159842858489,0.959658154137734,NA,0,Not significant
3315,1,ENSG00000276532.1,Metazoa_SRP,1.3974807685578,-0.00170659075167096,0.990388415155202,NA,0,Not significant
3316,1,ENSG00000174977.8,PAIP1P2,4.89987731641848,0.0701803809696737,0.403561788888904,NA,0,Not significant
3317,1,ENSG00000290687.1,ZNF286B,4.14589119930836,-0.0537008772542996,0.481024120732524,NA,0,Not significant
3318,1,ENSG00000224126.2,UBE2SP2,4.62669673175688,0.0372025831975682,0.637083889534406,NA,0,Not significant
3319,1,ENSG00000266079.5,SNORA59B,1.25275149084707,-0.010336299856213,0.791664589535802,NA,0,Not significant
3320,1,ENSG00000271900.1,ENSG00000271900,1.83288523020015,-0.0289766027816439,0.590763744511255,NA,0,Not significant
3321,1,ENSG00000227225.1,MTND1P14,5.86478466745795,-0.0252579643438626,0.78659991954187,NA,0,Not significant
3322,1,ENSG00000242752.3,NMTRQ-TTG12-1,1.25379874992827,-0.0164178314771927,0.646532201460318,NA,0,Not significant
3323,1,ENSG00000108602.18,ALDH3A1,1.84869234505405,-0.0964084034675427,0.0736017454653977,NA,0,Not significant
3324,1,ENSG00000270091.1,ENSG00000270091,3.96495445302971,0.0165390307674647,0.832162787549683,NA,0,Not significant
3325,1,ENSG00000225681.2,ENSG00000225681,1.56876088688416,-0.0256708544241245,0.604676965634902,NA,0,Not significant
3326,1,ENSG00000291194.1,ENSG00000291194,1.74453347407524,-0.0295776595941113,0.482493813121409,NA,0,Not significant
3327,1,ENSG00000235323.2,COTL1P2,2.36098871399461,0.0555623250327734,0.356763557294435,NA,0,Not significant
3328,1,ENSG00000233098.10,CCDC144NL-AS1,3.25881894851337,0.0201980769238884,0.768969117900849,NA,0,Not significant
3329,1,ENSG00000265790.1,RNASEH1P1,5.49556630309224,0.0376933783373949,0.669945253995065,NA,0,Not significant
3330,1,ENSG00000235530.7,TMEM11-DT,4.38377913348376,0.073336268163993,0.295719387790434,NA,0,Not significant
3331,1,ENSG00000266806.1,ENSG00000266806,2.02516714989937,-0.00868819489560845,0.866728514948131,NA,0,Not significant
3332,1,ENSG00000263483.1,MTATP6P3,2.77420816964591,0.0450211757295251,0.406610239317032,NA,0,Not significant
3333,1,ENSG00000264431.1,ENSG00000264431,2.78564304653112,0.129658843822679,0.0418640301949844,NA,0,Not significant
3334,1,ENSG00000265683.1,SYPL1P2,3.74231018976698,0.0711666839618623,0.357979577555606,NA,0,Not significant
3335,1,ENSG00000168961.17,LGALS9,3.18097662335896,-0.12345099044624,0.0879132618270577,NA,0,Not significant
3336,1,ENSG00000267259.1,ERVE-1,5.61350687451035,-0.0906186525560154,0.333592919621369,NA,0,Not significant
3337,1,ENSG00000109072.14,VTN,3.73294912203922,-0.0135993221821298,0.844631491378101,NA,0,Not significant
3338,1,ENSG00000265541.1,H3P41,3.08809903895935,-0.0824709408540855,0.227160823843633,NA,0,Not significant
3339,1,ENSG00000227543.5,SPAG5-AS1,1.63506904616512,-0.00199922934038982,0.96101141644578,NA,0,Not significant
3340,1,ENSG00000265205.1,ENSG00000265205,1.62509955545428,0.0293974190303319,0.508692270780334,NA,0,Not significant
3341,1,ENSG00000264577.1,ENSG00000264577,2.24461602713589,-0.0145215414808065,0.815552729609731,NA,0,Not significant
3342,1,ENSG00000167536.14,DHRS13,4.21368539656409,0.0258874092994582,0.737575676096804,NA,0,Not significant
3343,1,ENSG00000179761.12,PIPOX,4.02237146193896,-0.0118501646489824,0.870939678116636,NA,0,Not significant
3344,1,ENSG00000290082.1,ENSG00000290082,5.01800931051265,0.0413986139525408,0.635659015507503,NA,0,Not significant
3345,1,ENSG00000264290.1,ENSG00000264290,1.88130963539243,0.0116927038816239,0.841163574703666,NA,0,Not significant
3346,1,ENSG00000264007.1,ENSG00000264007,1.59691569256293,0.0143301368909395,0.752249614883843,NA,0,Not significant
3347,1,ENSG00000176927.16,EFCAB5,6.01518353694964,0.0890857271032919,0.33783516507728,NA,0,Not significant
3348,1,ENSG00000108576.10,SLC6A4,1.38425853261511,0.0267467759898914,0.562811994829163,NA,0,Not significant
3349,1,ENSG00000214719.13,ENSG00000214719,5.96195574458373,0.0161264827576848,0.851311517315096,NA,0,Not significant
3350,1,ENSG00000280069.1,ENSG00000280069,1.97166013650679,-0.00903754947460671,0.843972633176489,NA,0,Not significant
3351,1,ENSG00000266490.1,ENSG00000266490,2.62032175372001,-0.00995266421586648,0.875582116716745,NA,0,Not significant
3352,1,ENSG00000184060.11,ADAP2,4.486421544469,-0.0904449034684931,0.292834978218782,NA,0,Not significant
3353,1,ENSG00000264456.1,ENSG00000264456,1.48803804106051,-0.0397622797073776,0.402107672866357,NA,0,Not significant
3354,1,ENSG00000264107.1,MIR4733HG,1.89562637933846,0.0507710924831621,0.386054730923551,NA,0,Not significant
3355,1,ENSG00000185862.7,EVI2B,2.71064361989579,-0.0555339572683405,0.39472897373752,NA,0,Not significant
3356,1,ENSG00000278867.1,ENSG00000278867,1.52198001330421,0.0320355303410953,0.411006235089597,NA,0,Not significant
3357,1,ENSG00000277511.2,ENSG00000277511,2.35178913351395,0.033231493933796,0.598658070014915,NA,0,Not significant
3358,1,ENSG00000280020.1,ENSG00000280020,1.24395619024115,-0.0245332572920918,0.486499942271311,NA,0,Not significant
3359,1,ENSG00000264373.1,ENSG00000264373,2.21660242430707,0.0224192183113089,0.526339449753425,NA,0,Not significant
3360,1,ENSG00000176749.9,CDK5R1,4.32781715851358,-0.0648910591865469,0.427692470595447,NA,0,Not significant
3361,1,ENSG00000266718.2,ENSG00000266718,2.25312643524181,0.0416587662279594,0.515035222529924,NA,0,Not significant
3362,1,ENSG00000236377.2,ENSG00000236377,1.65157423266439,0.0344967843513501,0.483054030870549,NA,0,Not significant
3363,1,ENSG00000108684.15,ASIC2,1.22432804395463,-0.00804214289590903,0.830917573700114,NA,0,Not significant
3364,1,ENSG00000226049.3,TLK2P1,1.50084971386082,0.012948505177835,0.792513910236078,NA,0,Not significant
3365,1,ENSG00000108688.11,CCL7,3.404843053644,-0.160012021367046,0.0112282080536218,NA,0,Not significant
3366,1,ENSG00000108700.5,CCL8,3.16621705560425,-0.144150694720666,0.0150569028142447,NA,0,Not significant
3367,1,ENSG00000265614.1,ENSG00000265614,1.86207089480697,-0.00888630091256201,0.853223508032721,NA,0,Not significant
3368,1,ENSG00000181374.8,CCL13,5.77509414321684,-0.0547432568956974,0.501171091607793,NA,0,Not significant
3369,1,ENSG00000266947.3,ENSG00000266947,2.20143593143589,-0.0126644583754436,0.727505405567647,NA,0,Not significant
3370,1,ENSG00000267364.4,ENSG00000267364,4.1397617160106,0.0103773566310424,0.897481603493019,NA,0,Not significant
3371,1,ENSG00000267547.1,ENSG00000267547,5.97677545694658,-0.0115850028818445,0.896391876181668,NA,0,Not significant
3372,1,ENSG00000267648.1,ENSG00000267648,1.87571255884821,0.0233666148588405,0.446397239113732,NA,0,Not significant
3373,1,ENSG00000205045.12,SLFN12L,3.6072956950137,0.0350486313381681,0.617213524783134,NA,0,Not significant
3374,1,ENSG00000242660.1,ENSG00000242660,2.25308660044533,-0.0295231316403907,0.516633120923367,NA,0,Not significant
3375,1,ENSG00000267321.4,SNHG30,4.20636912618147,0.0369054563030458,0.619752275908218,NA,0,Not significant
3376,1,ENSG00000267592.1,ENSG00000267592,2.80860751730094,0.00737358945391208,0.895915509753877,NA,0,Not significant
3377,1,ENSG00000270871.1,ENSG00000270871,2.3774616736622,0.0290912270628797,0.653527296869416,NA,0,Not significant
3378,1,ENSG00000274756.1,ENSG00000274756,1.24301393510517,-0.0212214404530377,0.574269003754906,NA,0,Not significant
3379,1,ENSG00000275839.1,ENSG00000275839,3.34646642297293,0.0760426858585987,0.284667243643756,NA,0,Not significant
3380,1,ENSG00000291088.1,NPEPPSP1,1.36729833196369,0.0108551236262941,0.694412886354669,NA,0,Not significant
3381,1,ENSG00000276170.6,ENSG00000276170,5.6703269499879,-0.0683129728505519,0.424450325602287,NA,0,Not significant
3382,1,ENSG00000277969.2,ENSG00000277969,3.96261048799782,-0.0615238332778624,0.412852751567515,NA,0,Not significant
3383,1,ENSG00000263818.5,RDM1P5,1.6206786588508,0.0128055746923691,0.710097390177016,NA,0,Not significant
3384,1,ENSG00000161405.17,IKZF3,1.60925319325462,-0.0144331327961797,0.597601222572663,NA,0,Not significant
3385,1,ENSG00000226117.1,ENSG00000226117,1.25278004071964,0.0344583343854711,0.4278889045356,NA,0,Not significant
3386,1,ENSG00000279199.1,ENSG00000279199,2.00867169581629,0.0275928165649834,0.581124744492225,NA,0,Not significant
3387,1,ENSG00000126353.3,CCR7,5.59510976189319,-0.0228293957242395,0.793108775382091,NA,0,Not significant
3388,1,ENSG00000221852.5,KRTAP1-5,1.5477034488737,0.0102777663315676,0.8005803012638,NA,0,Not significant
3389,1,ENSG00000171345.13,KRT19,4.32134178199581,0.020231391605598,0.788788964821093,NA,0,Not significant
3390,1,ENSG00000161594.7,KLHL10,1.25015276302658,0.00876260872412233,0.842375550401761,NA,0,Not significant
3391,1,ENSG00000204815.10,ODAD4,4.77708083815414,0.0285732381005848,0.648574111625876,NA,0,Not significant
3392,1,ENSG00000289579.1,ENSG00000289579,2.38226796888323,0.0112658481532085,0.849812301304273,NA,0,Not significant
3393,1,ENSG00000267632.1,ENSG00000267632,1.62782185846652,-0.00933366881425187,0.796683148979716,NA,0,Not significant
3394,1,ENSG00000108786.11,HSD17B1,1.3875349021916,-0.0336185915267653,0.499389774922073,NA,0,Not significant
3395,1,ENSG00000184451.5,CCR10,5.69911544592267,-0.0166304467687625,0.849183705041113,NA,0,Not significant
3396,1,ENSG00000197291.9,RAMP2-AS1,2.21336621255551,-0.0360809722234731,0.538910297097579,NA,0,Not significant
3397,1,ENSG00000131477.11,RAMP2,1.61757844701061,0.0103812317495118,0.847474939995619,NA,0,Not significant
3398,1,ENSG00000126562.17,WNK4,4.69922484016045,-0.159891826985724,0.0669086475397158,NA,0,Not significant
3399,1,ENSG00000176563.10,CNTD1,2.39016782808135,0.0419825940851152,0.459170911622958,NA,0,Not significant
3400,1,ENSG00000131480.9,AOC2,5.24411020309837,0.0303915726950184,0.736352515448341,NA,0,Not significant
3401,1,ENSG00000266967.7,AARSD1,5.03240082967982,-0.00916392012364396,0.909895189119481,NA,0,Not significant
3402,1,ENSG00000267060.7,PTGES3L,1.86287156588636,0.0479785070971537,0.363712037669266,NA,0,Not significant
3403,1,ENSG00000236383.9,CCDC200,1.48031198047365,-0.0376990349742906,0.332670127062492,NA,0,Not significant
3404,1,ENSG00000231256.8,CFAP97D1,1.38237409893598,0.0188591912701316,0.665229090407626,NA,0,Not significant
3405,1,ENSG00000125319.15,HROB,5.44435257937313,-0.0322744833481602,0.720701080006174,NA,0,Not significant
3406,1,ENSG00000161664.7,ASB16,4.96915637329427,-0.0719930922795935,0.398013109055434,NA,0,Not significant
3407,1,ENSG00000267394.2,ATXN7L3-AS1,3.42705496396669,-0.0464683357337737,0.423706760870506,NA,0,Not significant
3408,1,ENSG00000260793.4,ENSG00000260793,4.3887499634346,0.0126076621053405,0.872194414931571,NA,0,Not significant
3409,1,ENSG00000267750.6,RUNDC3A-AS1,4.65198910129517,0.00127031097836865,0.989787976078588,NA,0,Not significant
3410,1,ENSG00000108309.14,RUNDC3A,2.9909542248551,0.00201531869041566,0.981421851243649,NA,0,Not significant
3411,1,ENSG00000005961.19,ITGA2B,1.50176053182703,-0.0179760849004123,0.727976030848988,NA,0,Not significant
3412,1,ENSG00000180336.18,MEIOC,3.47566160888059,-0.0473409689009953,0.531052407747793,NA,0,Not significant
3413,1,ENSG00000279879.1,ENSG00000279879,1.49633761850489,-0.0530035148200699,0.255079781011603,NA,0,Not significant
3414,1,ENSG00000073670.14,ADAM11,5.23445859310579,-0.0482247629160918,0.55431603331064,NA,0,Not significant
3415,1,ENSG00000186185.14,KIF18B,1.71126586098788,-0.0308581040375626,0.390405282237803,NA,0,Not significant
3416,1,ENSG00000131094.4,C1QL1,5.23141056703436,-0.0435056714969039,0.600559469832096,NA,0,Not significant
3417,1,ENSG00000276728.2,ENSG00000276728,2.34355831762643,0.00944935435074382,0.871358246490681,NA,0,Not significant
3418,1,ENSG00000224505.4,HEXIM2-AS1,2.92777337432224,-0.103830896138017,0.156438157634376,NA,0,Not significant
3419,1,ENSG00000168517.11,HEXIM2,2.50418712488291,-0.042678455496503,0.499309915290576,NA,0,Not significant
3420,1,ENSG00000267288.2,ENSG00000267288,1.50893690959518,-0.00607326485507333,0.890888778232273,NA,0,Not significant
3421,1,ENSG00000267278.6,MAP3K14-AS1,3.54192677085723,-0.167984883298777,0.0347416666933768,NA,0,Not significant
3422,1,ENSG00000236234.1,ENSG00000236234,1.85630666050063,-0.0188426887861788,0.704139287581714,NA,0,Not significant
3423,1,ENSG00000291175.1,ENSG00000291175,4.74699813294184,-0.0217510920969299,0.784785091045187,NA,0,Not significant
3424,1,ENSG00000214401.6,KANSL1-AS1,4.71109225329566,0.0656145416386392,0.425529387662195,NA,0,Not significant
3425,1,ENSG00000262500.1,MAPK8IP1P1,3.11113017509462,-0.0487852434779426,0.499885624123429,NA,0,Not significant
3426,1,ENSG00000228696.11,ARL17B,2.93387760635949,-0.0782477259452106,0.255267264831928,NA,0,Not significant
3427,1,ENSG00000176681.15,LRRC37A,1.84400205864235,-0.00329712547607401,0.944460230209067,NA,0,Not significant
3428,1,ENSG00000239291.1,ENSG00000239291,1.34421515841147,0.0267103677913247,0.575107848470109,NA,0,Not significant
3429,1,ENSG00000198336.9,MYL4,2.86905719508206,0.00528237996931453,0.930642343774147,NA,0,Not significant
3430,1,ENSG00000291120.1,MRPL45P2,4.70415082824585,0.0352202925427299,0.681763669257314,NA,0,Not significant
3431,1,ENSG00000263766.6,KPNB1-DT,1.51307900364216,0.0281998375752119,0.521960536406906,NA,0,Not significant
3432,1,ENSG00000141294.10,LRRC46,3.05671911804006,0.0243216673291865,0.716058543113839,NA,0,Not significant
3433,1,ENSG00000266821.1,ENSG00000266821,1.23316976056875,-0.00429043826059058,0.929473219354666,NA,0,Not significant
3434,1,ENSG00000234494.8,SP2-AS1,5.16682281076294,-0.0807555941023666,0.354597033837546,NA,0,Not significant
3435,1,ENSG00000263412.3,NFE2L1-DT,2.87198600486402,-0.0228379923760178,0.69637488745403,NA,0,Not significant
3436,1,ENSG00000278765.1,ENSG00000278765,1.36179483135203,-0.0253708096837624,0.48512812637943,NA,0,Not significant
3437,1,ENSG00000120068.7,HOXB8,1.50254937717377,0.016875178107467,0.732519505822341,NA,0,Not significant
3438,1,ENSG00000170703.16,TTLL6,1.63730837186259,0.0289609282192663,0.53593630586187,NA,0,Not significant
3439,1,ENSG00000248278.1,SUMO2P17,1.59950586161288,-0.013944857733574,0.776540870644647,NA,0,Not significant
3440,1,ENSG00000255851.2,Metazoa_SRP,1.23573270225862,0.0148034316300384,0.728907352594835,NA,0,Not significant
3441,1,ENSG00000167080.9,B4GALNT2,2.36171417488469,-0.027584044885116,0.587787165477432,NA,0,Not significant
3442,1,ENSG00000248714.7,ZNF652-AS1,1.82752984756932,-0.0604488789072828,0.283925806969063,NA,0,Not significant
3443,1,ENSG00000108813.12,DLX4,1.27448669841656,0.0049748419526604,0.903469187455383,NA,0,Not significant
3444,1,ENSG00000246640.2,PICART1,1.61633379784981,-0.0146502054891654,0.718164452609841,NA,0,Not significant
3445,1,ENSG00000108823.17,SGCA,2.42475874596139,0.0115125190174902,0.823192581748897,NA,0,Not significant
3446,1,ENSG00000249406.3,ENSG00000249406,1.24044656786163,0.0030902444093906,0.852534218258347,NA,0,Not significant
3447,1,ENSG00000167105.8,TMEM92,2.20820751489336,-0.0611741201078738,0.217097507839765,NA,0,Not significant
3448,1,ENSG00000251179.1,TMEM92-AS1,5.0050431625202,0.0604635819399758,0.455145106055302,NA,0,Not significant
3449,1,ENSG00000154920.15,EME1,3.30928710545513,-0.104950569719641,0.156030950782132,NA,0,Not significant
3450,1,ENSG00000136457.10,CHAD,3.64299020545168,0.0377633951922419,0.626307212659454,NA,0,Not significant
3451,1,ENSG00000250286.2,ENSG00000250286,1.57667621998371,-0.0345518243593734,0.395424544117932,NA,0,Not significant
3452,1,ENSG00000049283.19,EPN3,3.61477389288874,-0.0331619359506716,0.667767366757172,NA,0,Not significant
3453,1,ENSG00000173714.8,WFIKKN2,1.33768969010223,-0.0194295012343685,0.494419523101107,NA,0,Not significant
3454,1,ENSG00000229980.5,TOB1-AS1,1.75331586694978,0.00489080491849354,0.926528292209597,NA,0,Not significant
3455,1,ENSG00000279089.1,ENSG00000279089,5.15483200456934,-0.0201536914028482,0.799651125598284,NA,0,Not significant
3456,1,ENSG00000262271.1,ENSG00000262271,5.82014706803355,-0.0164826201967577,0.846464123256644,NA,0,Not significant
3457,1,ENSG00000262384.1,ENSG00000262384,2.35544521744265,-0.039186840048083,0.544115934830219,NA,0,Not significant
3458,1,ENSG00000263199.1,ENSG00000263199,1.50944513480994,-0.000114846063300865,0.996522994241023,NA,0,Not significant
3459,1,ENSG00000263125.1,ARL2BPP8,1.99760942747743,0.0634709496569547,0.252280747882581,NA,0,Not significant
3460,1,ENSG00000153930.13,ANKFN1,1.28468501637677,0.0595507866199522,0.200784046328048,NA,0,Not significant
3461,1,ENSG00000262408.1,ENSG00000262408,5.33220876121941,0.0549754282327972,0.478364130456921,NA,0,Not significant
3462,1,ENSG00000263120.1,ENSG00000263120,1.32732371931691,-0.0561047673994143,0.158046802674712,NA,0,Not significant
3463,1,ENSG00000263004.3,AKAP1-DT,4.95761294449768,-0.155810530770774,0.0928135657072103,NA,0,Not significant
3464,1,ENSG00000279069.2,ENSG00000279069,4.80051153256768,-0.0871135954203507,0.303909312988243,NA,0,Not significant
3465,1,ENSG00000265148.7,TSPOAP1-AS1,4.54228507566307,-0.112505291655183,0.131562636516236,NA,0,Not significant
3466,1,ENSG00000108387.16,SEPTIN4,4.71263378615177,0.149042342154397,0.0721237211432673,NA,0,Not significant
3467,1,ENSG00000224738.2,ENSG00000224738,2.37786977674315,0.0415514862247643,0.446841543899353,NA,0,Not significant
3468,1,ENSG00000266537.1,SPDYE22P,5.43846578573739,-0.0704812971850973,0.426675339560096,NA,0,Not significant
3469,1,ENSG00000265313.8,LINC01476,1.51011470006639,-0.0266959904010038,0.601810056548961,NA,0,Not significant
3470,1,ENSG00000273702.1,ENSG00000273702,1.2696140589419,0.0154697741385287,0.737520916598224,NA,0,Not significant
3471,1,ENSG00000267248.5,ENSG00000267248,3.74324222970077,0.0306337894998483,0.672736428910513,NA,0,Not significant
3472,1,ENSG00000241157.1,RPL32P32,1.48845115640507,0.0264279862873731,0.530828826892713,NA,0,Not significant
3473,1,ENSG00000259349.4,APPBP2-DT,1.49186918231214,-0.0537370791005647,0.26170804529468,NA,0,Not significant
3474,1,ENSG00000286997.1,ENSG00000286997,1.63588830076805,0.0335995488334134,0.503339617179716,NA,0,Not significant
3475,1,ENSG00000187013.4,LINC02875,3.22889678768652,-0.0416511538197609,0.553699755117306,NA,0,Not significant
3476,1,ENSG00000279133.1,ENSG00000279133,2.14046370667716,0.0369219440268422,0.521845462571001,NA,0,Not significant
3477,1,ENSG00000172421.10,EFCAB3,3.11182489090804,0.0548002402474236,0.442164446879774,NA,0,Not significant
3478,1,ENSG00000279713.1,ENSG00000279713,4.29829345999841,-0.0441270956573931,0.569428450903723,NA,0,Not significant
3479,1,ENSG00000265702.2,ENSG00000265702,1.24356092539468,0.033057439043595,0.213827479205799,NA,0,Not significant
3480,1,ENSG00000283538.3,ENSG00000283538,1.52974864827843,0.0188172398594143,0.620156613754812,NA,0,Not significant
3481,1,ENSG00000264529.1,DNAJB6P8,1.56687926390941,-0.0642687062793756,0.197779881185851,NA,0,Not significant
3482,1,ENSG00000279369.1,ENSG00000279369,1.72077391747869,0.00370774502396362,0.947846976089647,NA,0,Not significant
3483,1,ENSG00000256358.1,RPL31P57,3.66247649101175,-0.0447613470519809,0.48751353369114,NA,0,Not significant
3484,1,ENSG00000261371.6,PECAM1,1.86949838719495,0.0284512108411397,0.524517836745884,NA,0,Not significant
3485,1,ENSG00000265218.1,ENSG00000265218,1.50130232298676,-0.014022509120193,0.76791453635194,NA,0,Not significant
3486,1,ENSG00000285877.1,ENSG00000285877,4.24429491219019,0.0218603197661075,0.781636469718929,NA,0,Not significant
3487,1,ENSG00000279573.1,ENSG00000279573,1.87480616643568,-0.00229816129163027,0.965538704425031,NA,0,Not significant
3488,1,ENSG00000266117.1,FBXO36P1,4.70455290656135,-0.031391872885856,0.699783547848137,NA,0,Not significant
3489,1,ENSG00000265055.2,ENSG00000265055,1.98059419818791,-0.0249913173631872,0.646734712271747,NA,0,Not significant
3490,1,ENSG00000290793.1,ENSG00000290793,5.01094451936068,0.00595694228462753,0.942915417103899,NA,0,Not significant
3491,1,ENSG00000265100.2,ENSG00000265100,1.23759385186034,0.00379598046263244,0.913424684428187,NA,0,Not significant
3492,1,ENSG00000231749.3,ABCA9-AS1,2.00372746470745,0.00435218189135176,0.943606030256244,NA,0,Not significant
3493,1,ENSG00000267361.1,SEC24AP1,4.31350998728379,0.147569062240583,0.0873725741367078,NA,0,Not significant
3494,1,ENSG00000227517.7,LINC01483,1.87949234842086,-0.0311606151192731,0.55538359540617,NA,0,Not significant
3495,1,ENSG00000267184.1,ENSG00000267184,3.72711115835437,-0.0188790958069474,0.800106727326937,NA,0,Not significant
3496,1,ENSG00000271101.1,ENSG00000271101,5.88408197523025,0.0481392278883467,0.558887992116643,NA,0,Not significant
3497,1,ENSG00000256124.6,LINC01152,3.50905039046382,-0.105188517873201,0.158450151480276,NA,0,Not significant
3498,1,ENSG00000265469.1,POLR3KP2,1.24710025191949,0.00831729226931241,0.839600839357059,NA,0,Not significant
3499,1,ENSG00000069188.17,SDK2,2.44326981323625,-0.0738828169421111,0.206332774857619,NA,0,Not significant
3500,1,ENSG00000246731.3,MGC16275,1.37973506778426,-0.0166194171148898,0.680291915722519,NA,0,Not significant
3501,1,ENSG00000170412.18,GPRC5C,4.60318728162659,-0.0233671402161511,0.745560652278115,NA,0,Not significant
3502,1,ENSG00000167861.16,HID1,2.01410199426331,0.0418508299430707,0.488842891024663,NA,0,Not significant
3503,1,ENSG00000270993.1,ENSG00000270993,2.16353583188163,0.0571603380010069,0.336357985149621,NA,0,Not significant
3504,1,ENSG00000263843.1,MIF4GD-DT,1.45348799816753,-0.00122204115744808,0.98371026301063,NA,0,Not significant
3505,1,ENSG00000132470.14,ITGB4,2.34112192297653,-0.074909619424039,0.220655971230053,NA,0,Not significant
3506,1,ENSG00000267342.1,ENSG00000267342,1.38368308409996,0.0468763805205028,0.249404722190303,NA,0,Not significant
3507,1,ENSG00000204316.13,MRPL38,5.9172457232392,-0.00646770875052,0.940066350611788,NA,0,Not significant
3508,1,ENSG00000261408.7,TEN1-CDK3,2.33123995405904,-0.018991896758935,0.748294093522034,NA,0,Not significant
3509,1,ENSG00000250506.9,CDK3,1.54528956801223,0.0763413428451498,0.127364405602508,NA,0,Not significant
3510,1,ENSG00000267546.2,ENSG00000267546,1.74790885258016,0.0221833052255861,0.677768135152068,NA,0,Not significant
3511,1,ENSG00000267543.1,ENSG00000267543,1.61484698624088,0.0114993622307657,0.763009473562002,NA,0,Not significant
3512,1,ENSG00000267084.1,ENSG00000267084,5.96457975531467,-0.000753735886652888,0.991957257678268,NA,0,Not significant
3513,1,ENSG00000267065.2,LINC02080,2.27018924760426,-0.0103388104045975,0.83833138797174,NA,0,Not significant
3514,1,ENSG00000141524.19,TMC6,1.23520073238988,-0.0149726752989643,0.709636389281078,NA,0,Not significant
3515,1,ENSG00000267737.1,ENSG00000267737,1.86948982842441,0.00185289346534185,0.969490272103568,NA,0,Not significant
3516,1,ENSG00000266970.3,SOCS3-DT,1.37335289944526,-0.00603156370838239,0.90082653607117,NA,0,Not significant
3517,1,ENSG00000267432.6,DNAH17-AS1,1.35803610260313,-0.012853098730045,0.782966620098022,NA,0,Not significant
3518,1,ENSG00000178404.11,CEP295NL,1.23959307912078,-0.0209628017629824,0.611170796686815,NA,0,Not significant
3519,1,ENSG00000279339.1,ENSG00000279339,1.62314300438633,0.044799911142882,0.300708069775543,NA,0,Not significant
3520,1,ENSG00000289689.1,ENSG00000289689,4.16330175199744,-0.146487470023279,0.0781651303944814,NA,0,Not significant
3521,1,ENSG00000141527.19,CARD14,5.5728421065028,-0.0854951009338216,0.340119725863594,NA,0,Not significant
3522,1,ENSG00000263069.6,RNF213-AS1,5.58497292574814,0.025914965492989,0.768784046422067,NA,0,Not significant
3523,1,ENSG00000171246.7,NPTX1,3.18312186300676,-0.114506671367307,0.096941234427249,NA,0,Not significant
3524,1,ENSG00000280351.2,ENSG00000280351,5.7484907538913,0.0210200434811862,0.810537935131191,NA,0,Not significant
3525,1,ENSG00000181409.14,AATK,3.36733653459001,-0.00126832454843232,0.982276381201934,NA,0,Not significant
3526,1,ENSG00000260005.6,ENSG00000260005,4.50010209198598,0.0138250095194988,0.859479777264159,NA,0,Not significant
3527,1,ENSG00000287431.1,RENO1,5.82644376727162,-0.0497334818022868,0.580137120036,NA,0,Not significant
3528,1,ENSG00000262223.10,LINC03048,1.50282810313743,-0.00678760008589455,0.895197801211604,NA,0,Not significant
3529,1,ENSG00000289913.1,ENSG00000289913,4.51530509005119,0.0175050153137098,0.822493715715063,NA,0,Not significant
3530,1,ENSG00000229848.1,ENSG00000229848,1.84288608148794,-0.0392628502207915,0.397677406698099,NA,0,Not significant
3531,1,ENSG00000186765.12,FSCN2,4.45555183762664,0.0446476995402977,0.543151933329913,NA,0,Not significant
3532,1,ENSG00000183048.12,SLC25A10,2.98610670282822,0.052521184463339,0.458378299411106,NA,0,Not significant
3533,1,ENSG00000263731.1,ENSG00000263731,1.87112851156612,-0.00177987278466738,0.961665656185073,NA,0,Not significant
3534,1,ENSG00000264769.1,ENSG00000264769,1.50675245139198,0.0391549241846007,0.427279523981101,NA,0,Not significant
3535,1,ENSG00000265688.2,MILIP,5.4995837128434,-0.0331771512919178,0.711139877969864,NA,0,Not significant
3536,1,ENSG00000265678.1,ENSG00000265678,2.55574296189729,-0.0470704488728983,0.462262310052235,NA,0,Not significant
3537,1,ENSG00000264548.1,ENSG00000264548,2.34228876953894,-0.031140656188919,0.575437298114515,NA,0,Not significant
3538,1,ENSG00000275888.1,ENSG00000275888,3.75215566744295,0.00429547320804394,0.957680396613719,NA,0,Not significant
3539,1,ENSG00000280407.3,ENSG00000280407,2.87456367186076,-0.00378417993283217,0.952982508342525,NA,0,Not significant
3540,1,ENSG00000173762.8,CD7,1.9950794612138,0.022274080735397,0.703778476634225,NA,0,Not significant
3541,1,ENSG00000279066.1,HEXD-IT1,1.39754517850466,0.00819974572924547,0.862330341512944,NA,0,Not significant
3542,1,ENSG00000265458.3,NARF-AS2,4.4848330847468,-0.0402439129583255,0.62269974339117,NA,0,Not significant
3543,1,ENSG00000279744.1,ENSG00000279744,1.88969066638107,0.0283418608144454,0.614929368917552,NA,0,Not significant
